tensor,component,shard,dtype,shape,bytes,logical_group,quant_format,bits_per_weight,in_features,out_features,small_m_dispatch
lm_head.mul1,output_head,model-00001-of-00002.safetensors,I32,,4,lm_head,exl3,4,,,
lm_head.suh,output_head,model-00001-of-00002.safetensors,F16,5120,10240,lm_head,exl3,4,,,
lm_head.svh,output_head,model-00001-of-00002.safetensors,F16,248320,496640,lm_head,exl3,4,,,
lm_head.trellis,output_head,model-00002-of-00002.safetensors,I16,320x15520x64,635699200,lm_head,exl3,4,5120,248320,hard-eligible; heuristic/SM-dependent
model.language_model.embed_tokens.weight,text,model-00001-of-00002.safetensors,BF16,248320x5120,2542796800,model.language_model.embed_tokens,,,,,
model.language_model.layers.0.input_layernorm.weight,text,model-00001-of-00002.safetensors,BF16,5120,10240,model.language_model.layers.0.input_layernorm,,,,,
model.language_model.layers.0.linear_attn.A_log,text,model-00001-of-00002.safetensors,BF16,48,96,,,,,,
model.language_model.layers.0.linear_attn.conv1d.weight,text,model-00001-of-00002.safetensors,BF16,10240x1x4,81920,,,,,,
model.language_model.layers.0.linear_attn.dt_bias,text,model-00001-of-00002.safetensors,BF16,48,96,,,,,,
model.language_model.layers.0.linear_attn.in_proj_a.weight,text,model-00001-of-00002.safetensors,F16,48x5120,491520,model.language_model.layers.0.linear_attn.in_proj_a,,,,,
model.language_model.layers.0.linear_attn.in_proj_b.weight,text,model-00001-of-00002.safetensors,F16,48x5120,491520,model.language_model.layers.0.linear_attn.in_proj_b,,,,,
model.language_model.layers.0.linear_attn.in_proj_qkv.mul1,text,model-00001-of-00002.safetensors,I32,,4,model.language_model.layers.0.linear_attn.in_proj_qkv,exl3,4,,,
model.language_model.layers.0.linear_attn.in_proj_qkv.suh,text,model-00001-of-00002.safetensors,F16,5120,10240,model.language_model.layers.0.linear_attn.in_proj_qkv,exl3,4,,,
model.language_model.layers.0.linear_attn.in_proj_qkv.svh,text,model-00001-of-00002.safetensors,F16,10240,20480,model.language_model.layers.0.linear_attn.in_proj_qkv,exl3,4,,,
model.language_model.layers.0.linear_attn.in_proj_qkv.trellis,text,model-00001-of-00002.safetensors,I16,320x640x64,26214400,model.language_model.layers.0.linear_attn.in_proj_qkv,exl3,4,5120,10240,hard-eligible; heuristic/SM-dependent
model.language_model.layers.0.linear_attn.in_proj_z.mul1,text,model-00001-of-00002.safetensors,I32,,4,model.language_model.layers.0.linear_attn.in_proj_z,exl3,4,,,
model.language_model.layers.0.linear_attn.in_proj_z.suh,text,model-00001-of-00002.safetensors,F16,5120,10240,model.language_model.layers.0.linear_attn.in_proj_z,exl3,4,,,
model.language_model.layers.0.linear_attn.in_proj_z.svh,text,model-00001-of-00002.safetensors,F16,6144,12288,model.language_model.layers.0.linear_attn.in_proj_z,exl3,4,,,
model.language_model.layers.0.linear_attn.in_proj_z.trellis,text,model-00001-of-00002.safetensors,I16,320x384x64,15728640,model.language_model.layers.0.linear_attn.in_proj_z,exl3,4,5120,6144,hard-eligible; heuristic/SM-dependent
model.language_model.layers.0.linear_attn.norm.weight,text,model-00001-of-00002.safetensors,BF16,128,256,model.language_model.layers.0.linear_attn.norm,,,,,
model.language_model.layers.0.linear_attn.out_proj.mul1,text,model-00001-of-00002.safetensors,I32,,4,model.language_model.layers.0.linear_attn.out_proj,exl3,4,,,
model.language_model.layers.0.linear_attn.out_proj.suh,text,model-00001-of-00002.safetensors,F16,6144,12288,model.language_model.layers.0.linear_attn.out_proj,exl3,4,,,
model.language_model.layers.0.linear_attn.out_proj.svh,text,model-00001-of-00002.safetensors,F16,5120,10240,model.language_model.layers.0.linear_attn.out_proj,exl3,4,,,
model.language_model.layers.0.linear_attn.out_proj.trellis,text,model-00001-of-00002.safetensors,I16,384x320x64,15728640,model.language_model.layers.0.linear_attn.out_proj,exl3,4,6144,5120,hard-eligible; heuristic/SM-dependent
model.language_model.layers.0.mlp.down_proj.mul1,text,model-00001-of-00002.safetensors,I32,,4,model.language_model.layers.0.mlp.down_proj,exl3,2,,,
model.language_model.layers.0.mlp.down_proj.suh,text,model-00001-of-00002.safetensors,F16,17408,34816,model.language_model.layers.0.mlp.down_proj,exl3,2,,,
model.language_model.layers.0.mlp.down_proj.svh,text,model-00001-of-00002.safetensors,F16,5120,10240,model.language_model.layers.0.mlp.down_proj,exl3,2,,,
model.language_model.layers.0.mlp.down_proj.trellis,text,model-00001-of-00002.safetensors,I16,1088x320x32,22282240,model.language_model.layers.0.mlp.down_proj,exl3,2,17408,5120,hard-eligible; heuristic/SM-dependent
model.language_model.layers.0.mlp.gate_proj.mul1,text,model-00001-of-00002.safetensors,I32,,4,model.language_model.layers.0.mlp.gate_proj,exl3,2,,,
model.language_model.layers.0.mlp.gate_proj.suh,text,model-00001-of-00002.safetensors,F16,5120,10240,model.language_model.layers.0.mlp.gate_proj,exl3,2,,,
model.language_model.layers.0.mlp.gate_proj.svh,text,model-00001-of-00002.safetensors,F16,17408,34816,model.language_model.layers.0.mlp.gate_proj,exl3,2,,,
model.language_model.layers.0.mlp.gate_proj.trellis,text,model-00001-of-00002.safetensors,I16,320x1088x32,22282240,model.language_model.layers.0.mlp.gate_proj,exl3,2,5120,17408,hard-eligible; heuristic/SM-dependent
model.language_model.layers.0.mlp.up_proj.mul1,text,model-00001-of-00002.safetensors,I32,,4,model.language_model.layers.0.mlp.up_proj,exl3,2,,,
model.language_model.layers.0.mlp.up_proj.suh,text,model-00001-of-00002.safetensors,F16,5120,10240,model.language_model.layers.0.mlp.up_proj,exl3,2,,,
model.language_model.layers.0.mlp.up_proj.svh,text,model-00001-of-00002.safetensors,F16,17408,34816,model.language_model.layers.0.mlp.up_proj,exl3,2,,,
model.language_model.layers.0.mlp.up_proj.trellis,text,model-00001-of-00002.safetensors,I16,320x1088x32,22282240,model.language_model.layers.0.mlp.up_proj,exl3,2,5120,17408,hard-eligible; heuristic/SM-dependent
model.language_model.layers.0.post_attention_layernorm.weight,text,model-00001-of-00002.safetensors,BF16,5120,10240,model.language_model.layers.0.post_attention_layernorm,,,,,
model.language_model.layers.1.input_layernorm.weight,text,model-00001-of-00002.safetensors,BF16,5120,10240,model.language_model.layers.1.input_layernorm,,,,,
model.language_model.layers.1.linear_attn.A_log,text,model-00001-of-00002.safetensors,BF16,48,96,,,,,,
model.language_model.layers.1.linear_attn.conv1d.weight,text,model-00001-of-00002.safetensors,BF16,10240x1x4,81920,,,,,,
model.language_model.layers.1.linear_attn.dt_bias,text,model-00001-of-00002.safetensors,BF16,48,96,,,,,,
model.language_model.layers.1.linear_attn.in_proj_a.weight,text,model-00001-of-00002.safetensors,F16,48x5120,491520,model.language_model.layers.1.linear_attn.in_proj_a,,,,,
model.language_model.layers.1.linear_attn.in_proj_b.weight,text,model-00001-of-00002.safetensors,F16,48x5120,491520,model.language_model.layers.1.linear_attn.in_proj_b,,,,,
model.language_model.layers.1.linear_attn.in_proj_qkv.mul1,text,model-00001-of-00002.safetensors,I32,,4,model.language_model.layers.1.linear_attn.in_proj_qkv,exl3,3,,,
model.language_model.layers.1.linear_attn.in_proj_qkv.suh,text,model-00001-of-00002.safetensors,F16,5120,10240,model.language_model.layers.1.linear_attn.in_proj_qkv,exl3,3,,,
model.language_model.layers.1.linear_attn.in_proj_qkv.svh,text,model-00001-of-00002.safetensors,F16,10240,20480,model.language_model.layers.1.linear_attn.in_proj_qkv,exl3,3,,,
model.language_model.layers.1.linear_attn.in_proj_qkv.trellis,text,model-00001-of-00002.safetensors,I16,320x640x48,19660800,model.language_model.layers.1.linear_attn.in_proj_qkv,exl3,3,5120,10240,hard-eligible; heuristic/SM-dependent
model.language_model.layers.1.linear_attn.in_proj_z.mul1,text,model-00001-of-00002.safetensors,I32,,4,model.language_model.layers.1.linear_attn.in_proj_z,exl3,3,,,
model.language_model.layers.1.linear_attn.in_proj_z.suh,text,model-00001-of-00002.safetensors,F16,5120,10240,model.language_model.layers.1.linear_attn.in_proj_z,exl3,3,,,
model.language_model.layers.1.linear_attn.in_proj_z.svh,text,model-00001-of-00002.safetensors,F16,6144,12288,model.language_model.layers.1.linear_attn.in_proj_z,exl3,3,,,
model.language_model.layers.1.linear_attn.in_proj_z.trellis,text,model-00001-of-00002.safetensors,I16,320x384x48,11796480,model.language_model.layers.1.linear_attn.in_proj_z,exl3,3,5120,6144,hard-eligible; heuristic/SM-dependent
model.language_model.layers.1.linear_attn.norm.weight,text,model-00001-of-00002.safetensors,BF16,128,256,model.language_model.layers.1.linear_attn.norm,,,,,
model.language_model.layers.1.linear_attn.out_proj.mul1,text,model-00001-of-00002.safetensors,I32,,4,model.language_model.layers.1.linear_attn.out_proj,exl3,4,,,
model.language_model.layers.1.linear_attn.out_proj.suh,text,model-00001-of-00002.safetensors,F16,6144,12288,model.language_model.layers.1.linear_attn.out_proj,exl3,4,,,
model.language_model.layers.1.linear_attn.out_proj.svh,text,model-00001-of-00002.safetensors,F16,5120,10240,model.language_model.layers.1.linear_attn.out_proj,exl3,4,,,
model.language_model.layers.1.linear_attn.out_proj.trellis,text,model-00001-of-00002.safetensors,I16,384x320x64,15728640,model.language_model.layers.1.linear_attn.out_proj,exl3,4,6144,5120,hard-eligible; heuristic/SM-dependent
model.language_model.layers.1.mlp.down_proj.mul1,text,model-00001-of-00002.safetensors,I32,,4,model.language_model.layers.1.mlp.down_proj,exl3,3,,,
model.language_model.layers.1.mlp.down_proj.suh,text,model-00001-of-00002.safetensors,F16,17408,34816,model.language_model.layers.1.mlp.down_proj,exl3,3,,,
model.language_model.layers.1.mlp.down_proj.svh,text,model-00001-of-00002.safetensors,F16,5120,10240,model.language_model.layers.1.mlp.down_proj,exl3,3,,,
model.language_model.layers.1.mlp.down_proj.trellis,text,model-00001-of-00002.safetensors,I16,1088x320x48,33423360,model.language_model.layers.1.mlp.down_proj,exl3,3,17408,5120,hard-eligible; heuristic/SM-dependent
model.language_model.layers.1.mlp.gate_proj.mul1,text,model-00001-of-00002.safetensors,I32,,4,model.language_model.layers.1.mlp.gate_proj,exl3,3,,,
model.language_model.layers.1.mlp.gate_proj.suh,text,model-00001-of-00002.safetensors,F16,5120,10240,model.language_model.layers.1.mlp.gate_proj,exl3,3,,,
model.language_model.layers.1.mlp.gate_proj.svh,text,model-00001-of-00002.safetensors,F16,17408,34816,model.language_model.layers.1.mlp.gate_proj,exl3,3,,,
model.language_model.layers.1.mlp.gate_proj.trellis,text,model-00001-of-00002.safetensors,I16,320x1088x48,33423360,model.language_model.layers.1.mlp.gate_proj,exl3,3,5120,17408,hard-eligible; heuristic/SM-dependent
model.language_model.layers.1.mlp.up_proj.mul1,text,model-00001-of-00002.safetensors,I32,,4,model.language_model.layers.1.mlp.up_proj,exl3,3,,,
model.language_model.layers.1.mlp.up_proj.suh,text,model-00001-of-00002.safetensors,F16,5120,10240,model.language_model.layers.1.mlp.up_proj,exl3,3,,,
model.language_model.layers.1.mlp.up_proj.svh,text,model-00001-of-00002.safetensors,F16,17408,34816,model.language_model.layers.1.mlp.up_proj,exl3,3,,,
model.language_model.layers.1.mlp.up_proj.trellis,text,model-00001-of-00002.safetensors,I16,320x1088x48,33423360,model.language_model.layers.1.mlp.up_proj,exl3,3,5120,17408,hard-eligible; heuristic/SM-dependent
model.language_model.layers.1.post_attention_layernorm.weight,text,model-00001-of-00002.safetensors,BF16,5120,10240,model.language_model.layers.1.post_attention_layernorm,,,,,
model.language_model.layers.10.input_layernorm.weight,text,model-00001-of-00002.safetensors,BF16,5120,10240,model.language_model.layers.10.input_layernorm,,,,,
model.language_model.layers.10.linear_attn.A_log,text,model-00001-of-00002.safetensors,BF16,48,96,,,,,,
model.language_model.layers.10.linear_attn.conv1d.weight,text,model-00001-of-00002.safetensors,BF16,10240x1x4,81920,,,,,,
model.language_model.layers.10.linear_attn.dt_bias,text,model-00001-of-00002.safetensors,BF16,48,96,,,,,,
model.language_model.layers.10.linear_attn.in_proj_a.weight,text,model-00001-of-00002.safetensors,F16,48x5120,491520,model.language_model.layers.10.linear_attn.in_proj_a,,,,,
model.language_model.layers.10.linear_attn.in_proj_b.weight,text,model-00001-of-00002.safetensors,F16,48x5120,491520,model.language_model.layers.10.linear_attn.in_proj_b,,,,,
model.language_model.layers.10.linear_attn.in_proj_qkv.mul1,text,model-00001-of-00002.safetensors,I32,,4,model.language_model.layers.10.linear_attn.in_proj_qkv,exl3,3,,,
model.language_model.layers.10.linear_attn.in_proj_qkv.suh,text,model-00001-of-00002.safetensors,F16,5120,10240,model.language_model.layers.10.linear_attn.in_proj_qkv,exl3,3,,,
model.language_model.layers.10.linear_attn.in_proj_qkv.svh,text,model-00001-of-00002.safetensors,F16,10240,20480,model.language_model.layers.10.linear_attn.in_proj_qkv,exl3,3,,,
model.language_model.layers.10.linear_attn.in_proj_qkv.trellis,text,model-00001-of-00002.safetensors,I16,320x640x48,19660800,model.language_model.layers.10.linear_attn.in_proj_qkv,exl3,3,5120,10240,hard-eligible; heuristic/SM-dependent
model.language_model.layers.10.linear_attn.in_proj_z.mul1,text,model-00001-of-00002.safetensors,I32,,4,model.language_model.layers.10.linear_attn.in_proj_z,exl3,3,,,
model.language_model.layers.10.linear_attn.in_proj_z.suh,text,model-00001-of-00002.safetensors,F16,5120,10240,model.language_model.layers.10.linear_attn.in_proj_z,exl3,3,,,
model.language_model.layers.10.linear_attn.in_proj_z.svh,text,model-00001-of-00002.safetensors,F16,6144,12288,model.language_model.layers.10.linear_attn.in_proj_z,exl3,3,,,
model.language_model.layers.10.linear_attn.in_proj_z.trellis,text,model-00001-of-00002.safetensors,I16,320x384x48,11796480,model.language_model.layers.10.linear_attn.in_proj_z,exl3,3,5120,6144,hard-eligible; heuristic/SM-dependent
model.language_model.layers.10.linear_attn.norm.weight,text,model-00001-of-00002.safetensors,BF16,128,256,model.language_model.layers.10.linear_attn.norm,,,,,
model.language_model.layers.10.linear_attn.out_proj.mul1,text,model-00001-of-00002.safetensors,I32,,4,model.language_model.layers.10.linear_attn.out_proj,exl3,3,,,
model.language_model.layers.10.linear_attn.out_proj.suh,text,model-00001-of-00002.safetensors,F16,6144,12288,model.language_model.layers.10.linear_attn.out_proj,exl3,3,,,
model.language_model.layers.10.linear_attn.out_proj.svh,text,model-00001-of-00002.safetensors,F16,5120,10240,model.language_model.layers.10.linear_attn.out_proj,exl3,3,,,
model.language_model.layers.10.linear_attn.out_proj.trellis,text,model-00001-of-00002.safetensors,I16,384x320x48,11796480,model.language_model.layers.10.linear_attn.out_proj,exl3,3,6144,5120,hard-eligible; heuristic/SM-dependent
model.language_model.layers.10.mlp.down_proj.mul1,text,model-00001-of-00002.safetensors,I32,,4,model.language_model.layers.10.mlp.down_proj,exl3,3,,,
model.language_model.layers.10.mlp.down_proj.suh,text,model-00001-of-00002.safetensors,F16,17408,34816,model.language_model.layers.10.mlp.down_proj,exl3,3,,,
model.language_model.layers.10.mlp.down_proj.svh,text,model-00001-of-00002.safetensors,F16,5120,10240,model.language_model.layers.10.mlp.down_proj,exl3,3,,,
model.language_model.layers.10.mlp.down_proj.trellis,text,model-00001-of-00002.safetensors,I16,1088x320x48,33423360,model.language_model.layers.10.mlp.down_proj,exl3,3,17408,5120,hard-eligible; heuristic/SM-dependent
model.language_model.layers.10.mlp.gate_proj.mul1,text,model-00001-of-00002.safetensors,I32,,4,model.language_model.layers.10.mlp.gate_proj,exl3,3,,,
model.language_model.layers.10.mlp.gate_proj.suh,text,model-00001-of-00002.safetensors,F16,5120,10240,model.language_model.layers.10.mlp.gate_proj,exl3,3,,,
model.language_model.layers.10.mlp.gate_proj.svh,text,model-00001-of-00002.safetensors,F16,17408,34816,model.language_model.layers.10.mlp.gate_proj,exl3,3,,,
model.language_model.layers.10.mlp.gate_proj.trellis,text,model-00001-of-00002.safetensors,I16,320x1088x48,33423360,model.language_model.layers.10.mlp.gate_proj,exl3,3,5120,17408,hard-eligible; heuristic/SM-dependent
model.language_model.layers.10.mlp.up_proj.mul1,text,model-00001-of-00002.safetensors,I32,,4,model.language_model.layers.10.mlp.up_proj,exl3,3,,,
model.language_model.layers.10.mlp.up_proj.suh,text,model-00001-of-00002.safetensors,F16,5120,10240,model.language_model.layers.10.mlp.up_proj,exl3,3,,,
model.language_model.layers.10.mlp.up_proj.svh,text,model-00001-of-00002.safetensors,F16,17408,34816,model.language_model.layers.10.mlp.up_proj,exl3,3,,,
model.language_model.layers.10.mlp.up_proj.trellis,text,model-00001-of-00002.safetensors,I16,320x1088x48,33423360,model.language_model.layers.10.mlp.up_proj,exl3,3,5120,17408,hard-eligible; heuristic/SM-dependent
model.language_model.layers.10.post_attention_layernorm.weight,text,model-00001-of-00002.safetensors,BF16,5120,10240,model.language_model.layers.10.post_attention_layernorm,,,,,
model.language_model.layers.11.input_layernorm.weight,text,model-00001-of-00002.safetensors,BF16,5120,10240,model.language_model.layers.11.input_layernorm,,,,,
model.language_model.layers.11.mlp.down_proj.mul1,text,model-00001-of-00002.safetensors,I32,,4,model.language_model.layers.11.mlp.down_proj,exl3,3,,,
model.language_model.layers.11.mlp.down_proj.suh,text,model-00001-of-00002.safetensors,F16,17408,34816,model.language_model.layers.11.mlp.down_proj,exl3,3,,,
model.language_model.layers.11.mlp.down_proj.svh,text,model-00001-of-00002.safetensors,F16,5120,10240,model.language_model.layers.11.mlp.down_proj,exl3,3,,,
model.language_model.layers.11.mlp.down_proj.trellis,text,model-00001-of-00002.safetensors,I16,1088x320x48,33423360,model.language_model.layers.11.mlp.down_proj,exl3,3,17408,5120,hard-eligible; heuristic/SM-dependent
model.language_model.layers.11.mlp.gate_proj.mul1,text,model-00001-of-00002.safetensors,I32,,4,model.language_model.layers.11.mlp.gate_proj,exl3,3,,,
model.language_model.layers.11.mlp.gate_proj.suh,text,model-00001-of-00002.safetensors,F16,5120,10240,model.language_model.layers.11.mlp.gate_proj,exl3,3,,,
model.language_model.layers.11.mlp.gate_proj.svh,text,model-00001-of-00002.safetensors,F16,17408,34816,model.language_model.layers.11.mlp.gate_proj,exl3,3,,,
model.language_model.layers.11.mlp.gate_proj.trellis,text,model-00001-of-00002.safetensors,I16,320x1088x48,33423360,model.language_model.layers.11.mlp.gate_proj,exl3,3,5120,17408,hard-eligible; heuristic/SM-dependent
model.language_model.layers.11.mlp.up_proj.mul1,text,model-00001-of-00002.safetensors,I32,,4,model.language_model.layers.11.mlp.up_proj,exl3,3,,,
model.language_model.layers.11.mlp.up_proj.suh,text,model-00001-of-00002.safetensors,F16,5120,10240,model.language_model.layers.11.mlp.up_proj,exl3,3,,,
model.language_model.layers.11.mlp.up_proj.svh,text,model-00001-of-00002.safetensors,F16,17408,34816,model.language_model.layers.11.mlp.up_proj,exl3,3,,,
model.language_model.layers.11.mlp.up_proj.trellis,text,model-00001-of-00002.safetensors,I16,320x1088x48,33423360,model.language_model.layers.11.mlp.up_proj,exl3,3,5120,17408,hard-eligible; heuristic/SM-dependent
model.language_model.layers.11.post_attention_layernorm.weight,text,model-00001-of-00002.safetensors,BF16,5120,10240,model.language_model.layers.11.post_attention_layernorm,,,,,
model.language_model.layers.11.self_attn.k_norm.weight,text,model-00001-of-00002.safetensors,BF16,256,512,model.language_model.layers.11.self_attn.k_norm,,,,,
model.language_model.layers.11.self_attn.k_proj.mul1,text,model-00001-of-00002.safetensors,I32,,4,model.language_model.layers.11.self_attn.k_proj,exl3,4,,,
model.language_model.layers.11.self_attn.k_proj.suh,text,model-00001-of-00002.safetensors,F16,5120,10240,model.language_model.layers.11.self_attn.k_proj,exl3,4,,,
model.language_model.layers.11.self_attn.k_proj.svh,text,model-00001-of-00002.safetensors,F16,1024,2048,model.language_model.layers.11.self_attn.k_proj,exl3,4,,,
model.language_model.layers.11.self_attn.k_proj.trellis,text,model-00001-of-00002.safetensors,I16,320x64x64,2621440,model.language_model.layers.11.self_attn.k_proj,exl3,4,5120,1024,hard-eligible; heuristic/SM-dependent
model.language_model.layers.11.self_attn.o_proj.mul1,text,model-00001-of-00002.safetensors,I32,,4,model.language_model.layers.11.self_attn.o_proj,exl3,3,,,
model.language_model.layers.11.self_attn.o_proj.suh,text,model-00001-of-00002.safetensors,F16,6144,12288,model.language_model.layers.11.self_attn.o_proj,exl3,3,,,
model.language_model.layers.11.self_attn.o_proj.svh,text,model-00001-of-00002.safetensors,F16,5120,10240,model.language_model.layers.11.self_attn.o_proj,exl3,3,,,
model.language_model.layers.11.self_attn.o_proj.trellis,text,model-00001-of-00002.safetensors,I16,384x320x48,11796480,model.language_model.layers.11.self_attn.o_proj,exl3,3,6144,5120,hard-eligible; heuristic/SM-dependent
model.language_model.layers.11.self_attn.q_norm.weight,text,model-00001-of-00002.safetensors,BF16,256,512,model.language_model.layers.11.self_attn.q_norm,,,,,
model.language_model.layers.11.self_attn.q_proj.mul1,text,model-00001-of-00002.safetensors,I32,,4,model.language_model.layers.11.self_attn.q_proj,exl3,3,,,
model.language_model.layers.11.self_attn.q_proj.suh,text,model-00001-of-00002.safetensors,F16,5120,10240,model.language_model.layers.11.self_attn.q_proj,exl3,3,,,
model.language_model.layers.11.self_attn.q_proj.svh,text,model-00001-of-00002.safetensors,F16,12288,24576,model.language_model.layers.11.self_attn.q_proj,exl3,3,,,
model.language_model.layers.11.self_attn.q_proj.trellis,text,model-00001-of-00002.safetensors,I16,320x768x48,23592960,model.language_model.layers.11.self_attn.q_proj,exl3,3,5120,12288,hard-eligible; heuristic/SM-dependent
model.language_model.layers.11.self_attn.v_proj.mul1,text,model-00001-of-00002.safetensors,I32,,4,model.language_model.layers.11.self_attn.v_proj,exl3,4,,,
model.language_model.layers.11.self_attn.v_proj.suh,text,model-00001-of-00002.safetensors,F16,5120,10240,model.language_model.layers.11.self_attn.v_proj,exl3,4,,,
model.language_model.layers.11.self_attn.v_proj.svh,text,model-00001-of-00002.safetensors,F16,1024,2048,model.language_model.layers.11.self_attn.v_proj,exl3,4,,,
model.language_model.layers.11.self_attn.v_proj.trellis,text,model-00001-of-00002.safetensors,I16,320x64x64,2621440,model.language_model.layers.11.self_attn.v_proj,exl3,4,5120,1024,hard-eligible; heuristic/SM-dependent
model.language_model.layers.12.input_layernorm.weight,text,model-00001-of-00002.safetensors,BF16,5120,10240,model.language_model.layers.12.input_layernorm,,,,,
model.language_model.layers.12.linear_attn.A_log,text,model-00001-of-00002.safetensors,BF16,48,96,,,,,,
model.language_model.layers.12.linear_attn.conv1d.weight,text,model-00001-of-00002.safetensors,BF16,10240x1x4,81920,,,,,,
model.language_model.layers.12.linear_attn.dt_bias,text,model-00001-of-00002.safetensors,BF16,48,96,,,,,,
model.language_model.layers.12.linear_attn.in_proj_a.weight,text,model-00001-of-00002.safetensors,F16,48x5120,491520,model.language_model.layers.12.linear_attn.in_proj_a,,,,,
model.language_model.layers.12.linear_attn.in_proj_b.weight,text,model-00001-of-00002.safetensors,F16,48x5120,491520,model.language_model.layers.12.linear_attn.in_proj_b,,,,,
model.language_model.layers.12.linear_attn.in_proj_qkv.mul1,text,model-00001-of-00002.safetensors,I32,,4,model.language_model.layers.12.linear_attn.in_proj_qkv,exl3,3,,,
model.language_model.layers.12.linear_attn.in_proj_qkv.suh,text,model-00001-of-00002.safetensors,F16,5120,10240,model.language_model.layers.12.linear_attn.in_proj_qkv,exl3,3,,,
model.language_model.layers.12.linear_attn.in_proj_qkv.svh,text,model-00001-of-00002.safetensors,F16,10240,20480,model.language_model.layers.12.linear_attn.in_proj_qkv,exl3,3,,,
model.language_model.layers.12.linear_attn.in_proj_qkv.trellis,text,model-00001-of-00002.safetensors,I16,320x640x48,19660800,model.language_model.layers.12.linear_attn.in_proj_qkv,exl3,3,5120,10240,hard-eligible; heuristic/SM-dependent
model.language_model.layers.12.linear_attn.in_proj_z.mul1,text,model-00001-of-00002.safetensors,I32,,4,model.language_model.layers.12.linear_attn.in_proj_z,exl3,3,,,
model.language_model.layers.12.linear_attn.in_proj_z.suh,text,model-00001-of-00002.safetensors,F16,5120,10240,model.language_model.layers.12.linear_attn.in_proj_z,exl3,3,,,
model.language_model.layers.12.linear_attn.in_proj_z.svh,text,model-00001-of-00002.safetensors,F16,6144,12288,model.language_model.layers.12.linear_attn.in_proj_z,exl3,3,,,
model.language_model.layers.12.linear_attn.in_proj_z.trellis,text,model-00001-of-00002.safetensors,I16,320x384x48,11796480,model.language_model.layers.12.linear_attn.in_proj_z,exl3,3,5120,6144,hard-eligible; heuristic/SM-dependent
model.language_model.layers.12.linear_attn.norm.weight,text,model-00001-of-00002.safetensors,BF16,128,256,model.language_model.layers.12.linear_attn.norm,,,,,
model.language_model.layers.12.linear_attn.out_proj.mul1,text,model-00001-of-00002.safetensors,I32,,4,model.language_model.layers.12.linear_attn.out_proj,exl3,3,,,
model.language_model.layers.12.linear_attn.out_proj.suh,text,model-00001-of-00002.safetensors,F16,6144,12288,model.language_model.layers.12.linear_attn.out_proj,exl3,3,,,
model.language_model.layers.12.linear_attn.out_proj.svh,text,model-00001-of-00002.safetensors,F16,5120,10240,model.language_model.layers.12.linear_attn.out_proj,exl3,3,,,
model.language_model.layers.12.linear_attn.out_proj.trellis,text,model-00001-of-00002.safetensors,I16,384x320x48,11796480,model.language_model.layers.12.linear_attn.out_proj,exl3,3,6144,5120,hard-eligible; heuristic/SM-dependent
model.language_model.layers.12.mlp.down_proj.mul1,text,model-00001-of-00002.safetensors,I32,,4,model.language_model.layers.12.mlp.down_proj,exl3,3,,,
model.language_model.layers.12.mlp.down_proj.suh,text,model-00001-of-00002.safetensors,F16,17408,34816,model.language_model.layers.12.mlp.down_proj,exl3,3,,,
model.language_model.layers.12.mlp.down_proj.svh,text,model-00001-of-00002.safetensors,F16,5120,10240,model.language_model.layers.12.mlp.down_proj,exl3,3,,,
model.language_model.layers.12.mlp.down_proj.trellis,text,model-00001-of-00002.safetensors,I16,1088x320x48,33423360,model.language_model.layers.12.mlp.down_proj,exl3,3,17408,5120,hard-eligible; heuristic/SM-dependent
model.language_model.layers.12.mlp.gate_proj.mul1,text,model-00001-of-00002.safetensors,I32,,4,model.language_model.layers.12.mlp.gate_proj,exl3,2,,,
model.language_model.layers.12.mlp.gate_proj.suh,text,model-00001-of-00002.safetensors,F16,5120,10240,model.language_model.layers.12.mlp.gate_proj,exl3,2,,,
model.language_model.layers.12.mlp.gate_proj.svh,text,model-00001-of-00002.safetensors,F16,17408,34816,model.language_model.layers.12.mlp.gate_proj,exl3,2,,,
model.language_model.layers.12.mlp.gate_proj.trellis,text,model-00001-of-00002.safetensors,I16,320x1088x32,22282240,model.language_model.layers.12.mlp.gate_proj,exl3,2,5120,17408,hard-eligible; heuristic/SM-dependent
model.language_model.layers.12.mlp.up_proj.mul1,text,model-00001-of-00002.safetensors,I32,,4,model.language_model.layers.12.mlp.up_proj,exl3,2,,,
model.language_model.layers.12.mlp.up_proj.suh,text,model-00001-of-00002.safetensors,F16,5120,10240,model.language_model.layers.12.mlp.up_proj,exl3,2,,,
model.language_model.layers.12.mlp.up_proj.svh,text,model-00001-of-00002.safetensors,F16,17408,34816,model.language_model.layers.12.mlp.up_proj,exl3,2,,,
model.language_model.layers.12.mlp.up_proj.trellis,text,model-00001-of-00002.safetensors,I16,320x1088x32,22282240,model.language_model.layers.12.mlp.up_proj,exl3,2,5120,17408,hard-eligible; heuristic/SM-dependent
model.language_model.layers.12.post_attention_layernorm.weight,text,model-00001-of-00002.safetensors,BF16,5120,10240,model.language_model.layers.12.post_attention_layernorm,,,,,
model.language_model.layers.13.input_layernorm.weight,text,model-00001-of-00002.safetensors,BF16,5120,10240,model.language_model.layers.13.input_layernorm,,,,,
model.language_model.layers.13.linear_attn.A_log,text,model-00001-of-00002.safetensors,BF16,48,96,,,,,,
model.language_model.layers.13.linear_attn.conv1d.weight,text,model-00001-of-00002.safetensors,BF16,10240x1x4,81920,,,,,,
model.language_model.layers.13.linear_attn.dt_bias,text,model-00001-of-00002.safetensors,BF16,48,96,,,,,,
model.language_model.layers.13.linear_attn.in_proj_a.weight,text,model-00001-of-00002.safetensors,F16,48x5120,491520,model.language_model.layers.13.linear_attn.in_proj_a,,,,,
model.language_model.layers.13.linear_attn.in_proj_b.weight,text,model-00001-of-00002.safetensors,F16,48x5120,491520,model.language_model.layers.13.linear_attn.in_proj_b,,,,,
model.language_model.layers.13.linear_attn.in_proj_qkv.mul1,text,model-00001-of-00002.safetensors,I32,,4,model.language_model.layers.13.linear_attn.in_proj_qkv,exl3,3,,,
model.language_model.layers.13.linear_attn.in_proj_qkv.suh,text,model-00001-of-00002.safetensors,F16,5120,10240,model.language_model.layers.13.linear_attn.in_proj_qkv,exl3,3,,,
model.language_model.layers.13.linear_attn.in_proj_qkv.svh,text,model-00001-of-00002.safetensors,F16,10240,20480,model.language_model.layers.13.linear_attn.in_proj_qkv,exl3,3,,,
model.language_model.layers.13.linear_attn.in_proj_qkv.trellis,text,model-00001-of-00002.safetensors,I16,320x640x48,19660800,model.language_model.layers.13.linear_attn.in_proj_qkv,exl3,3,5120,10240,hard-eligible; heuristic/SM-dependent
model.language_model.layers.13.linear_attn.in_proj_z.mul1,text,model-00001-of-00002.safetensors,I32,,4,model.language_model.layers.13.linear_attn.in_proj_z,exl3,3,,,
model.language_model.layers.13.linear_attn.in_proj_z.suh,text,model-00001-of-00002.safetensors,F16,5120,10240,model.language_model.layers.13.linear_attn.in_proj_z,exl3,3,,,
model.language_model.layers.13.linear_attn.in_proj_z.svh,text,model-00001-of-00002.safetensors,F16,6144,12288,model.language_model.layers.13.linear_attn.in_proj_z,exl3,3,,,
model.language_model.layers.13.linear_attn.in_proj_z.trellis,text,model-00001-of-00002.safetensors,I16,320x384x48,11796480,model.language_model.layers.13.linear_attn.in_proj_z,exl3,3,5120,6144,hard-eligible; heuristic/SM-dependent
model.language_model.layers.13.linear_attn.norm.weight,text,model-00001-of-00002.safetensors,BF16,128,256,model.language_model.layers.13.linear_attn.norm,,,,,
model.language_model.layers.13.linear_attn.out_proj.mul1,text,model-00001-of-00002.safetensors,I32,,4,model.language_model.layers.13.linear_attn.out_proj,exl3,4,,,
model.language_model.layers.13.linear_attn.out_proj.suh,text,model-00001-of-00002.safetensors,F16,6144,12288,model.language_model.layers.13.linear_attn.out_proj,exl3,4,,,
model.language_model.layers.13.linear_attn.out_proj.svh,text,model-00001-of-00002.safetensors,F16,5120,10240,model.language_model.layers.13.linear_attn.out_proj,exl3,4,,,
model.language_model.layers.13.linear_attn.out_proj.trellis,text,model-00001-of-00002.safetensors,I16,384x320x64,15728640,model.language_model.layers.13.linear_attn.out_proj,exl3,4,6144,5120,hard-eligible; heuristic/SM-dependent
model.language_model.layers.13.mlp.down_proj.mul1,text,model-00001-of-00002.safetensors,I32,,4,model.language_model.layers.13.mlp.down_proj,exl3,2,,,
model.language_model.layers.13.mlp.down_proj.suh,text,model-00001-of-00002.safetensors,F16,17408,34816,model.language_model.layers.13.mlp.down_proj,exl3,2,,,
model.language_model.layers.13.mlp.down_proj.svh,text,model-00001-of-00002.safetensors,F16,5120,10240,model.language_model.layers.13.mlp.down_proj,exl3,2,,,
model.language_model.layers.13.mlp.down_proj.trellis,text,model-00001-of-00002.safetensors,I16,1088x320x32,22282240,model.language_model.layers.13.mlp.down_proj,exl3,2,17408,5120,hard-eligible; heuristic/SM-dependent
model.language_model.layers.13.mlp.gate_proj.mul1,text,model-00001-of-00002.safetensors,I32,,4,model.language_model.layers.13.mlp.gate_proj,exl3,2,,,
model.language_model.layers.13.mlp.gate_proj.suh,text,model-00001-of-00002.safetensors,F16,5120,10240,model.language_model.layers.13.mlp.gate_proj,exl3,2,,,
model.language_model.layers.13.mlp.gate_proj.svh,text,model-00001-of-00002.safetensors,F16,17408,34816,model.language_model.layers.13.mlp.gate_proj,exl3,2,,,
model.language_model.layers.13.mlp.gate_proj.trellis,text,model-00001-of-00002.safetensors,I16,320x1088x32,22282240,model.language_model.layers.13.mlp.gate_proj,exl3,2,5120,17408,hard-eligible; heuristic/SM-dependent
model.language_model.layers.13.mlp.up_proj.mul1,text,model-00001-of-00002.safetensors,I32,,4,model.language_model.layers.13.mlp.up_proj,exl3,2,,,
model.language_model.layers.13.mlp.up_proj.suh,text,model-00001-of-00002.safetensors,F16,5120,10240,model.language_model.layers.13.mlp.up_proj,exl3,2,,,
model.language_model.layers.13.mlp.up_proj.svh,text,model-00001-of-00002.safetensors,F16,17408,34816,model.language_model.layers.13.mlp.up_proj,exl3,2,,,
model.language_model.layers.13.mlp.up_proj.trellis,text,model-00001-of-00002.safetensors,I16,320x1088x32,22282240,model.language_model.layers.13.mlp.up_proj,exl3,2,5120,17408,hard-eligible; heuristic/SM-dependent
model.language_model.layers.13.post_attention_layernorm.weight,text,model-00001-of-00002.safetensors,BF16,5120,10240,model.language_model.layers.13.post_attention_layernorm,,,,,
model.language_model.layers.14.input_layernorm.weight,text,model-00001-of-00002.safetensors,BF16,5120,10240,model.language_model.layers.14.input_layernorm,,,,,
model.language_model.layers.14.linear_attn.A_log,text,model-00001-of-00002.safetensors,BF16,48,96,,,,,,
model.language_model.layers.14.linear_attn.conv1d.weight,text,model-00001-of-00002.safetensors,BF16,10240x1x4,81920,,,,,,
model.language_model.layers.14.linear_attn.dt_bias,text,model-00001-of-00002.safetensors,BF16,48,96,,,,,,
model.language_model.layers.14.linear_attn.in_proj_a.weight,text,model-00001-of-00002.safetensors,F16,48x5120,491520,model.language_model.layers.14.linear_attn.in_proj_a,,,,,
model.language_model.layers.14.linear_attn.in_proj_b.weight,text,model-00001-of-00002.safetensors,F16,48x5120,491520,model.language_model.layers.14.linear_attn.in_proj_b,,,,,
model.language_model.layers.14.linear_attn.in_proj_qkv.mul1,text,model-00001-of-00002.safetensors,I32,,4,model.language_model.layers.14.linear_attn.in_proj_qkv,exl3,3,,,
model.language_model.layers.14.linear_attn.in_proj_qkv.suh,text,model-00001-of-00002.safetensors,F16,5120,10240,model.language_model.layers.14.linear_attn.in_proj_qkv,exl3,3,,,
model.language_model.layers.14.linear_attn.in_proj_qkv.svh,text,model-00001-of-00002.safetensors,F16,10240,20480,model.language_model.layers.14.linear_attn.in_proj_qkv,exl3,3,,,
model.language_model.layers.14.linear_attn.in_proj_qkv.trellis,text,model-00001-of-00002.safetensors,I16,320x640x48,19660800,model.language_model.layers.14.linear_attn.in_proj_qkv,exl3,3,5120,10240,hard-eligible; heuristic/SM-dependent
model.language_model.layers.14.linear_attn.in_proj_z.mul1,text,model-00001-of-00002.safetensors,I32,,4,model.language_model.layers.14.linear_attn.in_proj_z,exl3,3,,,
model.language_model.layers.14.linear_attn.in_proj_z.suh,text,model-00001-of-00002.safetensors,F16,5120,10240,model.language_model.layers.14.linear_attn.in_proj_z,exl3,3,,,
model.language_model.layers.14.linear_attn.in_proj_z.svh,text,model-00001-of-00002.safetensors,F16,6144,12288,model.language_model.layers.14.linear_attn.in_proj_z,exl3,3,,,
model.language_model.layers.14.linear_attn.in_proj_z.trellis,text,model-00001-of-00002.safetensors,I16,320x384x48,11796480,model.language_model.layers.14.linear_attn.in_proj_z,exl3,3,5120,6144,hard-eligible; heuristic/SM-dependent
model.language_model.layers.14.linear_attn.norm.weight,text,model-00001-of-00002.safetensors,BF16,128,256,model.language_model.layers.14.linear_attn.norm,,,,,
model.language_model.layers.14.linear_attn.out_proj.mul1,text,model-00001-of-00002.safetensors,I32,,4,model.language_model.layers.14.linear_attn.out_proj,exl3,3,,,
model.language_model.layers.14.linear_attn.out_proj.suh,text,model-00001-of-00002.safetensors,F16,6144,12288,model.language_model.layers.14.linear_attn.out_proj,exl3,3,,,
model.language_model.layers.14.linear_attn.out_proj.svh,text,model-00001-of-00002.safetensors,F16,5120,10240,model.language_model.layers.14.linear_attn.out_proj,exl3,3,,,
model.language_model.layers.14.linear_attn.out_proj.trellis,text,model-00001-of-00002.safetensors,I16,384x320x48,11796480,model.language_model.layers.14.linear_attn.out_proj,exl3,3,6144,5120,hard-eligible; heuristic/SM-dependent
model.language_model.layers.14.mlp.down_proj.mul1,text,model-00001-of-00002.safetensors,I32,,4,model.language_model.layers.14.mlp.down_proj,exl3,3,,,
model.language_model.layers.14.mlp.down_proj.suh,text,model-00001-of-00002.safetensors,F16,17408,34816,model.language_model.layers.14.mlp.down_proj,exl3,3,,,
model.language_model.layers.14.mlp.down_proj.svh,text,model-00001-of-00002.safetensors,F16,5120,10240,model.language_model.layers.14.mlp.down_proj,exl3,3,,,
model.language_model.layers.14.mlp.down_proj.trellis,text,model-00001-of-00002.safetensors,I16,1088x320x48,33423360,model.language_model.layers.14.mlp.down_proj,exl3,3,17408,5120,hard-eligible; heuristic/SM-dependent
model.language_model.layers.14.mlp.gate_proj.mul1,text,model-00001-of-00002.safetensors,I32,,4,model.language_model.layers.14.mlp.gate_proj,exl3,2,,,
model.language_model.layers.14.mlp.gate_proj.suh,text,model-00001-of-00002.safetensors,F16,5120,10240,model.language_model.layers.14.mlp.gate_proj,exl3,2,,,
model.language_model.layers.14.mlp.gate_proj.svh,text,model-00001-of-00002.safetensors,F16,17408,34816,model.language_model.layers.14.mlp.gate_proj,exl3,2,,,
model.language_model.layers.14.mlp.gate_proj.trellis,text,model-00001-of-00002.safetensors,I16,320x1088x32,22282240,model.language_model.layers.14.mlp.gate_proj,exl3,2,5120,17408,hard-eligible; heuristic/SM-dependent
model.language_model.layers.14.mlp.up_proj.mul1,text,model-00001-of-00002.safetensors,I32,,4,model.language_model.layers.14.mlp.up_proj,exl3,2,,,
model.language_model.layers.14.mlp.up_proj.suh,text,model-00001-of-00002.safetensors,F16,5120,10240,model.language_model.layers.14.mlp.up_proj,exl3,2,,,
model.language_model.layers.14.mlp.up_proj.svh,text,model-00001-of-00002.safetensors,F16,17408,34816,model.language_model.layers.14.mlp.up_proj,exl3,2,,,
model.language_model.layers.14.mlp.up_proj.trellis,text,model-00001-of-00002.safetensors,I16,320x1088x32,22282240,model.language_model.layers.14.mlp.up_proj,exl3,2,5120,17408,hard-eligible; heuristic/SM-dependent
model.language_model.layers.14.post_attention_layernorm.weight,text,model-00001-of-00002.safetensors,BF16,5120,10240,model.language_model.layers.14.post_attention_layernorm,,,,,
model.language_model.layers.15.input_layernorm.weight,text,model-00001-of-00002.safetensors,BF16,5120,10240,model.language_model.layers.15.input_layernorm,,,,,
model.language_model.layers.15.mlp.down_proj.mul1,text,model-00001-of-00002.safetensors,I32,,4,model.language_model.layers.15.mlp.down_proj,exl3,2,,,
model.language_model.layers.15.mlp.down_proj.suh,text,model-00001-of-00002.safetensors,F16,17408,34816,model.language_model.layers.15.mlp.down_proj,exl3,2,,,
model.language_model.layers.15.mlp.down_proj.svh,text,model-00001-of-00002.safetensors,F16,5120,10240,model.language_model.layers.15.mlp.down_proj,exl3,2,,,
model.language_model.layers.15.mlp.down_proj.trellis,text,model-00001-of-00002.safetensors,I16,1088x320x32,22282240,model.language_model.layers.15.mlp.down_proj,exl3,2,17408,5120,hard-eligible; heuristic/SM-dependent
model.language_model.layers.15.mlp.gate_proj.mul1,text,model-00001-of-00002.safetensors,I32,,4,model.language_model.layers.15.mlp.gate_proj,exl3,3,,,
model.language_model.layers.15.mlp.gate_proj.suh,text,model-00001-of-00002.safetensors,F16,5120,10240,model.language_model.layers.15.mlp.gate_proj,exl3,3,,,
model.language_model.layers.15.mlp.gate_proj.svh,text,model-00001-of-00002.safetensors,F16,17408,34816,model.language_model.layers.15.mlp.gate_proj,exl3,3,,,
model.language_model.layers.15.mlp.gate_proj.trellis,text,model-00001-of-00002.safetensors,I16,320x1088x48,33423360,model.language_model.layers.15.mlp.gate_proj,exl3,3,5120,17408,hard-eligible; heuristic/SM-dependent
model.language_model.layers.15.mlp.up_proj.mul1,text,model-00001-of-00002.safetensors,I32,,4,model.language_model.layers.15.mlp.up_proj,exl3,3,,,
model.language_model.layers.15.mlp.up_proj.suh,text,model-00001-of-00002.safetensors,F16,5120,10240,model.language_model.layers.15.mlp.up_proj,exl3,3,,,
model.language_model.layers.15.mlp.up_proj.svh,text,model-00001-of-00002.safetensors,F16,17408,34816,model.language_model.layers.15.mlp.up_proj,exl3,3,,,
model.language_model.layers.15.mlp.up_proj.trellis,text,model-00001-of-00002.safetensors,I16,320x1088x48,33423360,model.language_model.layers.15.mlp.up_proj,exl3,3,5120,17408,hard-eligible; heuristic/SM-dependent
model.language_model.layers.15.post_attention_layernorm.weight,text,model-00001-of-00002.safetensors,BF16,5120,10240,model.language_model.layers.15.post_attention_layernorm,,,,,
model.language_model.layers.15.self_attn.k_norm.weight,text,model-00001-of-00002.safetensors,BF16,256,512,model.language_model.layers.15.self_attn.k_norm,,,,,
model.language_model.layers.15.self_attn.k_proj.mul1,text,model-00001-of-00002.safetensors,I32,,4,model.language_model.layers.15.self_attn.k_proj,exl3,5,,,
model.language_model.layers.15.self_attn.k_proj.suh,text,model-00001-of-00002.safetensors,F16,5120,10240,model.language_model.layers.15.self_attn.k_proj,exl3,5,,,
model.language_model.layers.15.self_attn.k_proj.svh,text,model-00001-of-00002.safetensors,F16,1024,2048,model.language_model.layers.15.self_attn.k_proj,exl3,5,,,
model.language_model.layers.15.self_attn.k_proj.trellis,text,model-00001-of-00002.safetensors,I16,320x64x80,3276800,model.language_model.layers.15.self_attn.k_proj,exl3,5,5120,1024,general GEMM
model.language_model.layers.15.self_attn.o_proj.mul1,text,model-00001-of-00002.safetensors,I32,,4,model.language_model.layers.15.self_attn.o_proj,exl3,3,,,
model.language_model.layers.15.self_attn.o_proj.suh,text,model-00001-of-00002.safetensors,F16,6144,12288,model.language_model.layers.15.self_attn.o_proj,exl3,3,,,
model.language_model.layers.15.self_attn.o_proj.svh,text,model-00001-of-00002.safetensors,F16,5120,10240,model.language_model.layers.15.self_attn.o_proj,exl3,3,,,
model.language_model.layers.15.self_attn.o_proj.trellis,text,model-00001-of-00002.safetensors,I16,384x320x48,11796480,model.language_model.layers.15.self_attn.o_proj,exl3,3,6144,5120,hard-eligible; heuristic/SM-dependent
model.language_model.layers.15.self_attn.q_norm.weight,text,model-00001-of-00002.safetensors,BF16,256,512,model.language_model.layers.15.self_attn.q_norm,,,,,
model.language_model.layers.15.self_attn.q_proj.mul1,text,model-00001-of-00002.safetensors,I32,,4,model.language_model.layers.15.self_attn.q_proj,exl3,2,,,
model.language_model.layers.15.self_attn.q_proj.suh,text,model-00001-of-00002.safetensors,F16,5120,10240,model.language_model.layers.15.self_attn.q_proj,exl3,2,,,
model.language_model.layers.15.self_attn.q_proj.svh,text,model-00001-of-00002.safetensors,F16,12288,24576,model.language_model.layers.15.self_attn.q_proj,exl3,2,,,
model.language_model.layers.15.self_attn.q_proj.trellis,text,model-00001-of-00002.safetensors,I16,320x768x32,15728640,model.language_model.layers.15.self_attn.q_proj,exl3,2,5120,12288,hard-eligible; heuristic/SM-dependent
model.language_model.layers.15.self_attn.v_proj.mul1,text,model-00001-of-00002.safetensors,I32,,4,model.language_model.layers.15.self_attn.v_proj,exl3,5,,,
model.language_model.layers.15.self_attn.v_proj.suh,text,model-00001-of-00002.safetensors,F16,5120,10240,model.language_model.layers.15.self_attn.v_proj,exl3,5,,,
model.language_model.layers.15.self_attn.v_proj.svh,text,model-00001-of-00002.safetensors,F16,1024,2048,model.language_model.layers.15.self_attn.v_proj,exl3,5,,,
model.language_model.layers.15.self_attn.v_proj.trellis,text,model-00001-of-00002.safetensors,I16,320x64x80,3276800,model.language_model.layers.15.self_attn.v_proj,exl3,5,5120,1024,general GEMM
model.language_model.layers.16.input_layernorm.weight,text,model-00001-of-00002.safetensors,BF16,5120,10240,model.language_model.layers.16.input_layernorm,,,,,
model.language_model.layers.16.linear_attn.A_log,text,model-00001-of-00002.safetensors,BF16,48,96,,,,,,
model.language_model.layers.16.linear_attn.conv1d.weight,text,model-00001-of-00002.safetensors,BF16,10240x1x4,81920,,,,,,
model.language_model.layers.16.linear_attn.dt_bias,text,model-00001-of-00002.safetensors,BF16,48,96,,,,,,
model.language_model.layers.16.linear_attn.in_proj_a.weight,text,model-00001-of-00002.safetensors,F16,48x5120,491520,model.language_model.layers.16.linear_attn.in_proj_a,,,,,
model.language_model.layers.16.linear_attn.in_proj_b.weight,text,model-00001-of-00002.safetensors,F16,48x5120,491520,model.language_model.layers.16.linear_attn.in_proj_b,,,,,
model.language_model.layers.16.linear_attn.in_proj_qkv.mul1,text,model-00001-of-00002.safetensors,I32,,4,model.language_model.layers.16.linear_attn.in_proj_qkv,exl3,3,,,
model.language_model.layers.16.linear_attn.in_proj_qkv.suh,text,model-00001-of-00002.safetensors,F16,5120,10240,model.language_model.layers.16.linear_attn.in_proj_qkv,exl3,3,,,
model.language_model.layers.16.linear_attn.in_proj_qkv.svh,text,model-00001-of-00002.safetensors,F16,10240,20480,model.language_model.layers.16.linear_attn.in_proj_qkv,exl3,3,,,
model.language_model.layers.16.linear_attn.in_proj_qkv.trellis,text,model-00001-of-00002.safetensors,I16,320x640x48,19660800,model.language_model.layers.16.linear_attn.in_proj_qkv,exl3,3,5120,10240,hard-eligible; heuristic/SM-dependent
model.language_model.layers.16.linear_attn.in_proj_z.mul1,text,model-00001-of-00002.safetensors,I32,,4,model.language_model.layers.16.linear_attn.in_proj_z,exl3,3,,,
model.language_model.layers.16.linear_attn.in_proj_z.suh,text,model-00001-of-00002.safetensors,F16,5120,10240,model.language_model.layers.16.linear_attn.in_proj_z,exl3,3,,,
model.language_model.layers.16.linear_attn.in_proj_z.svh,text,model-00001-of-00002.safetensors,F16,6144,12288,model.language_model.layers.16.linear_attn.in_proj_z,exl3,3,,,
model.language_model.layers.16.linear_attn.in_proj_z.trellis,text,model-00001-of-00002.safetensors,I16,320x384x48,11796480,model.language_model.layers.16.linear_attn.in_proj_z,exl3,3,5120,6144,hard-eligible; heuristic/SM-dependent
model.language_model.layers.16.linear_attn.norm.weight,text,model-00001-of-00002.safetensors,BF16,128,256,model.language_model.layers.16.linear_attn.norm,,,,,
model.language_model.layers.16.linear_attn.out_proj.mul1,text,model-00001-of-00002.safetensors,I32,,4,model.language_model.layers.16.linear_attn.out_proj,exl3,3,,,
model.language_model.layers.16.linear_attn.out_proj.suh,text,model-00001-of-00002.safetensors,F16,6144,12288,model.language_model.layers.16.linear_attn.out_proj,exl3,3,,,
model.language_model.layers.16.linear_attn.out_proj.svh,text,model-00001-of-00002.safetensors,F16,5120,10240,model.language_model.layers.16.linear_attn.out_proj,exl3,3,,,
model.language_model.layers.16.linear_attn.out_proj.trellis,text,model-00001-of-00002.safetensors,I16,384x320x48,11796480,model.language_model.layers.16.linear_attn.out_proj,exl3,3,6144,5120,hard-eligible; heuristic/SM-dependent
model.language_model.layers.16.mlp.down_proj.mul1,text,model-00001-of-00002.safetensors,I32,,4,model.language_model.layers.16.mlp.down_proj,exl3,3,,,
model.language_model.layers.16.mlp.down_proj.suh,text,model-00001-of-00002.safetensors,F16,17408,34816,model.language_model.layers.16.mlp.down_proj,exl3,3,,,
model.language_model.layers.16.mlp.down_proj.svh,text,model-00001-of-00002.safetensors,F16,5120,10240,model.language_model.layers.16.mlp.down_proj,exl3,3,,,
model.language_model.layers.16.mlp.down_proj.trellis,text,model-00001-of-00002.safetensors,I16,1088x320x48,33423360,model.language_model.layers.16.mlp.down_proj,exl3,3,17408,5120,hard-eligible; heuristic/SM-dependent
model.language_model.layers.16.mlp.gate_proj.mul1,text,model-00001-of-00002.safetensors,I32,,4,model.language_model.layers.16.mlp.gate_proj,exl3,2,,,
model.language_model.layers.16.mlp.gate_proj.suh,text,model-00001-of-00002.safetensors,F16,5120,10240,model.language_model.layers.16.mlp.gate_proj,exl3,2,,,
model.language_model.layers.16.mlp.gate_proj.svh,text,model-00001-of-00002.safetensors,F16,17408,34816,model.language_model.layers.16.mlp.gate_proj,exl3,2,,,
model.language_model.layers.16.mlp.gate_proj.trellis,text,model-00001-of-00002.safetensors,I16,320x1088x32,22282240,model.language_model.layers.16.mlp.gate_proj,exl3,2,5120,17408,hard-eligible; heuristic/SM-dependent
model.language_model.layers.16.mlp.up_proj.mul1,text,model-00001-of-00002.safetensors,I32,,4,model.language_model.layers.16.mlp.up_proj,exl3,2,,,
model.language_model.layers.16.mlp.up_proj.suh,text,model-00001-of-00002.safetensors,F16,5120,10240,model.language_model.layers.16.mlp.up_proj,exl3,2,,,
model.language_model.layers.16.mlp.up_proj.svh,text,model-00001-of-00002.safetensors,F16,17408,34816,model.language_model.layers.16.mlp.up_proj,exl3,2,,,
model.language_model.layers.16.mlp.up_proj.trellis,text,model-00001-of-00002.safetensors,I16,320x1088x32,22282240,model.language_model.layers.16.mlp.up_proj,exl3,2,5120,17408,hard-eligible; heuristic/SM-dependent
model.language_model.layers.16.post_attention_layernorm.weight,text,model-00001-of-00002.safetensors,BF16,5120,10240,model.language_model.layers.16.post_attention_layernorm,,,,,
model.language_model.layers.17.input_layernorm.weight,text,model-00001-of-00002.safetensors,BF16,5120,10240,model.language_model.layers.17.input_layernorm,,,,,
model.language_model.layers.17.linear_attn.A_log,text,model-00001-of-00002.safetensors,BF16,48,96,,,,,,
model.language_model.layers.17.linear_attn.conv1d.weight,text,model-00001-of-00002.safetensors,BF16,10240x1x4,81920,,,,,,
model.language_model.layers.17.linear_attn.dt_bias,text,model-00001-of-00002.safetensors,BF16,48,96,,,,,,
model.language_model.layers.17.linear_attn.in_proj_a.weight,text,model-00001-of-00002.safetensors,F16,48x5120,491520,model.language_model.layers.17.linear_attn.in_proj_a,,,,,
model.language_model.layers.17.linear_attn.in_proj_b.weight,text,model-00001-of-00002.safetensors,F16,48x5120,491520,model.language_model.layers.17.linear_attn.in_proj_b,,,,,
model.language_model.layers.17.linear_attn.in_proj_qkv.mul1,text,model-00001-of-00002.safetensors,I32,,4,model.language_model.layers.17.linear_attn.in_proj_qkv,exl3,3,,,
model.language_model.layers.17.linear_attn.in_proj_qkv.suh,text,model-00001-of-00002.safetensors,F16,5120,10240,model.language_model.layers.17.linear_attn.in_proj_qkv,exl3,3,,,
model.language_model.layers.17.linear_attn.in_proj_qkv.svh,text,model-00001-of-00002.safetensors,F16,10240,20480,model.language_model.layers.17.linear_attn.in_proj_qkv,exl3,3,,,
model.language_model.layers.17.linear_attn.in_proj_qkv.trellis,text,model-00001-of-00002.safetensors,I16,320x640x48,19660800,model.language_model.layers.17.linear_attn.in_proj_qkv,exl3,3,5120,10240,hard-eligible; heuristic/SM-dependent
model.language_model.layers.17.linear_attn.in_proj_z.mul1,text,model-00001-of-00002.safetensors,I32,,4,model.language_model.layers.17.linear_attn.in_proj_z,exl3,3,,,
model.language_model.layers.17.linear_attn.in_proj_z.suh,text,model-00001-of-00002.safetensors,F16,5120,10240,model.language_model.layers.17.linear_attn.in_proj_z,exl3,3,,,
model.language_model.layers.17.linear_attn.in_proj_z.svh,text,model-00001-of-00002.safetensors,F16,6144,12288,model.language_model.layers.17.linear_attn.in_proj_z,exl3,3,,,
model.language_model.layers.17.linear_attn.in_proj_z.trellis,text,model-00001-of-00002.safetensors,I16,320x384x48,11796480,model.language_model.layers.17.linear_attn.in_proj_z,exl3,3,5120,6144,hard-eligible; heuristic/SM-dependent
model.language_model.layers.17.linear_attn.norm.weight,text,model-00001-of-00002.safetensors,BF16,128,256,model.language_model.layers.17.linear_attn.norm,,,,,
model.language_model.layers.17.linear_attn.out_proj.mul1,text,model-00001-of-00002.safetensors,I32,,4,model.language_model.layers.17.linear_attn.out_proj,exl3,3,,,
model.language_model.layers.17.linear_attn.out_proj.suh,text,model-00001-of-00002.safetensors,F16,6144,12288,model.language_model.layers.17.linear_attn.out_proj,exl3,3,,,
model.language_model.layers.17.linear_attn.out_proj.svh,text,model-00001-of-00002.safetensors,F16,5120,10240,model.language_model.layers.17.linear_attn.out_proj,exl3,3,,,
model.language_model.layers.17.linear_attn.out_proj.trellis,text,model-00001-of-00002.safetensors,I16,384x320x48,11796480,model.language_model.layers.17.linear_attn.out_proj,exl3,3,6144,5120,hard-eligible; heuristic/SM-dependent
model.language_model.layers.17.mlp.down_proj.mul1,text,model-00001-of-00002.safetensors,I32,,4,model.language_model.layers.17.mlp.down_proj,exl3,3,,,
model.language_model.layers.17.mlp.down_proj.suh,text,model-00001-of-00002.safetensors,F16,17408,34816,model.language_model.layers.17.mlp.down_proj,exl3,3,,,
model.language_model.layers.17.mlp.down_proj.svh,text,model-00001-of-00002.safetensors,F16,5120,10240,model.language_model.layers.17.mlp.down_proj,exl3,3,,,
model.language_model.layers.17.mlp.down_proj.trellis,text,model-00001-of-00002.safetensors,I16,1088x320x48,33423360,model.language_model.layers.17.mlp.down_proj,exl3,3,17408,5120,hard-eligible; heuristic/SM-dependent
model.language_model.layers.17.mlp.gate_proj.mul1,text,model-00001-of-00002.safetensors,I32,,4,model.language_model.layers.17.mlp.gate_proj,exl3,3,,,
model.language_model.layers.17.mlp.gate_proj.suh,text,model-00001-of-00002.safetensors,F16,5120,10240,model.language_model.layers.17.mlp.gate_proj,exl3,3,,,
model.language_model.layers.17.mlp.gate_proj.svh,text,model-00001-of-00002.safetensors,F16,17408,34816,model.language_model.layers.17.mlp.gate_proj,exl3,3,,,
model.language_model.layers.17.mlp.gate_proj.trellis,text,model-00001-of-00002.safetensors,I16,320x1088x48,33423360,model.language_model.layers.17.mlp.gate_proj,exl3,3,5120,17408,hard-eligible; heuristic/SM-dependent
model.language_model.layers.17.mlp.up_proj.mul1,text,model-00001-of-00002.safetensors,I32,,4,model.language_model.layers.17.mlp.up_proj,exl3,3,,,
model.language_model.layers.17.mlp.up_proj.suh,text,model-00001-of-00002.safetensors,F16,5120,10240,model.language_model.layers.17.mlp.up_proj,exl3,3,,,
model.language_model.layers.17.mlp.up_proj.svh,text,model-00001-of-00002.safetensors,F16,17408,34816,model.language_model.layers.17.mlp.up_proj,exl3,3,,,
model.language_model.layers.17.mlp.up_proj.trellis,text,model-00001-of-00002.safetensors,I16,320x1088x48,33423360,model.language_model.layers.17.mlp.up_proj,exl3,3,5120,17408,hard-eligible; heuristic/SM-dependent
model.language_model.layers.17.post_attention_layernorm.weight,text,model-00001-of-00002.safetensors,BF16,5120,10240,model.language_model.layers.17.post_attention_layernorm,,,,,
model.language_model.layers.18.input_layernorm.weight,text,model-00001-of-00002.safetensors,BF16,5120,10240,model.language_model.layers.18.input_layernorm,,,,,
model.language_model.layers.18.linear_attn.A_log,text,model-00001-of-00002.safetensors,BF16,48,96,,,,,,
model.language_model.layers.18.linear_attn.conv1d.weight,text,model-00001-of-00002.safetensors,BF16,10240x1x4,81920,,,,,,
model.language_model.layers.18.linear_attn.dt_bias,text,model-00001-of-00002.safetensors,BF16,48,96,,,,,,
model.language_model.layers.18.linear_attn.in_proj_a.weight,text,model-00001-of-00002.safetensors,F16,48x5120,491520,model.language_model.layers.18.linear_attn.in_proj_a,,,,,
model.language_model.layers.18.linear_attn.in_proj_b.weight,text,model-00001-of-00002.safetensors,F16,48x5120,491520,model.language_model.layers.18.linear_attn.in_proj_b,,,,,
model.language_model.layers.18.linear_attn.in_proj_qkv.mul1,text,model-00001-of-00002.safetensors,I32,,4,model.language_model.layers.18.linear_attn.in_proj_qkv,exl3,3,,,
model.language_model.layers.18.linear_attn.in_proj_qkv.suh,text,model-00001-of-00002.safetensors,F16,5120,10240,model.language_model.layers.18.linear_attn.in_proj_qkv,exl3,3,,,
model.language_model.layers.18.linear_attn.in_proj_qkv.svh,text,model-00001-of-00002.safetensors,F16,10240,20480,model.language_model.layers.18.linear_attn.in_proj_qkv,exl3,3,,,
model.language_model.layers.18.linear_attn.in_proj_qkv.trellis,text,model-00001-of-00002.safetensors,I16,320x640x48,19660800,model.language_model.layers.18.linear_attn.in_proj_qkv,exl3,3,5120,10240,hard-eligible; heuristic/SM-dependent
model.language_model.layers.18.linear_attn.in_proj_z.mul1,text,model-00001-of-00002.safetensors,I32,,4,model.language_model.layers.18.linear_attn.in_proj_z,exl3,3,,,
model.language_model.layers.18.linear_attn.in_proj_z.suh,text,model-00001-of-00002.safetensors,F16,5120,10240,model.language_model.layers.18.linear_attn.in_proj_z,exl3,3,,,
model.language_model.layers.18.linear_attn.in_proj_z.svh,text,model-00001-of-00002.safetensors,F16,6144,12288,model.language_model.layers.18.linear_attn.in_proj_z,exl3,3,,,
model.language_model.layers.18.linear_attn.in_proj_z.trellis,text,model-00001-of-00002.safetensors,I16,320x384x48,11796480,model.language_model.layers.18.linear_attn.in_proj_z,exl3,3,5120,6144,hard-eligible; heuristic/SM-dependent
model.language_model.layers.18.linear_attn.norm.weight,text,model-00001-of-00002.safetensors,BF16,128,256,model.language_model.layers.18.linear_attn.norm,,,,,
model.language_model.layers.18.linear_attn.out_proj.mul1,text,model-00001-of-00002.safetensors,I32,,4,model.language_model.layers.18.linear_attn.out_proj,exl3,3,,,
model.language_model.layers.18.linear_attn.out_proj.suh,text,model-00001-of-00002.safetensors,F16,6144,12288,model.language_model.layers.18.linear_attn.out_proj,exl3,3,,,
model.language_model.layers.18.linear_attn.out_proj.svh,text,model-00001-of-00002.safetensors,F16,5120,10240,model.language_model.layers.18.linear_attn.out_proj,exl3,3,,,
model.language_model.layers.18.linear_attn.out_proj.trellis,text,model-00001-of-00002.safetensors,I16,384x320x48,11796480,model.language_model.layers.18.linear_attn.out_proj,exl3,3,6144,5120,hard-eligible; heuristic/SM-dependent
model.language_model.layers.18.mlp.down_proj.mul1,text,model-00001-of-00002.safetensors,I32,,4,model.language_model.layers.18.mlp.down_proj,exl3,3,,,
model.language_model.layers.18.mlp.down_proj.suh,text,model-00001-of-00002.safetensors,F16,17408,34816,model.language_model.layers.18.mlp.down_proj,exl3,3,,,
model.language_model.layers.18.mlp.down_proj.svh,text,model-00001-of-00002.safetensors,F16,5120,10240,model.language_model.layers.18.mlp.down_proj,exl3,3,,,
model.language_model.layers.18.mlp.down_proj.trellis,text,model-00001-of-00002.safetensors,I16,1088x320x48,33423360,model.language_model.layers.18.mlp.down_proj,exl3,3,17408,5120,hard-eligible; heuristic/SM-dependent
model.language_model.layers.18.mlp.gate_proj.mul1,text,model-00001-of-00002.safetensors,I32,,4,model.language_model.layers.18.mlp.gate_proj,exl3,3,,,
model.language_model.layers.18.mlp.gate_proj.suh,text,model-00001-of-00002.safetensors,F16,5120,10240,model.language_model.layers.18.mlp.gate_proj,exl3,3,,,
model.language_model.layers.18.mlp.gate_proj.svh,text,model-00001-of-00002.safetensors,F16,17408,34816,model.language_model.layers.18.mlp.gate_proj,exl3,3,,,
model.language_model.layers.18.mlp.gate_proj.trellis,text,model-00001-of-00002.safetensors,I16,320x1088x48,33423360,model.language_model.layers.18.mlp.gate_proj,exl3,3,5120,17408,hard-eligible; heuristic/SM-dependent
model.language_model.layers.18.mlp.up_proj.mul1,text,model-00001-of-00002.safetensors,I32,,4,model.language_model.layers.18.mlp.up_proj,exl3,3,,,
model.language_model.layers.18.mlp.up_proj.suh,text,model-00001-of-00002.safetensors,F16,5120,10240,model.language_model.layers.18.mlp.up_proj,exl3,3,,,
model.language_model.layers.18.mlp.up_proj.svh,text,model-00001-of-00002.safetensors,F16,17408,34816,model.language_model.layers.18.mlp.up_proj,exl3,3,,,
model.language_model.layers.18.mlp.up_proj.trellis,text,model-00001-of-00002.safetensors,I16,320x1088x48,33423360,model.language_model.layers.18.mlp.up_proj,exl3,3,5120,17408,hard-eligible; heuristic/SM-dependent
model.language_model.layers.18.post_attention_layernorm.weight,text,model-00001-of-00002.safetensors,BF16,5120,10240,model.language_model.layers.18.post_attention_layernorm,,,,,
model.language_model.layers.19.input_layernorm.weight,text,model-00001-of-00002.safetensors,BF16,5120,10240,model.language_model.layers.19.input_layernorm,,,,,
model.language_model.layers.19.mlp.down_proj.mul1,text,model-00001-of-00002.safetensors,I32,,4,model.language_model.layers.19.mlp.down_proj,exl3,3,,,
model.language_model.layers.19.mlp.down_proj.suh,text,model-00001-of-00002.safetensors,F16,17408,34816,model.language_model.layers.19.mlp.down_proj,exl3,3,,,
model.language_model.layers.19.mlp.down_proj.svh,text,model-00001-of-00002.safetensors,F16,5120,10240,model.language_model.layers.19.mlp.down_proj,exl3,3,,,
model.language_model.layers.19.mlp.down_proj.trellis,text,model-00001-of-00002.safetensors,I16,1088x320x48,33423360,model.language_model.layers.19.mlp.down_proj,exl3,3,17408,5120,hard-eligible; heuristic/SM-dependent
model.language_model.layers.19.mlp.gate_proj.mul1,text,model-00001-of-00002.safetensors,I32,,4,model.language_model.layers.19.mlp.gate_proj,exl3,3,,,
model.language_model.layers.19.mlp.gate_proj.suh,text,model-00001-of-00002.safetensors,F16,5120,10240,model.language_model.layers.19.mlp.gate_proj,exl3,3,,,
model.language_model.layers.19.mlp.gate_proj.svh,text,model-00001-of-00002.safetensors,F16,17408,34816,model.language_model.layers.19.mlp.gate_proj,exl3,3,,,
model.language_model.layers.19.mlp.gate_proj.trellis,text,model-00001-of-00002.safetensors,I16,320x1088x48,33423360,model.language_model.layers.19.mlp.gate_proj,exl3,3,5120,17408,hard-eligible; heuristic/SM-dependent
model.language_model.layers.19.mlp.up_proj.mul1,text,model-00001-of-00002.safetensors,I32,,4,model.language_model.layers.19.mlp.up_proj,exl3,3,,,
model.language_model.layers.19.mlp.up_proj.suh,text,model-00001-of-00002.safetensors,F16,5120,10240,model.language_model.layers.19.mlp.up_proj,exl3,3,,,
model.language_model.layers.19.mlp.up_proj.svh,text,model-00001-of-00002.safetensors,F16,17408,34816,model.language_model.layers.19.mlp.up_proj,exl3,3,,,
model.language_model.layers.19.mlp.up_proj.trellis,text,model-00001-of-00002.safetensors,I16,320x1088x48,33423360,model.language_model.layers.19.mlp.up_proj,exl3,3,5120,17408,hard-eligible; heuristic/SM-dependent
model.language_model.layers.19.post_attention_layernorm.weight,text,model-00001-of-00002.safetensors,BF16,5120,10240,model.language_model.layers.19.post_attention_layernorm,,,,,
model.language_model.layers.19.self_attn.k_norm.weight,text,model-00001-of-00002.safetensors,BF16,256,512,model.language_model.layers.19.self_attn.k_norm,,,,,
model.language_model.layers.19.self_attn.k_proj.mul1,text,model-00001-of-00002.safetensors,I32,,4,model.language_model.layers.19.self_attn.k_proj,exl3,4,,,
model.language_model.layers.19.self_attn.k_proj.suh,text,model-00001-of-00002.safetensors,F16,5120,10240,model.language_model.layers.19.self_attn.k_proj,exl3,4,,,
model.language_model.layers.19.self_attn.k_proj.svh,text,model-00001-of-00002.safetensors,F16,1024,2048,model.language_model.layers.19.self_attn.k_proj,exl3,4,,,
model.language_model.layers.19.self_attn.k_proj.trellis,text,model-00001-of-00002.safetensors,I16,320x64x64,2621440,model.language_model.layers.19.self_attn.k_proj,exl3,4,5120,1024,hard-eligible; heuristic/SM-dependent
model.language_model.layers.19.self_attn.o_proj.mul1,text,model-00001-of-00002.safetensors,I32,,4,model.language_model.layers.19.self_attn.o_proj,exl3,3,,,
model.language_model.layers.19.self_attn.o_proj.suh,text,model-00001-of-00002.safetensors,F16,6144,12288,model.language_model.layers.19.self_attn.o_proj,exl3,3,,,
model.language_model.layers.19.self_attn.o_proj.svh,text,model-00001-of-00002.safetensors,F16,5120,10240,model.language_model.layers.19.self_attn.o_proj,exl3,3,,,
model.language_model.layers.19.self_attn.o_proj.trellis,text,model-00001-of-00002.safetensors,I16,384x320x48,11796480,model.language_model.layers.19.self_attn.o_proj,exl3,3,6144,5120,hard-eligible; heuristic/SM-dependent
model.language_model.layers.19.self_attn.q_norm.weight,text,model-00001-of-00002.safetensors,BF16,256,512,model.language_model.layers.19.self_attn.q_norm,,,,,
model.language_model.layers.19.self_attn.q_proj.mul1,text,model-00001-of-00002.safetensors,I32,,4,model.language_model.layers.19.self_attn.q_proj,exl3,2,,,
model.language_model.layers.19.self_attn.q_proj.suh,text,model-00001-of-00002.safetensors,F16,5120,10240,model.language_model.layers.19.self_attn.q_proj,exl3,2,,,
model.language_model.layers.19.self_attn.q_proj.svh,text,model-00001-of-00002.safetensors,F16,12288,24576,model.language_model.layers.19.self_attn.q_proj,exl3,2,,,
model.language_model.layers.19.self_attn.q_proj.trellis,text,model-00001-of-00002.safetensors,I16,320x768x32,15728640,model.language_model.layers.19.self_attn.q_proj,exl3,2,5120,12288,hard-eligible; heuristic/SM-dependent
model.language_model.layers.19.self_attn.v_proj.mul1,text,model-00001-of-00002.safetensors,I32,,4,model.language_model.layers.19.self_attn.v_proj,exl3,4,,,
model.language_model.layers.19.self_attn.v_proj.suh,text,model-00001-of-00002.safetensors,F16,5120,10240,model.language_model.layers.19.self_attn.v_proj,exl3,4,,,
model.language_model.layers.19.self_attn.v_proj.svh,text,model-00001-of-00002.safetensors,F16,1024,2048,model.language_model.layers.19.self_attn.v_proj,exl3,4,,,
model.language_model.layers.19.self_attn.v_proj.trellis,text,model-00001-of-00002.safetensors,I16,320x64x64,2621440,model.language_model.layers.19.self_attn.v_proj,exl3,4,5120,1024,hard-eligible; heuristic/SM-dependent
model.language_model.layers.2.input_layernorm.weight,text,model-00001-of-00002.safetensors,BF16,5120,10240,model.language_model.layers.2.input_layernorm,,,,,
model.language_model.layers.2.linear_attn.A_log,text,model-00001-of-00002.safetensors,BF16,48,96,,,,,,
model.language_model.layers.2.linear_attn.conv1d.weight,text,model-00001-of-00002.safetensors,BF16,10240x1x4,81920,,,,,,
model.language_model.layers.2.linear_attn.dt_bias,text,model-00001-of-00002.safetensors,BF16,48,96,,,,,,
model.language_model.layers.2.linear_attn.in_proj_a.weight,text,model-00001-of-00002.safetensors,F16,48x5120,491520,model.language_model.layers.2.linear_attn.in_proj_a,,,,,
model.language_model.layers.2.linear_attn.in_proj_b.weight,text,model-00001-of-00002.safetensors,F16,48x5120,491520,model.language_model.layers.2.linear_attn.in_proj_b,,,,,
model.language_model.layers.2.linear_attn.in_proj_qkv.mul1,text,model-00001-of-00002.safetensors,I32,,4,model.language_model.layers.2.linear_attn.in_proj_qkv,exl3,3,,,
model.language_model.layers.2.linear_attn.in_proj_qkv.suh,text,model-00001-of-00002.safetensors,F16,5120,10240,model.language_model.layers.2.linear_attn.in_proj_qkv,exl3,3,,,
model.language_model.layers.2.linear_attn.in_proj_qkv.svh,text,model-00001-of-00002.safetensors,F16,10240,20480,model.language_model.layers.2.linear_attn.in_proj_qkv,exl3,3,,,
model.language_model.layers.2.linear_attn.in_proj_qkv.trellis,text,model-00001-of-00002.safetensors,I16,320x640x48,19660800,model.language_model.layers.2.linear_attn.in_proj_qkv,exl3,3,5120,10240,hard-eligible; heuristic/SM-dependent
model.language_model.layers.2.linear_attn.in_proj_z.mul1,text,model-00001-of-00002.safetensors,I32,,4,model.language_model.layers.2.linear_attn.in_proj_z,exl3,3,,,
model.language_model.layers.2.linear_attn.in_proj_z.suh,text,model-00001-of-00002.safetensors,F16,5120,10240,model.language_model.layers.2.linear_attn.in_proj_z,exl3,3,,,
model.language_model.layers.2.linear_attn.in_proj_z.svh,text,model-00001-of-00002.safetensors,F16,6144,12288,model.language_model.layers.2.linear_attn.in_proj_z,exl3,3,,,
model.language_model.layers.2.linear_attn.in_proj_z.trellis,text,model-00001-of-00002.safetensors,I16,320x384x48,11796480,model.language_model.layers.2.linear_attn.in_proj_z,exl3,3,5120,6144,hard-eligible; heuristic/SM-dependent
model.language_model.layers.2.linear_attn.norm.weight,text,model-00001-of-00002.safetensors,BF16,128,256,model.language_model.layers.2.linear_attn.norm,,,,,
model.language_model.layers.2.linear_attn.out_proj.mul1,text,model-00001-of-00002.safetensors,I32,,4,model.language_model.layers.2.linear_attn.out_proj,exl3,4,,,
model.language_model.layers.2.linear_attn.out_proj.suh,text,model-00001-of-00002.safetensors,F16,6144,12288,model.language_model.layers.2.linear_attn.out_proj,exl3,4,,,
model.language_model.layers.2.linear_attn.out_proj.svh,text,model-00001-of-00002.safetensors,F16,5120,10240,model.language_model.layers.2.linear_attn.out_proj,exl3,4,,,
model.language_model.layers.2.linear_attn.out_proj.trellis,text,model-00001-of-00002.safetensors,I16,384x320x64,15728640,model.language_model.layers.2.linear_attn.out_proj,exl3,4,6144,5120,hard-eligible; heuristic/SM-dependent
model.language_model.layers.2.mlp.down_proj.mul1,text,model-00001-of-00002.safetensors,I32,,4,model.language_model.layers.2.mlp.down_proj,exl3,3,,,
model.language_model.layers.2.mlp.down_proj.suh,text,model-00001-of-00002.safetensors,F16,17408,34816,model.language_model.layers.2.mlp.down_proj,exl3,3,,,
model.language_model.layers.2.mlp.down_proj.svh,text,model-00001-of-00002.safetensors,F16,5120,10240,model.language_model.layers.2.mlp.down_proj,exl3,3,,,
model.language_model.layers.2.mlp.down_proj.trellis,text,model-00001-of-00002.safetensors,I16,1088x320x48,33423360,model.language_model.layers.2.mlp.down_proj,exl3,3,17408,5120,hard-eligible; heuristic/SM-dependent
model.language_model.layers.2.mlp.gate_proj.mul1,text,model-00001-of-00002.safetensors,I32,,4,model.language_model.layers.2.mlp.gate_proj,exl3,3,,,
model.language_model.layers.2.mlp.gate_proj.suh,text,model-00001-of-00002.safetensors,F16,5120,10240,model.language_model.layers.2.mlp.gate_proj,exl3,3,,,
model.language_model.layers.2.mlp.gate_proj.svh,text,model-00001-of-00002.safetensors,F16,17408,34816,model.language_model.layers.2.mlp.gate_proj,exl3,3,,,
model.language_model.layers.2.mlp.gate_proj.trellis,text,model-00001-of-00002.safetensors,I16,320x1088x48,33423360,model.language_model.layers.2.mlp.gate_proj,exl3,3,5120,17408,hard-eligible; heuristic/SM-dependent
model.language_model.layers.2.mlp.up_proj.mul1,text,model-00001-of-00002.safetensors,I32,,4,model.language_model.layers.2.mlp.up_proj,exl3,3,,,
model.language_model.layers.2.mlp.up_proj.suh,text,model-00001-of-00002.safetensors,F16,5120,10240,model.language_model.layers.2.mlp.up_proj,exl3,3,,,
model.language_model.layers.2.mlp.up_proj.svh,text,model-00001-of-00002.safetensors,F16,17408,34816,model.language_model.layers.2.mlp.up_proj,exl3,3,,,
model.language_model.layers.2.mlp.up_proj.trellis,text,model-00001-of-00002.safetensors,I16,320x1088x48,33423360,model.language_model.layers.2.mlp.up_proj,exl3,3,5120,17408,hard-eligible; heuristic/SM-dependent
model.language_model.layers.2.post_attention_layernorm.weight,text,model-00001-of-00002.safetensors,BF16,5120,10240,model.language_model.layers.2.post_attention_layernorm,,,,,
model.language_model.layers.20.input_layernorm.weight,text,model-00001-of-00002.safetensors,BF16,5120,10240,model.language_model.layers.20.input_layernorm,,,,,
model.language_model.layers.20.linear_attn.A_log,text,model-00001-of-00002.safetensors,BF16,48,96,,,,,,
model.language_model.layers.20.linear_attn.conv1d.weight,text,model-00001-of-00002.safetensors,BF16,10240x1x4,81920,,,,,,
model.language_model.layers.20.linear_attn.dt_bias,text,model-00001-of-00002.safetensors,BF16,48,96,,,,,,
model.language_model.layers.20.linear_attn.in_proj_a.weight,text,model-00001-of-00002.safetensors,F16,48x5120,491520,model.language_model.layers.20.linear_attn.in_proj_a,,,,,
model.language_model.layers.20.linear_attn.in_proj_b.weight,text,model-00001-of-00002.safetensors,F16,48x5120,491520,model.language_model.layers.20.linear_attn.in_proj_b,,,,,
model.language_model.layers.20.linear_attn.in_proj_qkv.mul1,text,model-00001-of-00002.safetensors,I32,,4,model.language_model.layers.20.linear_attn.in_proj_qkv,exl3,3,,,
model.language_model.layers.20.linear_attn.in_proj_qkv.suh,text,model-00001-of-00002.safetensors,F16,5120,10240,model.language_model.layers.20.linear_attn.in_proj_qkv,exl3,3,,,
model.language_model.layers.20.linear_attn.in_proj_qkv.svh,text,model-00001-of-00002.safetensors,F16,10240,20480,model.language_model.layers.20.linear_attn.in_proj_qkv,exl3,3,,,
model.language_model.layers.20.linear_attn.in_proj_qkv.trellis,text,model-00001-of-00002.safetensors,I16,320x640x48,19660800,model.language_model.layers.20.linear_attn.in_proj_qkv,exl3,3,5120,10240,hard-eligible; heuristic/SM-dependent
model.language_model.layers.20.linear_attn.in_proj_z.mul1,text,model-00001-of-00002.safetensors,I32,,4,model.language_model.layers.20.linear_attn.in_proj_z,exl3,3,,,
model.language_model.layers.20.linear_attn.in_proj_z.suh,text,model-00001-of-00002.safetensors,F16,5120,10240,model.language_model.layers.20.linear_attn.in_proj_z,exl3,3,,,
model.language_model.layers.20.linear_attn.in_proj_z.svh,text,model-00001-of-00002.safetensors,F16,6144,12288,model.language_model.layers.20.linear_attn.in_proj_z,exl3,3,,,
model.language_model.layers.20.linear_attn.in_proj_z.trellis,text,model-00001-of-00002.safetensors,I16,320x384x48,11796480,model.language_model.layers.20.linear_attn.in_proj_z,exl3,3,5120,6144,hard-eligible; heuristic/SM-dependent
model.language_model.layers.20.linear_attn.norm.weight,text,model-00001-of-00002.safetensors,BF16,128,256,model.language_model.layers.20.linear_attn.norm,,,,,
model.language_model.layers.20.linear_attn.out_proj.mul1,text,model-00001-of-00002.safetensors,I32,,4,model.language_model.layers.20.linear_attn.out_proj,exl3,3,,,
model.language_model.layers.20.linear_attn.out_proj.suh,text,model-00001-of-00002.safetensors,F16,6144,12288,model.language_model.layers.20.linear_attn.out_proj,exl3,3,,,
model.language_model.layers.20.linear_attn.out_proj.svh,text,model-00001-of-00002.safetensors,F16,5120,10240,model.language_model.layers.20.linear_attn.out_proj,exl3,3,,,
model.language_model.layers.20.linear_attn.out_proj.trellis,text,model-00001-of-00002.safetensors,I16,384x320x48,11796480,model.language_model.layers.20.linear_attn.out_proj,exl3,3,6144,5120,hard-eligible; heuristic/SM-dependent
model.language_model.layers.20.mlp.down_proj.mul1,text,model-00001-of-00002.safetensors,I32,,4,model.language_model.layers.20.mlp.down_proj,exl3,3,,,
model.language_model.layers.20.mlp.down_proj.suh,text,model-00001-of-00002.safetensors,F16,17408,34816,model.language_model.layers.20.mlp.down_proj,exl3,3,,,
model.language_model.layers.20.mlp.down_proj.svh,text,model-00001-of-00002.safetensors,F16,5120,10240,model.language_model.layers.20.mlp.down_proj,exl3,3,,,
model.language_model.layers.20.mlp.down_proj.trellis,text,model-00001-of-00002.safetensors,I16,1088x320x48,33423360,model.language_model.layers.20.mlp.down_proj,exl3,3,17408,5120,hard-eligible; heuristic/SM-dependent
model.language_model.layers.20.mlp.gate_proj.mul1,text,model-00001-of-00002.safetensors,I32,,4,model.language_model.layers.20.mlp.gate_proj,exl3,3,,,
model.language_model.layers.20.mlp.gate_proj.suh,text,model-00001-of-00002.safetensors,F16,5120,10240,model.language_model.layers.20.mlp.gate_proj,exl3,3,,,
model.language_model.layers.20.mlp.gate_proj.svh,text,model-00001-of-00002.safetensors,F16,17408,34816,model.language_model.layers.20.mlp.gate_proj,exl3,3,,,
model.language_model.layers.20.mlp.gate_proj.trellis,text,model-00001-of-00002.safetensors,I16,320x1088x48,33423360,model.language_model.layers.20.mlp.gate_proj,exl3,3,5120,17408,hard-eligible; heuristic/SM-dependent
model.language_model.layers.20.mlp.up_proj.mul1,text,model-00001-of-00002.safetensors,I32,,4,model.language_model.layers.20.mlp.up_proj,exl3,3,,,
model.language_model.layers.20.mlp.up_proj.suh,text,model-00001-of-00002.safetensors,F16,5120,10240,model.language_model.layers.20.mlp.up_proj,exl3,3,,,
model.language_model.layers.20.mlp.up_proj.svh,text,model-00001-of-00002.safetensors,F16,17408,34816,model.language_model.layers.20.mlp.up_proj,exl3,3,,,
model.language_model.layers.20.mlp.up_proj.trellis,text,model-00001-of-00002.safetensors,I16,320x1088x48,33423360,model.language_model.layers.20.mlp.up_proj,exl3,3,5120,17408,hard-eligible; heuristic/SM-dependent
model.language_model.layers.20.post_attention_layernorm.weight,text,model-00001-of-00002.safetensors,BF16,5120,10240,model.language_model.layers.20.post_attention_layernorm,,,,,
model.language_model.layers.21.input_layernorm.weight,text,model-00001-of-00002.safetensors,BF16,5120,10240,model.language_model.layers.21.input_layernorm,,,,,
model.language_model.layers.21.linear_attn.A_log,text,model-00001-of-00002.safetensors,BF16,48,96,,,,,,
model.language_model.layers.21.linear_attn.conv1d.weight,text,model-00001-of-00002.safetensors,BF16,10240x1x4,81920,,,,,,
model.language_model.layers.21.linear_attn.dt_bias,text,model-00001-of-00002.safetensors,BF16,48,96,,,,,,
model.language_model.layers.21.linear_attn.in_proj_a.weight,text,model-00001-of-00002.safetensors,F16,48x5120,491520,model.language_model.layers.21.linear_attn.in_proj_a,,,,,
model.language_model.layers.21.linear_attn.in_proj_b.weight,text,model-00001-of-00002.safetensors,F16,48x5120,491520,model.language_model.layers.21.linear_attn.in_proj_b,,,,,
model.language_model.layers.21.linear_attn.in_proj_qkv.mul1,text,model-00001-of-00002.safetensors,I32,,4,model.language_model.layers.21.linear_attn.in_proj_qkv,exl3,3,,,
model.language_model.layers.21.linear_attn.in_proj_qkv.suh,text,model-00001-of-00002.safetensors,F16,5120,10240,model.language_model.layers.21.linear_attn.in_proj_qkv,exl3,3,,,
model.language_model.layers.21.linear_attn.in_proj_qkv.svh,text,model-00001-of-00002.safetensors,F16,10240,20480,model.language_model.layers.21.linear_attn.in_proj_qkv,exl3,3,,,
model.language_model.layers.21.linear_attn.in_proj_qkv.trellis,text,model-00001-of-00002.safetensors,I16,320x640x48,19660800,model.language_model.layers.21.linear_attn.in_proj_qkv,exl3,3,5120,10240,hard-eligible; heuristic/SM-dependent
model.language_model.layers.21.linear_attn.in_proj_z.mul1,text,model-00001-of-00002.safetensors,I32,,4,model.language_model.layers.21.linear_attn.in_proj_z,exl3,3,,,
model.language_model.layers.21.linear_attn.in_proj_z.suh,text,model-00001-of-00002.safetensors,F16,5120,10240,model.language_model.layers.21.linear_attn.in_proj_z,exl3,3,,,
model.language_model.layers.21.linear_attn.in_proj_z.svh,text,model-00001-of-00002.safetensors,F16,6144,12288,model.language_model.layers.21.linear_attn.in_proj_z,exl3,3,,,
model.language_model.layers.21.linear_attn.in_proj_z.trellis,text,model-00001-of-00002.safetensors,I16,320x384x48,11796480,model.language_model.layers.21.linear_attn.in_proj_z,exl3,3,5120,6144,hard-eligible; heuristic/SM-dependent
model.language_model.layers.21.linear_attn.norm.weight,text,model-00001-of-00002.safetensors,BF16,128,256,model.language_model.layers.21.linear_attn.norm,,,,,
model.language_model.layers.21.linear_attn.out_proj.mul1,text,model-00001-of-00002.safetensors,I32,,4,model.language_model.layers.21.linear_attn.out_proj,exl3,3,,,
model.language_model.layers.21.linear_attn.out_proj.suh,text,model-00001-of-00002.safetensors,F16,6144,12288,model.language_model.layers.21.linear_attn.out_proj,exl3,3,,,
model.language_model.layers.21.linear_attn.out_proj.svh,text,model-00001-of-00002.safetensors,F16,5120,10240,model.language_model.layers.21.linear_attn.out_proj,exl3,3,,,
model.language_model.layers.21.linear_attn.out_proj.trellis,text,model-00001-of-00002.safetensors,I16,384x320x48,11796480,model.language_model.layers.21.linear_attn.out_proj,exl3,3,6144,5120,hard-eligible; heuristic/SM-dependent
model.language_model.layers.21.mlp.down_proj.mul1,text,model-00001-of-00002.safetensors,I32,,4,model.language_model.layers.21.mlp.down_proj,exl3,3,,,
model.language_model.layers.21.mlp.down_proj.suh,text,model-00001-of-00002.safetensors,F16,17408,34816,model.language_model.layers.21.mlp.down_proj,exl3,3,,,
model.language_model.layers.21.mlp.down_proj.svh,text,model-00001-of-00002.safetensors,F16,5120,10240,model.language_model.layers.21.mlp.down_proj,exl3,3,,,
model.language_model.layers.21.mlp.down_proj.trellis,text,model-00001-of-00002.safetensors,I16,1088x320x48,33423360,model.language_model.layers.21.mlp.down_proj,exl3,3,17408,5120,hard-eligible; heuristic/SM-dependent
model.language_model.layers.21.mlp.gate_proj.mul1,text,model-00001-of-00002.safetensors,I32,,4,model.language_model.layers.21.mlp.gate_proj,exl3,3,,,
model.language_model.layers.21.mlp.gate_proj.suh,text,model-00001-of-00002.safetensors,F16,5120,10240,model.language_model.layers.21.mlp.gate_proj,exl3,3,,,
model.language_model.layers.21.mlp.gate_proj.svh,text,model-00001-of-00002.safetensors,F16,17408,34816,model.language_model.layers.21.mlp.gate_proj,exl3,3,,,
model.language_model.layers.21.mlp.gate_proj.trellis,text,model-00001-of-00002.safetensors,I16,320x1088x48,33423360,model.language_model.layers.21.mlp.gate_proj,exl3,3,5120,17408,hard-eligible; heuristic/SM-dependent
model.language_model.layers.21.mlp.up_proj.mul1,text,model-00001-of-00002.safetensors,I32,,4,model.language_model.layers.21.mlp.up_proj,exl3,3,,,
model.language_model.layers.21.mlp.up_proj.suh,text,model-00001-of-00002.safetensors,F16,5120,10240,model.language_model.layers.21.mlp.up_proj,exl3,3,,,
model.language_model.layers.21.mlp.up_proj.svh,text,model-00001-of-00002.safetensors,F16,17408,34816,model.language_model.layers.21.mlp.up_proj,exl3,3,,,
model.language_model.layers.21.mlp.up_proj.trellis,text,model-00001-of-00002.safetensors,I16,320x1088x48,33423360,model.language_model.layers.21.mlp.up_proj,exl3,3,5120,17408,hard-eligible; heuristic/SM-dependent
model.language_model.layers.21.post_attention_layernorm.weight,text,model-00001-of-00002.safetensors,BF16,5120,10240,model.language_model.layers.21.post_attention_layernorm,,,,,
model.language_model.layers.22.input_layernorm.weight,text,model-00001-of-00002.safetensors,BF16,5120,10240,model.language_model.layers.22.input_layernorm,,,,,
model.language_model.layers.22.linear_attn.A_log,text,model-00001-of-00002.safetensors,BF16,48,96,,,,,,
model.language_model.layers.22.linear_attn.conv1d.weight,text,model-00001-of-00002.safetensors,BF16,10240x1x4,81920,,,,,,
model.language_model.layers.22.linear_attn.dt_bias,text,model-00001-of-00002.safetensors,BF16,48,96,,,,,,
model.language_model.layers.22.linear_attn.in_proj_a.weight,text,model-00001-of-00002.safetensors,F16,48x5120,491520,model.language_model.layers.22.linear_attn.in_proj_a,,,,,
model.language_model.layers.22.linear_attn.in_proj_b.weight,text,model-00001-of-00002.safetensors,F16,48x5120,491520,model.language_model.layers.22.linear_attn.in_proj_b,,,,,
model.language_model.layers.22.linear_attn.in_proj_qkv.mul1,text,model-00001-of-00002.safetensors,I32,,4,model.language_model.layers.22.linear_attn.in_proj_qkv,exl3,3,,,
model.language_model.layers.22.linear_attn.in_proj_qkv.suh,text,model-00001-of-00002.safetensors,F16,5120,10240,model.language_model.layers.22.linear_attn.in_proj_qkv,exl3,3,,,
model.language_model.layers.22.linear_attn.in_proj_qkv.svh,text,model-00001-of-00002.safetensors,F16,10240,20480,model.language_model.layers.22.linear_attn.in_proj_qkv,exl3,3,,,
model.language_model.layers.22.linear_attn.in_proj_qkv.trellis,text,model-00001-of-00002.safetensors,I16,320x640x48,19660800,model.language_model.layers.22.linear_attn.in_proj_qkv,exl3,3,5120,10240,hard-eligible; heuristic/SM-dependent
model.language_model.layers.22.linear_attn.in_proj_z.mul1,text,model-00001-of-00002.safetensors,I32,,4,model.language_model.layers.22.linear_attn.in_proj_z,exl3,3,,,
model.language_model.layers.22.linear_attn.in_proj_z.suh,text,model-00001-of-00002.safetensors,F16,5120,10240,model.language_model.layers.22.linear_attn.in_proj_z,exl3,3,,,
model.language_model.layers.22.linear_attn.in_proj_z.svh,text,model-00001-of-00002.safetensors,F16,6144,12288,model.language_model.layers.22.linear_attn.in_proj_z,exl3,3,,,
model.language_model.layers.22.linear_attn.in_proj_z.trellis,text,model-00001-of-00002.safetensors,I16,320x384x48,11796480,model.language_model.layers.22.linear_attn.in_proj_z,exl3,3,5120,6144,hard-eligible; heuristic/SM-dependent
model.language_model.layers.22.linear_attn.norm.weight,text,model-00001-of-00002.safetensors,BF16,128,256,model.language_model.layers.22.linear_attn.norm,,,,,
model.language_model.layers.22.linear_attn.out_proj.mul1,text,model-00001-of-00002.safetensors,I32,,4,model.language_model.layers.22.linear_attn.out_proj,exl3,3,,,
model.language_model.layers.22.linear_attn.out_proj.suh,text,model-00001-of-00002.safetensors,F16,6144,12288,model.language_model.layers.22.linear_attn.out_proj,exl3,3,,,
model.language_model.layers.22.linear_attn.out_proj.svh,text,model-00001-of-00002.safetensors,F16,5120,10240,model.language_model.layers.22.linear_attn.out_proj,exl3,3,,,
model.language_model.layers.22.linear_attn.out_proj.trellis,text,model-00001-of-00002.safetensors,I16,384x320x48,11796480,model.language_model.layers.22.linear_attn.out_proj,exl3,3,6144,5120,hard-eligible; heuristic/SM-dependent
model.language_model.layers.22.mlp.down_proj.mul1,text,model-00001-of-00002.safetensors,I32,,4,model.language_model.layers.22.mlp.down_proj,exl3,3,,,
model.language_model.layers.22.mlp.down_proj.suh,text,model-00001-of-00002.safetensors,F16,17408,34816,model.language_model.layers.22.mlp.down_proj,exl3,3,,,
model.language_model.layers.22.mlp.down_proj.svh,text,model-00001-of-00002.safetensors,F16,5120,10240,model.language_model.layers.22.mlp.down_proj,exl3,3,,,
model.language_model.layers.22.mlp.down_proj.trellis,text,model-00001-of-00002.safetensors,I16,1088x320x48,33423360,model.language_model.layers.22.mlp.down_proj,exl3,3,17408,5120,hard-eligible; heuristic/SM-dependent
model.language_model.layers.22.mlp.gate_proj.mul1,text,model-00001-of-00002.safetensors,I32,,4,model.language_model.layers.22.mlp.gate_proj,exl3,3,,,
model.language_model.layers.22.mlp.gate_proj.suh,text,model-00001-of-00002.safetensors,F16,5120,10240,model.language_model.layers.22.mlp.gate_proj,exl3,3,,,
model.language_model.layers.22.mlp.gate_proj.svh,text,model-00001-of-00002.safetensors,F16,17408,34816,model.language_model.layers.22.mlp.gate_proj,exl3,3,,,
model.language_model.layers.22.mlp.gate_proj.trellis,text,model-00001-of-00002.safetensors,I16,320x1088x48,33423360,model.language_model.layers.22.mlp.gate_proj,exl3,3,5120,17408,hard-eligible; heuristic/SM-dependent
model.language_model.layers.22.mlp.up_proj.mul1,text,model-00001-of-00002.safetensors,I32,,4,model.language_model.layers.22.mlp.up_proj,exl3,3,,,
model.language_model.layers.22.mlp.up_proj.suh,text,model-00001-of-00002.safetensors,F16,5120,10240,model.language_model.layers.22.mlp.up_proj,exl3,3,,,
model.language_model.layers.22.mlp.up_proj.svh,text,model-00001-of-00002.safetensors,F16,17408,34816,model.language_model.layers.22.mlp.up_proj,exl3,3,,,
model.language_model.layers.22.mlp.up_proj.trellis,text,model-00001-of-00002.safetensors,I16,320x1088x48,33423360,model.language_model.layers.22.mlp.up_proj,exl3,3,5120,17408,hard-eligible; heuristic/SM-dependent
model.language_model.layers.22.post_attention_layernorm.weight,text,model-00001-of-00002.safetensors,BF16,5120,10240,model.language_model.layers.22.post_attention_layernorm,,,,,
model.language_model.layers.23.input_layernorm.weight,text,model-00001-of-00002.safetensors,BF16,5120,10240,model.language_model.layers.23.input_layernorm,,,,,
model.language_model.layers.23.mlp.down_proj.mul1,text,model-00001-of-00002.safetensors,I32,,4,model.language_model.layers.23.mlp.down_proj,exl3,3,,,
model.language_model.layers.23.mlp.down_proj.suh,text,model-00001-of-00002.safetensors,F16,17408,34816,model.language_model.layers.23.mlp.down_proj,exl3,3,,,
model.language_model.layers.23.mlp.down_proj.svh,text,model-00001-of-00002.safetensors,F16,5120,10240,model.language_model.layers.23.mlp.down_proj,exl3,3,,,
model.language_model.layers.23.mlp.down_proj.trellis,text,model-00001-of-00002.safetensors,I16,1088x320x48,33423360,model.language_model.layers.23.mlp.down_proj,exl3,3,17408,5120,hard-eligible; heuristic/SM-dependent
model.language_model.layers.23.mlp.gate_proj.mul1,text,model-00001-of-00002.safetensors,I32,,4,model.language_model.layers.23.mlp.gate_proj,exl3,3,,,
model.language_model.layers.23.mlp.gate_proj.suh,text,model-00001-of-00002.safetensors,F16,5120,10240,model.language_model.layers.23.mlp.gate_proj,exl3,3,,,
model.language_model.layers.23.mlp.gate_proj.svh,text,model-00001-of-00002.safetensors,F16,17408,34816,model.language_model.layers.23.mlp.gate_proj,exl3,3,,,
model.language_model.layers.23.mlp.gate_proj.trellis,text,model-00001-of-00002.safetensors,I16,320x1088x48,33423360,model.language_model.layers.23.mlp.gate_proj,exl3,3,5120,17408,hard-eligible; heuristic/SM-dependent
model.language_model.layers.23.mlp.up_proj.mul1,text,model-00001-of-00002.safetensors,I32,,4,model.language_model.layers.23.mlp.up_proj,exl3,3,,,
model.language_model.layers.23.mlp.up_proj.suh,text,model-00001-of-00002.safetensors,F16,5120,10240,model.language_model.layers.23.mlp.up_proj,exl3,3,,,
model.language_model.layers.23.mlp.up_proj.svh,text,model-00001-of-00002.safetensors,F16,17408,34816,model.language_model.layers.23.mlp.up_proj,exl3,3,,,
model.language_model.layers.23.mlp.up_proj.trellis,text,model-00001-of-00002.safetensors,I16,320x1088x48,33423360,model.language_model.layers.23.mlp.up_proj,exl3,3,5120,17408,hard-eligible; heuristic/SM-dependent
model.language_model.layers.23.post_attention_layernorm.weight,text,model-00001-of-00002.safetensors,BF16,5120,10240,model.language_model.layers.23.post_attention_layernorm,,,,,
model.language_model.layers.23.self_attn.k_norm.weight,text,model-00001-of-00002.safetensors,BF16,256,512,model.language_model.layers.23.self_attn.k_norm,,,,,
model.language_model.layers.23.self_attn.k_proj.mul1,text,model-00001-of-00002.safetensors,I32,,4,model.language_model.layers.23.self_attn.k_proj,exl3,4,,,
model.language_model.layers.23.self_attn.k_proj.suh,text,model-00001-of-00002.safetensors,F16,5120,10240,model.language_model.layers.23.self_attn.k_proj,exl3,4,,,
model.language_model.layers.23.self_attn.k_proj.svh,text,model-00001-of-00002.safetensors,F16,1024,2048,model.language_model.layers.23.self_attn.k_proj,exl3,4,,,
model.language_model.layers.23.self_attn.k_proj.trellis,text,model-00001-of-00002.safetensors,I16,320x64x64,2621440,model.language_model.layers.23.self_attn.k_proj,exl3,4,5120,1024,hard-eligible; heuristic/SM-dependent
model.language_model.layers.23.self_attn.o_proj.mul1,text,model-00001-of-00002.safetensors,I32,,4,model.language_model.layers.23.self_attn.o_proj,exl3,4,,,
model.language_model.layers.23.self_attn.o_proj.suh,text,model-00001-of-00002.safetensors,F16,6144,12288,model.language_model.layers.23.self_attn.o_proj,exl3,4,,,
model.language_model.layers.23.self_attn.o_proj.svh,text,model-00001-of-00002.safetensors,F16,5120,10240,model.language_model.layers.23.self_attn.o_proj,exl3,4,,,
model.language_model.layers.23.self_attn.o_proj.trellis,text,model-00001-of-00002.safetensors,I16,384x320x64,15728640,model.language_model.layers.23.self_attn.o_proj,exl3,4,6144,5120,hard-eligible; heuristic/SM-dependent
model.language_model.layers.23.self_attn.q_norm.weight,text,model-00001-of-00002.safetensors,BF16,256,512,model.language_model.layers.23.self_attn.q_norm,,,,,
model.language_model.layers.23.self_attn.q_proj.mul1,text,model-00001-of-00002.safetensors,I32,,4,model.language_model.layers.23.self_attn.q_proj,exl3,3,,,
model.language_model.layers.23.self_attn.q_proj.suh,text,model-00001-of-00002.safetensors,F16,5120,10240,model.language_model.layers.23.self_attn.q_proj,exl3,3,,,
model.language_model.layers.23.self_attn.q_proj.svh,text,model-00001-of-00002.safetensors,F16,12288,24576,model.language_model.layers.23.self_attn.q_proj,exl3,3,,,
model.language_model.layers.23.self_attn.q_proj.trellis,text,model-00001-of-00002.safetensors,I16,320x768x48,23592960,model.language_model.layers.23.self_attn.q_proj,exl3,3,5120,12288,hard-eligible; heuristic/SM-dependent
model.language_model.layers.23.self_attn.v_proj.mul1,text,model-00001-of-00002.safetensors,I32,,4,model.language_model.layers.23.self_attn.v_proj,exl3,4,,,
model.language_model.layers.23.self_attn.v_proj.suh,text,model-00001-of-00002.safetensors,F16,5120,10240,model.language_model.layers.23.self_attn.v_proj,exl3,4,,,
model.language_model.layers.23.self_attn.v_proj.svh,text,model-00001-of-00002.safetensors,F16,1024,2048,model.language_model.layers.23.self_attn.v_proj,exl3,4,,,
model.language_model.layers.23.self_attn.v_proj.trellis,text,model-00001-of-00002.safetensors,I16,320x64x64,2621440,model.language_model.layers.23.self_attn.v_proj,exl3,4,5120,1024,hard-eligible; heuristic/SM-dependent
model.language_model.layers.24.input_layernorm.weight,text,model-00001-of-00002.safetensors,BF16,5120,10240,model.language_model.layers.24.input_layernorm,,,,,
model.language_model.layers.24.linear_attn.A_log,text,model-00001-of-00002.safetensors,BF16,48,96,,,,,,
model.language_model.layers.24.linear_attn.conv1d.weight,text,model-00001-of-00002.safetensors,BF16,10240x1x4,81920,,,,,,
model.language_model.layers.24.linear_attn.dt_bias,text,model-00001-of-00002.safetensors,BF16,48,96,,,,,,
model.language_model.layers.24.linear_attn.in_proj_a.weight,text,model-00001-of-00002.safetensors,F16,48x5120,491520,model.language_model.layers.24.linear_attn.in_proj_a,,,,,
model.language_model.layers.24.linear_attn.in_proj_b.weight,text,model-00001-of-00002.safetensors,F16,48x5120,491520,model.language_model.layers.24.linear_attn.in_proj_b,,,,,
model.language_model.layers.24.linear_attn.in_proj_qkv.mul1,text,model-00001-of-00002.safetensors,I32,,4,model.language_model.layers.24.linear_attn.in_proj_qkv,exl3,3,,,
model.language_model.layers.24.linear_attn.in_proj_qkv.suh,text,model-00001-of-00002.safetensors,F16,5120,10240,model.language_model.layers.24.linear_attn.in_proj_qkv,exl3,3,,,
model.language_model.layers.24.linear_attn.in_proj_qkv.svh,text,model-00001-of-00002.safetensors,F16,10240,20480,model.language_model.layers.24.linear_attn.in_proj_qkv,exl3,3,,,
model.language_model.layers.24.linear_attn.in_proj_qkv.trellis,text,model-00001-of-00002.safetensors,I16,320x640x48,19660800,model.language_model.layers.24.linear_attn.in_proj_qkv,exl3,3,5120,10240,hard-eligible; heuristic/SM-dependent
model.language_model.layers.24.linear_attn.in_proj_z.mul1,text,model-00001-of-00002.safetensors,I32,,4,model.language_model.layers.24.linear_attn.in_proj_z,exl3,3,,,
model.language_model.layers.24.linear_attn.in_proj_z.suh,text,model-00001-of-00002.safetensors,F16,5120,10240,model.language_model.layers.24.linear_attn.in_proj_z,exl3,3,,,
model.language_model.layers.24.linear_attn.in_proj_z.svh,text,model-00001-of-00002.safetensors,F16,6144,12288,model.language_model.layers.24.linear_attn.in_proj_z,exl3,3,,,
model.language_model.layers.24.linear_attn.in_proj_z.trellis,text,model-00001-of-00002.safetensors,I16,320x384x48,11796480,model.language_model.layers.24.linear_attn.in_proj_z,exl3,3,5120,6144,hard-eligible; heuristic/SM-dependent
model.language_model.layers.24.linear_attn.norm.weight,text,model-00001-of-00002.safetensors,BF16,128,256,model.language_model.layers.24.linear_attn.norm,,,,,
model.language_model.layers.24.linear_attn.out_proj.mul1,text,model-00001-of-00002.safetensors,I32,,4,model.language_model.layers.24.linear_attn.out_proj,exl3,3,,,
model.language_model.layers.24.linear_attn.out_proj.suh,text,model-00001-of-00002.safetensors,F16,6144,12288,model.language_model.layers.24.linear_attn.out_proj,exl3,3,,,
model.language_model.layers.24.linear_attn.out_proj.svh,text,model-00001-of-00002.safetensors,F16,5120,10240,model.language_model.layers.24.linear_attn.out_proj,exl3,3,,,
model.language_model.layers.24.linear_attn.out_proj.trellis,text,model-00001-of-00002.safetensors,I16,384x320x48,11796480,model.language_model.layers.24.linear_attn.out_proj,exl3,3,6144,5120,hard-eligible; heuristic/SM-dependent
model.language_model.layers.24.mlp.down_proj.mul1,text,model-00001-of-00002.safetensors,I32,,4,model.language_model.layers.24.mlp.down_proj,exl3,3,,,
model.language_model.layers.24.mlp.down_proj.suh,text,model-00001-of-00002.safetensors,F16,17408,34816,model.language_model.layers.24.mlp.down_proj,exl3,3,,,
model.language_model.layers.24.mlp.down_proj.svh,text,model-00001-of-00002.safetensors,F16,5120,10240,model.language_model.layers.24.mlp.down_proj,exl3,3,,,
model.language_model.layers.24.mlp.down_proj.trellis,text,model-00001-of-00002.safetensors,I16,1088x320x48,33423360,model.language_model.layers.24.mlp.down_proj,exl3,3,17408,5120,hard-eligible; heuristic/SM-dependent
model.language_model.layers.24.mlp.gate_proj.mul1,text,model-00001-of-00002.safetensors,I32,,4,model.language_model.layers.24.mlp.gate_proj,exl3,3,,,
model.language_model.layers.24.mlp.gate_proj.suh,text,model-00001-of-00002.safetensors,F16,5120,10240,model.language_model.layers.24.mlp.gate_proj,exl3,3,,,
model.language_model.layers.24.mlp.gate_proj.svh,text,model-00001-of-00002.safetensors,F16,17408,34816,model.language_model.layers.24.mlp.gate_proj,exl3,3,,,
model.language_model.layers.24.mlp.gate_proj.trellis,text,model-00001-of-00002.safetensors,I16,320x1088x48,33423360,model.language_model.layers.24.mlp.gate_proj,exl3,3,5120,17408,hard-eligible; heuristic/SM-dependent
model.language_model.layers.24.mlp.up_proj.mul1,text,model-00001-of-00002.safetensors,I32,,4,model.language_model.layers.24.mlp.up_proj,exl3,3,,,
model.language_model.layers.24.mlp.up_proj.suh,text,model-00001-of-00002.safetensors,F16,5120,10240,model.language_model.layers.24.mlp.up_proj,exl3,3,,,
model.language_model.layers.24.mlp.up_proj.svh,text,model-00001-of-00002.safetensors,F16,17408,34816,model.language_model.layers.24.mlp.up_proj,exl3,3,,,
model.language_model.layers.24.mlp.up_proj.trellis,text,model-00001-of-00002.safetensors,I16,320x1088x48,33423360,model.language_model.layers.24.mlp.up_proj,exl3,3,5120,17408,hard-eligible; heuristic/SM-dependent
model.language_model.layers.24.post_attention_layernorm.weight,text,model-00001-of-00002.safetensors,BF16,5120,10240,model.language_model.layers.24.post_attention_layernorm,,,,,
model.language_model.layers.25.input_layernorm.weight,text,model-00001-of-00002.safetensors,BF16,5120,10240,model.language_model.layers.25.input_layernorm,,,,,
model.language_model.layers.25.linear_attn.A_log,text,model-00001-of-00002.safetensors,BF16,48,96,,,,,,
model.language_model.layers.25.linear_attn.conv1d.weight,text,model-00001-of-00002.safetensors,BF16,10240x1x4,81920,,,,,,
model.language_model.layers.25.linear_attn.dt_bias,text,model-00001-of-00002.safetensors,BF16,48,96,,,,,,
model.language_model.layers.25.linear_attn.in_proj_a.weight,text,model-00001-of-00002.safetensors,F16,48x5120,491520,model.language_model.layers.25.linear_attn.in_proj_a,,,,,
model.language_model.layers.25.linear_attn.in_proj_b.weight,text,model-00001-of-00002.safetensors,F16,48x5120,491520,model.language_model.layers.25.linear_attn.in_proj_b,,,,,
model.language_model.layers.25.linear_attn.in_proj_qkv.mul1,text,model-00001-of-00002.safetensors,I32,,4,model.language_model.layers.25.linear_attn.in_proj_qkv,exl3,3,,,
model.language_model.layers.25.linear_attn.in_proj_qkv.suh,text,model-00001-of-00002.safetensors,F16,5120,10240,model.language_model.layers.25.linear_attn.in_proj_qkv,exl3,3,,,
model.language_model.layers.25.linear_attn.in_proj_qkv.svh,text,model-00001-of-00002.safetensors,F16,10240,20480,model.language_model.layers.25.linear_attn.in_proj_qkv,exl3,3,,,
model.language_model.layers.25.linear_attn.in_proj_qkv.trellis,text,model-00001-of-00002.safetensors,I16,320x640x48,19660800,model.language_model.layers.25.linear_attn.in_proj_qkv,exl3,3,5120,10240,hard-eligible; heuristic/SM-dependent
model.language_model.layers.25.linear_attn.in_proj_z.mul1,text,model-00001-of-00002.safetensors,I32,,4,model.language_model.layers.25.linear_attn.in_proj_z,exl3,4,,,
model.language_model.layers.25.linear_attn.in_proj_z.suh,text,model-00001-of-00002.safetensors,F16,5120,10240,model.language_model.layers.25.linear_attn.in_proj_z,exl3,4,,,
model.language_model.layers.25.linear_attn.in_proj_z.svh,text,model-00001-of-00002.safetensors,F16,6144,12288,model.language_model.layers.25.linear_attn.in_proj_z,exl3,4,,,
model.language_model.layers.25.linear_attn.in_proj_z.trellis,text,model-00001-of-00002.safetensors,I16,320x384x64,15728640,model.language_model.layers.25.linear_attn.in_proj_z,exl3,4,5120,6144,hard-eligible; heuristic/SM-dependent
model.language_model.layers.25.linear_attn.norm.weight,text,model-00001-of-00002.safetensors,BF16,128,256,model.language_model.layers.25.linear_attn.norm,,,,,
model.language_model.layers.25.linear_attn.out_proj.mul1,text,model-00001-of-00002.safetensors,I32,,4,model.language_model.layers.25.linear_attn.out_proj,exl3,3,,,
model.language_model.layers.25.linear_attn.out_proj.suh,text,model-00001-of-00002.safetensors,F16,6144,12288,model.language_model.layers.25.linear_attn.out_proj,exl3,3,,,
model.language_model.layers.25.linear_attn.out_proj.svh,text,model-00001-of-00002.safetensors,F16,5120,10240,model.language_model.layers.25.linear_attn.out_proj,exl3,3,,,
model.language_model.layers.25.linear_attn.out_proj.trellis,text,model-00001-of-00002.safetensors,I16,384x320x48,11796480,model.language_model.layers.25.linear_attn.out_proj,exl3,3,6144,5120,hard-eligible; heuristic/SM-dependent
model.language_model.layers.25.mlp.down_proj.mul1,text,model-00001-of-00002.safetensors,I32,,4,model.language_model.layers.25.mlp.down_proj,exl3,3,,,
model.language_model.layers.25.mlp.down_proj.suh,text,model-00001-of-00002.safetensors,F16,17408,34816,model.language_model.layers.25.mlp.down_proj,exl3,3,,,
model.language_model.layers.25.mlp.down_proj.svh,text,model-00001-of-00002.safetensors,F16,5120,10240,model.language_model.layers.25.mlp.down_proj,exl3,3,,,
model.language_model.layers.25.mlp.down_proj.trellis,text,model-00001-of-00002.safetensors,I16,1088x320x48,33423360,model.language_model.layers.25.mlp.down_proj,exl3,3,17408,5120,hard-eligible; heuristic/SM-dependent
model.language_model.layers.25.mlp.gate_proj.mul1,text,model-00001-of-00002.safetensors,I32,,4,model.language_model.layers.25.mlp.gate_proj,exl3,3,,,
model.language_model.layers.25.mlp.gate_proj.suh,text,model-00001-of-00002.safetensors,F16,5120,10240,model.language_model.layers.25.mlp.gate_proj,exl3,3,,,
model.language_model.layers.25.mlp.gate_proj.svh,text,model-00001-of-00002.safetensors,F16,17408,34816,model.language_model.layers.25.mlp.gate_proj,exl3,3,,,
model.language_model.layers.25.mlp.gate_proj.trellis,text,model-00001-of-00002.safetensors,I16,320x1088x48,33423360,model.language_model.layers.25.mlp.gate_proj,exl3,3,5120,17408,hard-eligible; heuristic/SM-dependent
model.language_model.layers.25.mlp.up_proj.mul1,text,model-00001-of-00002.safetensors,I32,,4,model.language_model.layers.25.mlp.up_proj,exl3,3,,,
model.language_model.layers.25.mlp.up_proj.suh,text,model-00001-of-00002.safetensors,F16,5120,10240,model.language_model.layers.25.mlp.up_proj,exl3,3,,,
model.language_model.layers.25.mlp.up_proj.svh,text,model-00001-of-00002.safetensors,F16,17408,34816,model.language_model.layers.25.mlp.up_proj,exl3,3,,,
model.language_model.layers.25.mlp.up_proj.trellis,text,model-00001-of-00002.safetensors,I16,320x1088x48,33423360,model.language_model.layers.25.mlp.up_proj,exl3,3,5120,17408,hard-eligible; heuristic/SM-dependent
model.language_model.layers.25.post_attention_layernorm.weight,text,model-00001-of-00002.safetensors,BF16,5120,10240,model.language_model.layers.25.post_attention_layernorm,,,,,
model.language_model.layers.26.input_layernorm.weight,text,model-00001-of-00002.safetensors,BF16,5120,10240,model.language_model.layers.26.input_layernorm,,,,,
model.language_model.layers.26.linear_attn.A_log,text,model-00001-of-00002.safetensors,BF16,48,96,,,,,,
model.language_model.layers.26.linear_attn.conv1d.weight,text,model-00001-of-00002.safetensors,BF16,10240x1x4,81920,,,,,,
model.language_model.layers.26.linear_attn.dt_bias,text,model-00001-of-00002.safetensors,BF16,48,96,,,,,,
model.language_model.layers.26.linear_attn.in_proj_a.weight,text,model-00001-of-00002.safetensors,F16,48x5120,491520,model.language_model.layers.26.linear_attn.in_proj_a,,,,,
model.language_model.layers.26.linear_attn.in_proj_b.weight,text,model-00001-of-00002.safetensors,F16,48x5120,491520,model.language_model.layers.26.linear_attn.in_proj_b,,,,,
model.language_model.layers.26.linear_attn.in_proj_qkv.mul1,text,model-00001-of-00002.safetensors,I32,,4,model.language_model.layers.26.linear_attn.in_proj_qkv,exl3,3,,,
model.language_model.layers.26.linear_attn.in_proj_qkv.suh,text,model-00001-of-00002.safetensors,F16,5120,10240,model.language_model.layers.26.linear_attn.in_proj_qkv,exl3,3,,,
model.language_model.layers.26.linear_attn.in_proj_qkv.svh,text,model-00001-of-00002.safetensors,F16,10240,20480,model.language_model.layers.26.linear_attn.in_proj_qkv,exl3,3,,,
model.language_model.layers.26.linear_attn.in_proj_qkv.trellis,text,model-00001-of-00002.safetensors,I16,320x640x48,19660800,model.language_model.layers.26.linear_attn.in_proj_qkv,exl3,3,5120,10240,hard-eligible; heuristic/SM-dependent
model.language_model.layers.26.linear_attn.in_proj_z.mul1,text,model-00001-of-00002.safetensors,I32,,4,model.language_model.layers.26.linear_attn.in_proj_z,exl3,3,,,
model.language_model.layers.26.linear_attn.in_proj_z.suh,text,model-00001-of-00002.safetensors,F16,5120,10240,model.language_model.layers.26.linear_attn.in_proj_z,exl3,3,,,
model.language_model.layers.26.linear_attn.in_proj_z.svh,text,model-00001-of-00002.safetensors,F16,6144,12288,model.language_model.layers.26.linear_attn.in_proj_z,exl3,3,,,
model.language_model.layers.26.linear_attn.in_proj_z.trellis,text,model-00001-of-00002.safetensors,I16,320x384x48,11796480,model.language_model.layers.26.linear_attn.in_proj_z,exl3,3,5120,6144,hard-eligible; heuristic/SM-dependent
model.language_model.layers.26.linear_attn.norm.weight,text,model-00001-of-00002.safetensors,BF16,128,256,model.language_model.layers.26.linear_attn.norm,,,,,
model.language_model.layers.26.linear_attn.out_proj.mul1,text,model-00001-of-00002.safetensors,I32,,4,model.language_model.layers.26.linear_attn.out_proj,exl3,3,,,
model.language_model.layers.26.linear_attn.out_proj.suh,text,model-00001-of-00002.safetensors,F16,6144,12288,model.language_model.layers.26.linear_attn.out_proj,exl3,3,,,
model.language_model.layers.26.linear_attn.out_proj.svh,text,model-00001-of-00002.safetensors,F16,5120,10240,model.language_model.layers.26.linear_attn.out_proj,exl3,3,,,
model.language_model.layers.26.linear_attn.out_proj.trellis,text,model-00001-of-00002.safetensors,I16,384x320x48,11796480,model.language_model.layers.26.linear_attn.out_proj,exl3,3,6144,5120,hard-eligible; heuristic/SM-dependent
model.language_model.layers.26.mlp.down_proj.mul1,text,model-00001-of-00002.safetensors,I32,,4,model.language_model.layers.26.mlp.down_proj,exl3,3,,,
model.language_model.layers.26.mlp.down_proj.suh,text,model-00001-of-00002.safetensors,F16,17408,34816,model.language_model.layers.26.mlp.down_proj,exl3,3,,,
model.language_model.layers.26.mlp.down_proj.svh,text,model-00001-of-00002.safetensors,F16,5120,10240,model.language_model.layers.26.mlp.down_proj,exl3,3,,,
model.language_model.layers.26.mlp.down_proj.trellis,text,model-00001-of-00002.safetensors,I16,1088x320x48,33423360,model.language_model.layers.26.mlp.down_proj,exl3,3,17408,5120,hard-eligible; heuristic/SM-dependent
model.language_model.layers.26.mlp.gate_proj.mul1,text,model-00001-of-00002.safetensors,I32,,4,model.language_model.layers.26.mlp.gate_proj,exl3,3,,,
model.language_model.layers.26.mlp.gate_proj.suh,text,model-00001-of-00002.safetensors,F16,5120,10240,model.language_model.layers.26.mlp.gate_proj,exl3,3,,,
model.language_model.layers.26.mlp.gate_proj.svh,text,model-00001-of-00002.safetensors,F16,17408,34816,model.language_model.layers.26.mlp.gate_proj,exl3,3,,,
model.language_model.layers.26.mlp.gate_proj.trellis,text,model-00001-of-00002.safetensors,I16,320x1088x48,33423360,model.language_model.layers.26.mlp.gate_proj,exl3,3,5120,17408,hard-eligible; heuristic/SM-dependent
model.language_model.layers.26.mlp.up_proj.mul1,text,model-00001-of-00002.safetensors,I32,,4,model.language_model.layers.26.mlp.up_proj,exl3,3,,,
model.language_model.layers.26.mlp.up_proj.suh,text,model-00001-of-00002.safetensors,F16,5120,10240,model.language_model.layers.26.mlp.up_proj,exl3,3,,,
model.language_model.layers.26.mlp.up_proj.svh,text,model-00001-of-00002.safetensors,F16,17408,34816,model.language_model.layers.26.mlp.up_proj,exl3,3,,,
model.language_model.layers.26.mlp.up_proj.trellis,text,model-00001-of-00002.safetensors,I16,320x1088x48,33423360,model.language_model.layers.26.mlp.up_proj,exl3,3,5120,17408,hard-eligible; heuristic/SM-dependent
model.language_model.layers.26.post_attention_layernorm.weight,text,model-00001-of-00002.safetensors,BF16,5120,10240,model.language_model.layers.26.post_attention_layernorm,,,,,
model.language_model.layers.27.input_layernorm.weight,text,model-00001-of-00002.safetensors,BF16,5120,10240,model.language_model.layers.27.input_layernorm,,,,,
model.language_model.layers.27.mlp.down_proj.mul1,text,model-00001-of-00002.safetensors,I32,,4,model.language_model.layers.27.mlp.down_proj,exl3,3,,,
model.language_model.layers.27.mlp.down_proj.suh,text,model-00001-of-00002.safetensors,F16,17408,34816,model.language_model.layers.27.mlp.down_proj,exl3,3,,,
model.language_model.layers.27.mlp.down_proj.svh,text,model-00001-of-00002.safetensors,F16,5120,10240,model.language_model.layers.27.mlp.down_proj,exl3,3,,,
model.language_model.layers.27.mlp.down_proj.trellis,text,model-00001-of-00002.safetensors,I16,1088x320x48,33423360,model.language_model.layers.27.mlp.down_proj,exl3,3,17408,5120,hard-eligible; heuristic/SM-dependent
model.language_model.layers.27.mlp.gate_proj.mul1,text,model-00001-of-00002.safetensors,I32,,4,model.language_model.layers.27.mlp.gate_proj,exl3,3,,,
model.language_model.layers.27.mlp.gate_proj.suh,text,model-00001-of-00002.safetensors,F16,5120,10240,model.language_model.layers.27.mlp.gate_proj,exl3,3,,,
model.language_model.layers.27.mlp.gate_proj.svh,text,model-00001-of-00002.safetensors,F16,17408,34816,model.language_model.layers.27.mlp.gate_proj,exl3,3,,,
model.language_model.layers.27.mlp.gate_proj.trellis,text,model-00001-of-00002.safetensors,I16,320x1088x48,33423360,model.language_model.layers.27.mlp.gate_proj,exl3,3,5120,17408,hard-eligible; heuristic/SM-dependent
model.language_model.layers.27.mlp.up_proj.mul1,text,model-00001-of-00002.safetensors,I32,,4,model.language_model.layers.27.mlp.up_proj,exl3,3,,,
model.language_model.layers.27.mlp.up_proj.suh,text,model-00001-of-00002.safetensors,F16,5120,10240,model.language_model.layers.27.mlp.up_proj,exl3,3,,,
model.language_model.layers.27.mlp.up_proj.svh,text,model-00001-of-00002.safetensors,F16,17408,34816,model.language_model.layers.27.mlp.up_proj,exl3,3,,,
model.language_model.layers.27.mlp.up_proj.trellis,text,model-00001-of-00002.safetensors,I16,320x1088x48,33423360,model.language_model.layers.27.mlp.up_proj,exl3,3,5120,17408,hard-eligible; heuristic/SM-dependent
model.language_model.layers.27.post_attention_layernorm.weight,text,model-00001-of-00002.safetensors,BF16,5120,10240,model.language_model.layers.27.post_attention_layernorm,,,,,
model.language_model.layers.27.self_attn.k_norm.weight,text,model-00001-of-00002.safetensors,BF16,256,512,model.language_model.layers.27.self_attn.k_norm,,,,,
model.language_model.layers.27.self_attn.k_proj.mul1,text,model-00001-of-00002.safetensors,I32,,4,model.language_model.layers.27.self_attn.k_proj,exl3,5,,,
model.language_model.layers.27.self_attn.k_proj.suh,text,model-00001-of-00002.safetensors,F16,5120,10240,model.language_model.layers.27.self_attn.k_proj,exl3,5,,,
model.language_model.layers.27.self_attn.k_proj.svh,text,model-00001-of-00002.safetensors,F16,1024,2048,model.language_model.layers.27.self_attn.k_proj,exl3,5,,,
model.language_model.layers.27.self_attn.k_proj.trellis,text,model-00001-of-00002.safetensors,I16,320x64x80,3276800,model.language_model.layers.27.self_attn.k_proj,exl3,5,5120,1024,general GEMM
model.language_model.layers.27.self_attn.o_proj.mul1,text,model-00001-of-00002.safetensors,I32,,4,model.language_model.layers.27.self_attn.o_proj,exl3,3,,,
model.language_model.layers.27.self_attn.o_proj.suh,text,model-00001-of-00002.safetensors,F16,6144,12288,model.language_model.layers.27.self_attn.o_proj,exl3,3,,,
model.language_model.layers.27.self_attn.o_proj.svh,text,model-00001-of-00002.safetensors,F16,5120,10240,model.language_model.layers.27.self_attn.o_proj,exl3,3,,,
model.language_model.layers.27.self_attn.o_proj.trellis,text,model-00001-of-00002.safetensors,I16,384x320x48,11796480,model.language_model.layers.27.self_attn.o_proj,exl3,3,6144,5120,hard-eligible; heuristic/SM-dependent
model.language_model.layers.27.self_attn.q_norm.weight,text,model-00001-of-00002.safetensors,BF16,256,512,model.language_model.layers.27.self_attn.q_norm,,,,,
model.language_model.layers.27.self_attn.q_proj.mul1,text,model-00001-of-00002.safetensors,I32,,4,model.language_model.layers.27.self_attn.q_proj,exl3,3,,,
model.language_model.layers.27.self_attn.q_proj.suh,text,model-00001-of-00002.safetensors,F16,5120,10240,model.language_model.layers.27.self_attn.q_proj,exl3,3,,,
model.language_model.layers.27.self_attn.q_proj.svh,text,model-00001-of-00002.safetensors,F16,12288,24576,model.language_model.layers.27.self_attn.q_proj,exl3,3,,,
model.language_model.layers.27.self_attn.q_proj.trellis,text,model-00001-of-00002.safetensors,I16,320x768x48,23592960,model.language_model.layers.27.self_attn.q_proj,exl3,3,5120,12288,hard-eligible; heuristic/SM-dependent
model.language_model.layers.27.self_attn.v_proj.mul1,text,model-00001-of-00002.safetensors,I32,,4,model.language_model.layers.27.self_attn.v_proj,exl3,5,,,
model.language_model.layers.27.self_attn.v_proj.suh,text,model-00001-of-00002.safetensors,F16,5120,10240,model.language_model.layers.27.self_attn.v_proj,exl3,5,,,
model.language_model.layers.27.self_attn.v_proj.svh,text,model-00001-of-00002.safetensors,F16,1024,2048,model.language_model.layers.27.self_attn.v_proj,exl3,5,,,
model.language_model.layers.27.self_attn.v_proj.trellis,text,model-00001-of-00002.safetensors,I16,320x64x80,3276800,model.language_model.layers.27.self_attn.v_proj,exl3,5,5120,1024,general GEMM
model.language_model.layers.28.input_layernorm.weight,text,model-00001-of-00002.safetensors,BF16,5120,10240,model.language_model.layers.28.input_layernorm,,,,,
model.language_model.layers.28.linear_attn.A_log,text,model-00001-of-00002.safetensors,BF16,48,96,,,,,,
model.language_model.layers.28.linear_attn.conv1d.weight,text,model-00001-of-00002.safetensors,BF16,10240x1x4,81920,,,,,,
model.language_model.layers.28.linear_attn.dt_bias,text,model-00001-of-00002.safetensors,BF16,48,96,,,,,,
model.language_model.layers.28.linear_attn.in_proj_a.weight,text,model-00001-of-00002.safetensors,F16,48x5120,491520,model.language_model.layers.28.linear_attn.in_proj_a,,,,,
model.language_model.layers.28.linear_attn.in_proj_b.weight,text,model-00001-of-00002.safetensors,F16,48x5120,491520,model.language_model.layers.28.linear_attn.in_proj_b,,,,,
model.language_model.layers.28.linear_attn.in_proj_qkv.mul1,text,model-00001-of-00002.safetensors,I32,,4,model.language_model.layers.28.linear_attn.in_proj_qkv,exl3,3,,,
model.language_model.layers.28.linear_attn.in_proj_qkv.suh,text,model-00001-of-00002.safetensors,F16,5120,10240,model.language_model.layers.28.linear_attn.in_proj_qkv,exl3,3,,,
model.language_model.layers.28.linear_attn.in_proj_qkv.svh,text,model-00001-of-00002.safetensors,F16,10240,20480,model.language_model.layers.28.linear_attn.in_proj_qkv,exl3,3,,,
model.language_model.layers.28.linear_attn.in_proj_qkv.trellis,text,model-00001-of-00002.safetensors,I16,320x640x48,19660800,model.language_model.layers.28.linear_attn.in_proj_qkv,exl3,3,5120,10240,hard-eligible; heuristic/SM-dependent
model.language_model.layers.28.linear_attn.in_proj_z.mul1,text,model-00001-of-00002.safetensors,I32,,4,model.language_model.layers.28.linear_attn.in_proj_z,exl3,3,,,
model.language_model.layers.28.linear_attn.in_proj_z.suh,text,model-00001-of-00002.safetensors,F16,5120,10240,model.language_model.layers.28.linear_attn.in_proj_z,exl3,3,,,
model.language_model.layers.28.linear_attn.in_proj_z.svh,text,model-00001-of-00002.safetensors,F16,6144,12288,model.language_model.layers.28.linear_attn.in_proj_z,exl3,3,,,
model.language_model.layers.28.linear_attn.in_proj_z.trellis,text,model-00001-of-00002.safetensors,I16,320x384x48,11796480,model.language_model.layers.28.linear_attn.in_proj_z,exl3,3,5120,6144,hard-eligible; heuristic/SM-dependent
model.language_model.layers.28.linear_attn.norm.weight,text,model-00001-of-00002.safetensors,BF16,128,256,model.language_model.layers.28.linear_attn.norm,,,,,
model.language_model.layers.28.linear_attn.out_proj.mul1,text,model-00001-of-00002.safetensors,I32,,4,model.language_model.layers.28.linear_attn.out_proj,exl3,3,,,
model.language_model.layers.28.linear_attn.out_proj.suh,text,model-00001-of-00002.safetensors,F16,6144,12288,model.language_model.layers.28.linear_attn.out_proj,exl3,3,,,
model.language_model.layers.28.linear_attn.out_proj.svh,text,model-00001-of-00002.safetensors,F16,5120,10240,model.language_model.layers.28.linear_attn.out_proj,exl3,3,,,
model.language_model.layers.28.linear_attn.out_proj.trellis,text,model-00001-of-00002.safetensors,I16,384x320x48,11796480,model.language_model.layers.28.linear_attn.out_proj,exl3,3,6144,5120,hard-eligible; heuristic/SM-dependent
model.language_model.layers.28.mlp.down_proj.mul1,text,model-00001-of-00002.safetensors,I32,,4,model.language_model.layers.28.mlp.down_proj,exl3,3,,,
model.language_model.layers.28.mlp.down_proj.suh,text,model-00001-of-00002.safetensors,F16,17408,34816,model.language_model.layers.28.mlp.down_proj,exl3,3,,,
model.language_model.layers.28.mlp.down_proj.svh,text,model-00001-of-00002.safetensors,F16,5120,10240,model.language_model.layers.28.mlp.down_proj,exl3,3,,,
model.language_model.layers.28.mlp.down_proj.trellis,text,model-00001-of-00002.safetensors,I16,1088x320x48,33423360,model.language_model.layers.28.mlp.down_proj,exl3,3,17408,5120,hard-eligible; heuristic/SM-dependent
model.language_model.layers.28.mlp.gate_proj.mul1,text,model-00001-of-00002.safetensors,I32,,4,model.language_model.layers.28.mlp.gate_proj,exl3,3,,,
model.language_model.layers.28.mlp.gate_proj.suh,text,model-00001-of-00002.safetensors,F16,5120,10240,model.language_model.layers.28.mlp.gate_proj,exl3,3,,,
model.language_model.layers.28.mlp.gate_proj.svh,text,model-00001-of-00002.safetensors,F16,17408,34816,model.language_model.layers.28.mlp.gate_proj,exl3,3,,,
model.language_model.layers.28.mlp.gate_proj.trellis,text,model-00001-of-00002.safetensors,I16,320x1088x48,33423360,model.language_model.layers.28.mlp.gate_proj,exl3,3,5120,17408,hard-eligible; heuristic/SM-dependent
model.language_model.layers.28.mlp.up_proj.mul1,text,model-00001-of-00002.safetensors,I32,,4,model.language_model.layers.28.mlp.up_proj,exl3,3,,,
model.language_model.layers.28.mlp.up_proj.suh,text,model-00001-of-00002.safetensors,F16,5120,10240,model.language_model.layers.28.mlp.up_proj,exl3,3,,,
model.language_model.layers.28.mlp.up_proj.svh,text,model-00001-of-00002.safetensors,F16,17408,34816,model.language_model.layers.28.mlp.up_proj,exl3,3,,,
model.language_model.layers.28.mlp.up_proj.trellis,text,model-00001-of-00002.safetensors,I16,320x1088x48,33423360,model.language_model.layers.28.mlp.up_proj,exl3,3,5120,17408,hard-eligible; heuristic/SM-dependent
model.language_model.layers.28.post_attention_layernorm.weight,text,model-00001-of-00002.safetensors,BF16,5120,10240,model.language_model.layers.28.post_attention_layernorm,,,,,
model.language_model.layers.29.input_layernorm.weight,text,model-00001-of-00002.safetensors,BF16,5120,10240,model.language_model.layers.29.input_layernorm,,,,,
model.language_model.layers.29.linear_attn.A_log,text,model-00001-of-00002.safetensors,BF16,48,96,,,,,,
model.language_model.layers.29.linear_attn.conv1d.weight,text,model-00001-of-00002.safetensors,BF16,10240x1x4,81920,,,,,,
model.language_model.layers.29.linear_attn.dt_bias,text,model-00001-of-00002.safetensors,BF16,48,96,,,,,,
model.language_model.layers.29.linear_attn.in_proj_a.weight,text,model-00001-of-00002.safetensors,F16,48x5120,491520,model.language_model.layers.29.linear_attn.in_proj_a,,,,,
model.language_model.layers.29.linear_attn.in_proj_b.weight,text,model-00001-of-00002.safetensors,F16,48x5120,491520,model.language_model.layers.29.linear_attn.in_proj_b,,,,,
model.language_model.layers.29.linear_attn.in_proj_qkv.mul1,text,model-00001-of-00002.safetensors,I32,,4,model.language_model.layers.29.linear_attn.in_proj_qkv,exl3,3,,,
model.language_model.layers.29.linear_attn.in_proj_qkv.suh,text,model-00001-of-00002.safetensors,F16,5120,10240,model.language_model.layers.29.linear_attn.in_proj_qkv,exl3,3,,,
model.language_model.layers.29.linear_attn.in_proj_qkv.svh,text,model-00001-of-00002.safetensors,F16,10240,20480,model.language_model.layers.29.linear_attn.in_proj_qkv,exl3,3,,,
model.language_model.layers.29.linear_attn.in_proj_qkv.trellis,text,model-00001-of-00002.safetensors,I16,320x640x48,19660800,model.language_model.layers.29.linear_attn.in_proj_qkv,exl3,3,5120,10240,hard-eligible; heuristic/SM-dependent
model.language_model.layers.29.linear_attn.in_proj_z.mul1,text,model-00001-of-00002.safetensors,I32,,4,model.language_model.layers.29.linear_attn.in_proj_z,exl3,3,,,
model.language_model.layers.29.linear_attn.in_proj_z.suh,text,model-00001-of-00002.safetensors,F16,5120,10240,model.language_model.layers.29.linear_attn.in_proj_z,exl3,3,,,
model.language_model.layers.29.linear_attn.in_proj_z.svh,text,model-00001-of-00002.safetensors,F16,6144,12288,model.language_model.layers.29.linear_attn.in_proj_z,exl3,3,,,
model.language_model.layers.29.linear_attn.in_proj_z.trellis,text,model-00001-of-00002.safetensors,I16,320x384x48,11796480,model.language_model.layers.29.linear_attn.in_proj_z,exl3,3,5120,6144,hard-eligible; heuristic/SM-dependent
model.language_model.layers.29.linear_attn.norm.weight,text,model-00001-of-00002.safetensors,BF16,128,256,model.language_model.layers.29.linear_attn.norm,,,,,
model.language_model.layers.29.linear_attn.out_proj.mul1,text,model-00001-of-00002.safetensors,I32,,4,model.language_model.layers.29.linear_attn.out_proj,exl3,3,,,
model.language_model.layers.29.linear_attn.out_proj.suh,text,model-00001-of-00002.safetensors,F16,6144,12288,model.language_model.layers.29.linear_attn.out_proj,exl3,3,,,
model.language_model.layers.29.linear_attn.out_proj.svh,text,model-00001-of-00002.safetensors,F16,5120,10240,model.language_model.layers.29.linear_attn.out_proj,exl3,3,,,
model.language_model.layers.29.linear_attn.out_proj.trellis,text,model-00001-of-00002.safetensors,I16,384x320x48,11796480,model.language_model.layers.29.linear_attn.out_proj,exl3,3,6144,5120,hard-eligible; heuristic/SM-dependent
model.language_model.layers.29.mlp.down_proj.mul1,text,model-00001-of-00002.safetensors,I32,,4,model.language_model.layers.29.mlp.down_proj,exl3,3,,,
model.language_model.layers.29.mlp.down_proj.suh,text,model-00001-of-00002.safetensors,F16,17408,34816,model.language_model.layers.29.mlp.down_proj,exl3,3,,,
model.language_model.layers.29.mlp.down_proj.svh,text,model-00001-of-00002.safetensors,F16,5120,10240,model.language_model.layers.29.mlp.down_proj,exl3,3,,,
model.language_model.layers.29.mlp.down_proj.trellis,text,model-00001-of-00002.safetensors,I16,1088x320x48,33423360,model.language_model.layers.29.mlp.down_proj,exl3,3,17408,5120,hard-eligible; heuristic/SM-dependent
model.language_model.layers.29.mlp.gate_proj.mul1,text,model-00001-of-00002.safetensors,I32,,4,model.language_model.layers.29.mlp.gate_proj,exl3,3,,,
model.language_model.layers.29.mlp.gate_proj.suh,text,model-00001-of-00002.safetensors,F16,5120,10240,model.language_model.layers.29.mlp.gate_proj,exl3,3,,,
model.language_model.layers.29.mlp.gate_proj.svh,text,model-00001-of-00002.safetensors,F16,17408,34816,model.language_model.layers.29.mlp.gate_proj,exl3,3,,,
model.language_model.layers.29.mlp.gate_proj.trellis,text,model-00001-of-00002.safetensors,I16,320x1088x48,33423360,model.language_model.layers.29.mlp.gate_proj,exl3,3,5120,17408,hard-eligible; heuristic/SM-dependent
model.language_model.layers.29.mlp.up_proj.mul1,text,model-00001-of-00002.safetensors,I32,,4,model.language_model.layers.29.mlp.up_proj,exl3,3,,,
model.language_model.layers.29.mlp.up_proj.suh,text,model-00001-of-00002.safetensors,F16,5120,10240,model.language_model.layers.29.mlp.up_proj,exl3,3,,,
model.language_model.layers.29.mlp.up_proj.svh,text,model-00001-of-00002.safetensors,F16,17408,34816,model.language_model.layers.29.mlp.up_proj,exl3,3,,,
model.language_model.layers.29.mlp.up_proj.trellis,text,model-00001-of-00002.safetensors,I16,320x1088x48,33423360,model.language_model.layers.29.mlp.up_proj,exl3,3,5120,17408,hard-eligible; heuristic/SM-dependent
model.language_model.layers.29.post_attention_layernorm.weight,text,model-00001-of-00002.safetensors,BF16,5120,10240,model.language_model.layers.29.post_attention_layernorm,,,,,
model.language_model.layers.3.input_layernorm.weight,text,model-00001-of-00002.safetensors,BF16,5120,10240,model.language_model.layers.3.input_layernorm,,,,,
model.language_model.layers.3.mlp.down_proj.mul1,text,model-00001-of-00002.safetensors,I32,,4,model.language_model.layers.3.mlp.down_proj,exl3,3,,,
model.language_model.layers.3.mlp.down_proj.suh,text,model-00001-of-00002.safetensors,F16,17408,34816,model.language_model.layers.3.mlp.down_proj,exl3,3,,,
model.language_model.layers.3.mlp.down_proj.svh,text,model-00001-of-00002.safetensors,F16,5120,10240,model.language_model.layers.3.mlp.down_proj,exl3,3,,,
model.language_model.layers.3.mlp.down_proj.trellis,text,model-00001-of-00002.safetensors,I16,1088x320x48,33423360,model.language_model.layers.3.mlp.down_proj,exl3,3,17408,5120,hard-eligible; heuristic/SM-dependent
model.language_model.layers.3.mlp.gate_proj.mul1,text,model-00001-of-00002.safetensors,I32,,4,model.language_model.layers.3.mlp.gate_proj,exl3,3,,,
model.language_model.layers.3.mlp.gate_proj.suh,text,model-00001-of-00002.safetensors,F16,5120,10240,model.language_model.layers.3.mlp.gate_proj,exl3,3,,,
model.language_model.layers.3.mlp.gate_proj.svh,text,model-00001-of-00002.safetensors,F16,17408,34816,model.language_model.layers.3.mlp.gate_proj,exl3,3,,,
model.language_model.layers.3.mlp.gate_proj.trellis,text,model-00001-of-00002.safetensors,I16,320x1088x48,33423360,model.language_model.layers.3.mlp.gate_proj,exl3,3,5120,17408,hard-eligible; heuristic/SM-dependent
model.language_model.layers.3.mlp.up_proj.mul1,text,model-00001-of-00002.safetensors,I32,,4,model.language_model.layers.3.mlp.up_proj,exl3,3,,,
model.language_model.layers.3.mlp.up_proj.suh,text,model-00001-of-00002.safetensors,F16,5120,10240,model.language_model.layers.3.mlp.up_proj,exl3,3,,,
model.language_model.layers.3.mlp.up_proj.svh,text,model-00001-of-00002.safetensors,F16,17408,34816,model.language_model.layers.3.mlp.up_proj,exl3,3,,,
model.language_model.layers.3.mlp.up_proj.trellis,text,model-00001-of-00002.safetensors,I16,320x1088x48,33423360,model.language_model.layers.3.mlp.up_proj,exl3,3,5120,17408,hard-eligible; heuristic/SM-dependent
model.language_model.layers.3.post_attention_layernorm.weight,text,model-00001-of-00002.safetensors,BF16,5120,10240,model.language_model.layers.3.post_attention_layernorm,,,,,
model.language_model.layers.3.self_attn.k_norm.weight,text,model-00001-of-00002.safetensors,BF16,256,512,model.language_model.layers.3.self_attn.k_norm,,,,,
model.language_model.layers.3.self_attn.k_proj.mul1,text,model-00001-of-00002.safetensors,I32,,4,model.language_model.layers.3.self_attn.k_proj,exl3,4,,,
model.language_model.layers.3.self_attn.k_proj.suh,text,model-00001-of-00002.safetensors,F16,5120,10240,model.language_model.layers.3.self_attn.k_proj,exl3,4,,,
model.language_model.layers.3.self_attn.k_proj.svh,text,model-00001-of-00002.safetensors,F16,1024,2048,model.language_model.layers.3.self_attn.k_proj,exl3,4,,,
model.language_model.layers.3.self_attn.k_proj.trellis,text,model-00001-of-00002.safetensors,I16,320x64x64,2621440,model.language_model.layers.3.self_attn.k_proj,exl3,4,5120,1024,hard-eligible; heuristic/SM-dependent
model.language_model.layers.3.self_attn.o_proj.mul1,text,model-00001-of-00002.safetensors,I32,,4,model.language_model.layers.3.self_attn.o_proj,exl3,3,,,
model.language_model.layers.3.self_attn.o_proj.suh,text,model-00001-of-00002.safetensors,F16,6144,12288,model.language_model.layers.3.self_attn.o_proj,exl3,3,,,
model.language_model.layers.3.self_attn.o_proj.svh,text,model-00001-of-00002.safetensors,F16,5120,10240,model.language_model.layers.3.self_attn.o_proj,exl3,3,,,
model.language_model.layers.3.self_attn.o_proj.trellis,text,model-00001-of-00002.safetensors,I16,384x320x48,11796480,model.language_model.layers.3.self_attn.o_proj,exl3,3,6144,5120,hard-eligible; heuristic/SM-dependent
model.language_model.layers.3.self_attn.q_norm.weight,text,model-00001-of-00002.safetensors,BF16,256,512,model.language_model.layers.3.self_attn.q_norm,,,,,
model.language_model.layers.3.self_attn.q_proj.mul1,text,model-00001-of-00002.safetensors,I32,,4,model.language_model.layers.3.self_attn.q_proj,exl3,3,,,
model.language_model.layers.3.self_attn.q_proj.suh,text,model-00001-of-00002.safetensors,F16,5120,10240,model.language_model.layers.3.self_attn.q_proj,exl3,3,,,
model.language_model.layers.3.self_attn.q_proj.svh,text,model-00001-of-00002.safetensors,F16,12288,24576,model.language_model.layers.3.self_attn.q_proj,exl3,3,,,
model.language_model.layers.3.self_attn.q_proj.trellis,text,model-00001-of-00002.safetensors,I16,320x768x48,23592960,model.language_model.layers.3.self_attn.q_proj,exl3,3,5120,12288,hard-eligible; heuristic/SM-dependent
model.language_model.layers.3.self_attn.v_proj.mul1,text,model-00001-of-00002.safetensors,I32,,4,model.language_model.layers.3.self_attn.v_proj,exl3,4,,,
model.language_model.layers.3.self_attn.v_proj.suh,text,model-00001-of-00002.safetensors,F16,5120,10240,model.language_model.layers.3.self_attn.v_proj,exl3,4,,,
model.language_model.layers.3.self_attn.v_proj.svh,text,model-00001-of-00002.safetensors,F16,1024,2048,model.language_model.layers.3.self_attn.v_proj,exl3,4,,,
model.language_model.layers.3.self_attn.v_proj.trellis,text,model-00001-of-00002.safetensors,I16,320x64x64,2621440,model.language_model.layers.3.self_attn.v_proj,exl3,4,5120,1024,hard-eligible; heuristic/SM-dependent
model.language_model.layers.30.input_layernorm.weight,text,model-00001-of-00002.safetensors,BF16,5120,10240,model.language_model.layers.30.input_layernorm,,,,,
model.language_model.layers.30.linear_attn.A_log,text,model-00001-of-00002.safetensors,BF16,48,96,,,,,,
model.language_model.layers.30.linear_attn.conv1d.weight,text,model-00001-of-00002.safetensors,BF16,10240x1x4,81920,,,,,,
model.language_model.layers.30.linear_attn.dt_bias,text,model-00001-of-00002.safetensors,BF16,48,96,,,,,,
model.language_model.layers.30.linear_attn.in_proj_a.weight,text,model-00001-of-00002.safetensors,F16,48x5120,491520,model.language_model.layers.30.linear_attn.in_proj_a,,,,,
model.language_model.layers.30.linear_attn.in_proj_b.weight,text,model-00001-of-00002.safetensors,F16,48x5120,491520,model.language_model.layers.30.linear_attn.in_proj_b,,,,,
model.language_model.layers.30.linear_attn.in_proj_qkv.mul1,text,model-00001-of-00002.safetensors,I32,,4,model.language_model.layers.30.linear_attn.in_proj_qkv,exl3,3,,,
model.language_model.layers.30.linear_attn.in_proj_qkv.suh,text,model-00001-of-00002.safetensors,F16,5120,10240,model.language_model.layers.30.linear_attn.in_proj_qkv,exl3,3,,,
model.language_model.layers.30.linear_attn.in_proj_qkv.svh,text,model-00001-of-00002.safetensors,F16,10240,20480,model.language_model.layers.30.linear_attn.in_proj_qkv,exl3,3,,,
model.language_model.layers.30.linear_attn.in_proj_qkv.trellis,text,model-00001-of-00002.safetensors,I16,320x640x48,19660800,model.language_model.layers.30.linear_attn.in_proj_qkv,exl3,3,5120,10240,hard-eligible; heuristic/SM-dependent
model.language_model.layers.30.linear_attn.in_proj_z.mul1,text,model-00001-of-00002.safetensors,I32,,4,model.language_model.layers.30.linear_attn.in_proj_z,exl3,3,,,
model.language_model.layers.30.linear_attn.in_proj_z.suh,text,model-00001-of-00002.safetensors,F16,5120,10240,model.language_model.layers.30.linear_attn.in_proj_z,exl3,3,,,
model.language_model.layers.30.linear_attn.in_proj_z.svh,text,model-00001-of-00002.safetensors,F16,6144,12288,model.language_model.layers.30.linear_attn.in_proj_z,exl3,3,,,
model.language_model.layers.30.linear_attn.in_proj_z.trellis,text,model-00001-of-00002.safetensors,I16,320x384x48,11796480,model.language_model.layers.30.linear_attn.in_proj_z,exl3,3,5120,6144,hard-eligible; heuristic/SM-dependent
model.language_model.layers.30.linear_attn.norm.weight,text,model-00001-of-00002.safetensors,BF16,128,256,model.language_model.layers.30.linear_attn.norm,,,,,
model.language_model.layers.30.linear_attn.out_proj.mul1,text,model-00001-of-00002.safetensors,I32,,4,model.language_model.layers.30.linear_attn.out_proj,exl3,3,,,
model.language_model.layers.30.linear_attn.out_proj.suh,text,model-00001-of-00002.safetensors,F16,6144,12288,model.language_model.layers.30.linear_attn.out_proj,exl3,3,,,
model.language_model.layers.30.linear_attn.out_proj.svh,text,model-00001-of-00002.safetensors,F16,5120,10240,model.language_model.layers.30.linear_attn.out_proj,exl3,3,,,
model.language_model.layers.30.linear_attn.out_proj.trellis,text,model-00001-of-00002.safetensors,I16,384x320x48,11796480,model.language_model.layers.30.linear_attn.out_proj,exl3,3,6144,5120,hard-eligible; heuristic/SM-dependent
model.language_model.layers.30.mlp.down_proj.mul1,text,model-00001-of-00002.safetensors,I32,,4,model.language_model.layers.30.mlp.down_proj,exl3,3,,,
model.language_model.layers.30.mlp.down_proj.suh,text,model-00001-of-00002.safetensors,F16,17408,34816,model.language_model.layers.30.mlp.down_proj,exl3,3,,,
model.language_model.layers.30.mlp.down_proj.svh,text,model-00001-of-00002.safetensors,F16,5120,10240,model.language_model.layers.30.mlp.down_proj,exl3,3,,,
model.language_model.layers.30.mlp.down_proj.trellis,text,model-00001-of-00002.safetensors,I16,1088x320x48,33423360,model.language_model.layers.30.mlp.down_proj,exl3,3,17408,5120,hard-eligible; heuristic/SM-dependent
model.language_model.layers.30.mlp.gate_proj.mul1,text,model-00001-of-00002.safetensors,I32,,4,model.language_model.layers.30.mlp.gate_proj,exl3,3,,,
model.language_model.layers.30.mlp.gate_proj.suh,text,model-00001-of-00002.safetensors,F16,5120,10240,model.language_model.layers.30.mlp.gate_proj,exl3,3,,,
model.language_model.layers.30.mlp.gate_proj.svh,text,model-00001-of-00002.safetensors,F16,17408,34816,model.language_model.layers.30.mlp.gate_proj,exl3,3,,,
model.language_model.layers.30.mlp.gate_proj.trellis,text,model-00001-of-00002.safetensors,I16,320x1088x48,33423360,model.language_model.layers.30.mlp.gate_proj,exl3,3,5120,17408,hard-eligible; heuristic/SM-dependent
model.language_model.layers.30.mlp.up_proj.mul1,text,model-00001-of-00002.safetensors,I32,,4,model.language_model.layers.30.mlp.up_proj,exl3,3,,,
model.language_model.layers.30.mlp.up_proj.suh,text,model-00001-of-00002.safetensors,F16,5120,10240,model.language_model.layers.30.mlp.up_proj,exl3,3,,,
model.language_model.layers.30.mlp.up_proj.svh,text,model-00001-of-00002.safetensors,F16,17408,34816,model.language_model.layers.30.mlp.up_proj,exl3,3,,,
model.language_model.layers.30.mlp.up_proj.trellis,text,model-00001-of-00002.safetensors,I16,320x1088x48,33423360,model.language_model.layers.30.mlp.up_proj,exl3,3,5120,17408,hard-eligible; heuristic/SM-dependent
model.language_model.layers.30.post_attention_layernorm.weight,text,model-00001-of-00002.safetensors,BF16,5120,10240,model.language_model.layers.30.post_attention_layernorm,,,,,
model.language_model.layers.31.input_layernorm.weight,text,model-00001-of-00002.safetensors,BF16,5120,10240,model.language_model.layers.31.input_layernorm,,,,,
model.language_model.layers.31.mlp.down_proj.mul1,text,model-00001-of-00002.safetensors,I32,,4,model.language_model.layers.31.mlp.down_proj,exl3,3,,,
model.language_model.layers.31.mlp.down_proj.suh,text,model-00001-of-00002.safetensors,F16,17408,34816,model.language_model.layers.31.mlp.down_proj,exl3,3,,,
model.language_model.layers.31.mlp.down_proj.svh,text,model-00001-of-00002.safetensors,F16,5120,10240,model.language_model.layers.31.mlp.down_proj,exl3,3,,,
model.language_model.layers.31.mlp.down_proj.trellis,text,model-00001-of-00002.safetensors,I16,1088x320x48,33423360,model.language_model.layers.31.mlp.down_proj,exl3,3,17408,5120,hard-eligible; heuristic/SM-dependent
model.language_model.layers.31.mlp.gate_proj.mul1,text,model-00001-of-00002.safetensors,I32,,4,model.language_model.layers.31.mlp.gate_proj,exl3,2,,,
model.language_model.layers.31.mlp.gate_proj.suh,text,model-00001-of-00002.safetensors,F16,5120,10240,model.language_model.layers.31.mlp.gate_proj,exl3,2,,,
model.language_model.layers.31.mlp.gate_proj.svh,text,model-00001-of-00002.safetensors,F16,17408,34816,model.language_model.layers.31.mlp.gate_proj,exl3,2,,,
model.language_model.layers.31.mlp.gate_proj.trellis,text,model-00001-of-00002.safetensors,I16,320x1088x32,22282240,model.language_model.layers.31.mlp.gate_proj,exl3,2,5120,17408,hard-eligible; heuristic/SM-dependent
model.language_model.layers.31.mlp.up_proj.mul1,text,model-00001-of-00002.safetensors,I32,,4,model.language_model.layers.31.mlp.up_proj,exl3,2,,,
model.language_model.layers.31.mlp.up_proj.suh,text,model-00001-of-00002.safetensors,F16,5120,10240,model.language_model.layers.31.mlp.up_proj,exl3,2,,,
model.language_model.layers.31.mlp.up_proj.svh,text,model-00001-of-00002.safetensors,F16,17408,34816,model.language_model.layers.31.mlp.up_proj,exl3,2,,,
model.language_model.layers.31.mlp.up_proj.trellis,text,model-00001-of-00002.safetensors,I16,320x1088x32,22282240,model.language_model.layers.31.mlp.up_proj,exl3,2,5120,17408,hard-eligible; heuristic/SM-dependent
model.language_model.layers.31.post_attention_layernorm.weight,text,model-00001-of-00002.safetensors,BF16,5120,10240,model.language_model.layers.31.post_attention_layernorm,,,,,
model.language_model.layers.31.self_attn.k_norm.weight,text,model-00001-of-00002.safetensors,BF16,256,512,model.language_model.layers.31.self_attn.k_norm,,,,,
model.language_model.layers.31.self_attn.k_proj.mul1,text,model-00001-of-00002.safetensors,I32,,4,model.language_model.layers.31.self_attn.k_proj,exl3,4,,,
model.language_model.layers.31.self_attn.k_proj.suh,text,model-00001-of-00002.safetensors,F16,5120,10240,model.language_model.layers.31.self_attn.k_proj,exl3,4,,,
model.language_model.layers.31.self_attn.k_proj.svh,text,model-00001-of-00002.safetensors,F16,1024,2048,model.language_model.layers.31.self_attn.k_proj,exl3,4,,,
model.language_model.layers.31.self_attn.k_proj.trellis,text,model-00001-of-00002.safetensors,I16,320x64x64,2621440,model.language_model.layers.31.self_attn.k_proj,exl3,4,5120,1024,hard-eligible; heuristic/SM-dependent
model.language_model.layers.31.self_attn.o_proj.mul1,text,model-00001-of-00002.safetensors,I32,,4,model.language_model.layers.31.self_attn.o_proj,exl3,3,,,
model.language_model.layers.31.self_attn.o_proj.suh,text,model-00001-of-00002.safetensors,F16,6144,12288,model.language_model.layers.31.self_attn.o_proj,exl3,3,,,
model.language_model.layers.31.self_attn.o_proj.svh,text,model-00001-of-00002.safetensors,F16,5120,10240,model.language_model.layers.31.self_attn.o_proj,exl3,3,,,
model.language_model.layers.31.self_attn.o_proj.trellis,text,model-00001-of-00002.safetensors,I16,384x320x48,11796480,model.language_model.layers.31.self_attn.o_proj,exl3,3,6144,5120,hard-eligible; heuristic/SM-dependent
model.language_model.layers.31.self_attn.q_norm.weight,text,model-00001-of-00002.safetensors,BF16,256,512,model.language_model.layers.31.self_attn.q_norm,,,,,
model.language_model.layers.31.self_attn.q_proj.mul1,text,model-00001-of-00002.safetensors,I32,,4,model.language_model.layers.31.self_attn.q_proj,exl3,3,,,
model.language_model.layers.31.self_attn.q_proj.suh,text,model-00001-of-00002.safetensors,F16,5120,10240,model.language_model.layers.31.self_attn.q_proj,exl3,3,,,
model.language_model.layers.31.self_attn.q_proj.svh,text,model-00001-of-00002.safetensors,F16,12288,24576,model.language_model.layers.31.self_attn.q_proj,exl3,3,,,
model.language_model.layers.31.self_attn.q_proj.trellis,text,model-00001-of-00002.safetensors,I16,320x768x48,23592960,model.language_model.layers.31.self_attn.q_proj,exl3,3,5120,12288,hard-eligible; heuristic/SM-dependent
model.language_model.layers.31.self_attn.v_proj.mul1,text,model-00001-of-00002.safetensors,I32,,4,model.language_model.layers.31.self_attn.v_proj,exl3,4,,,
model.language_model.layers.31.self_attn.v_proj.suh,text,model-00001-of-00002.safetensors,F16,5120,10240,model.language_model.layers.31.self_attn.v_proj,exl3,4,,,
model.language_model.layers.31.self_attn.v_proj.svh,text,model-00001-of-00002.safetensors,F16,1024,2048,model.language_model.layers.31.self_attn.v_proj,exl3,4,,,
model.language_model.layers.31.self_attn.v_proj.trellis,text,model-00001-of-00002.safetensors,I16,320x64x64,2621440,model.language_model.layers.31.self_attn.v_proj,exl3,4,5120,1024,hard-eligible; heuristic/SM-dependent
model.language_model.layers.32.input_layernorm.weight,text,model-00001-of-00002.safetensors,BF16,5120,10240,model.language_model.layers.32.input_layernorm,,,,,
model.language_model.layers.32.linear_attn.A_log,text,model-00001-of-00002.safetensors,BF16,48,96,,,,,,
model.language_model.layers.32.linear_attn.conv1d.weight,text,model-00001-of-00002.safetensors,BF16,10240x1x4,81920,,,,,,
model.language_model.layers.32.linear_attn.dt_bias,text,model-00001-of-00002.safetensors,BF16,48,96,,,,,,
model.language_model.layers.32.linear_attn.in_proj_a.weight,text,model-00001-of-00002.safetensors,F16,48x5120,491520,model.language_model.layers.32.linear_attn.in_proj_a,,,,,
model.language_model.layers.32.linear_attn.in_proj_b.weight,text,model-00001-of-00002.safetensors,F16,48x5120,491520,model.language_model.layers.32.linear_attn.in_proj_b,,,,,
model.language_model.layers.32.linear_attn.in_proj_qkv.mul1,text,model-00001-of-00002.safetensors,I32,,4,model.language_model.layers.32.linear_attn.in_proj_qkv,exl3,3,,,
model.language_model.layers.32.linear_attn.in_proj_qkv.suh,text,model-00001-of-00002.safetensors,F16,5120,10240,model.language_model.layers.32.linear_attn.in_proj_qkv,exl3,3,,,
model.language_model.layers.32.linear_attn.in_proj_qkv.svh,text,model-00001-of-00002.safetensors,F16,10240,20480,model.language_model.layers.32.linear_attn.in_proj_qkv,exl3,3,,,
model.language_model.layers.32.linear_attn.in_proj_qkv.trellis,text,model-00001-of-00002.safetensors,I16,320x640x48,19660800,model.language_model.layers.32.linear_attn.in_proj_qkv,exl3,3,5120,10240,hard-eligible; heuristic/SM-dependent
model.language_model.layers.32.linear_attn.in_proj_z.mul1,text,model-00001-of-00002.safetensors,I32,,4,model.language_model.layers.32.linear_attn.in_proj_z,exl3,3,,,
model.language_model.layers.32.linear_attn.in_proj_z.suh,text,model-00001-of-00002.safetensors,F16,5120,10240,model.language_model.layers.32.linear_attn.in_proj_z,exl3,3,,,
model.language_model.layers.32.linear_attn.in_proj_z.svh,text,model-00001-of-00002.safetensors,F16,6144,12288,model.language_model.layers.32.linear_attn.in_proj_z,exl3,3,,,
model.language_model.layers.32.linear_attn.in_proj_z.trellis,text,model-00001-of-00002.safetensors,I16,320x384x48,11796480,model.language_model.layers.32.linear_attn.in_proj_z,exl3,3,5120,6144,hard-eligible; heuristic/SM-dependent
model.language_model.layers.32.linear_attn.norm.weight,text,model-00001-of-00002.safetensors,BF16,128,256,model.language_model.layers.32.linear_attn.norm,,,,,
model.language_model.layers.32.linear_attn.out_proj.mul1,text,model-00001-of-00002.safetensors,I32,,4,model.language_model.layers.32.linear_attn.out_proj,exl3,3,,,
model.language_model.layers.32.linear_attn.out_proj.suh,text,model-00001-of-00002.safetensors,F16,6144,12288,model.language_model.layers.32.linear_attn.out_proj,exl3,3,,,
model.language_model.layers.32.linear_attn.out_proj.svh,text,model-00001-of-00002.safetensors,F16,5120,10240,model.language_model.layers.32.linear_attn.out_proj,exl3,3,,,
model.language_model.layers.32.linear_attn.out_proj.trellis,text,model-00001-of-00002.safetensors,I16,384x320x48,11796480,model.language_model.layers.32.linear_attn.out_proj,exl3,3,6144,5120,hard-eligible; heuristic/SM-dependent
model.language_model.layers.32.mlp.down_proj.mul1,text,model-00001-of-00002.safetensors,I32,,4,model.language_model.layers.32.mlp.down_proj,exl3,3,,,
model.language_model.layers.32.mlp.down_proj.suh,text,model-00001-of-00002.safetensors,F16,17408,34816,model.language_model.layers.32.mlp.down_proj,exl3,3,,,
model.language_model.layers.32.mlp.down_proj.svh,text,model-00001-of-00002.safetensors,F16,5120,10240,model.language_model.layers.32.mlp.down_proj,exl3,3,,,
model.language_model.layers.32.mlp.down_proj.trellis,text,model-00001-of-00002.safetensors,I16,1088x320x48,33423360,model.language_model.layers.32.mlp.down_proj,exl3,3,17408,5120,hard-eligible; heuristic/SM-dependent
model.language_model.layers.32.mlp.gate_proj.mul1,text,model-00001-of-00002.safetensors,I32,,4,model.language_model.layers.32.mlp.gate_proj,exl3,2,,,
model.language_model.layers.32.mlp.gate_proj.suh,text,model-00001-of-00002.safetensors,F16,5120,10240,model.language_model.layers.32.mlp.gate_proj,exl3,2,,,
model.language_model.layers.32.mlp.gate_proj.svh,text,model-00001-of-00002.safetensors,F16,17408,34816,model.language_model.layers.32.mlp.gate_proj,exl3,2,,,
model.language_model.layers.32.mlp.gate_proj.trellis,text,model-00001-of-00002.safetensors,I16,320x1088x32,22282240,model.language_model.layers.32.mlp.gate_proj,exl3,2,5120,17408,hard-eligible; heuristic/SM-dependent
model.language_model.layers.32.mlp.up_proj.mul1,text,model-00001-of-00002.safetensors,I32,,4,model.language_model.layers.32.mlp.up_proj,exl3,2,,,
model.language_model.layers.32.mlp.up_proj.suh,text,model-00001-of-00002.safetensors,F16,5120,10240,model.language_model.layers.32.mlp.up_proj,exl3,2,,,
model.language_model.layers.32.mlp.up_proj.svh,text,model-00001-of-00002.safetensors,F16,17408,34816,model.language_model.layers.32.mlp.up_proj,exl3,2,,,
model.language_model.layers.32.mlp.up_proj.trellis,text,model-00001-of-00002.safetensors,I16,320x1088x32,22282240,model.language_model.layers.32.mlp.up_proj,exl3,2,5120,17408,hard-eligible; heuristic/SM-dependent
model.language_model.layers.32.post_attention_layernorm.weight,text,model-00001-of-00002.safetensors,BF16,5120,10240,model.language_model.layers.32.post_attention_layernorm,,,,,
model.language_model.layers.33.input_layernorm.weight,text,model-00001-of-00002.safetensors,BF16,5120,10240,model.language_model.layers.33.input_layernorm,,,,,
model.language_model.layers.33.linear_attn.A_log,text,model-00001-of-00002.safetensors,BF16,48,96,,,,,,
model.language_model.layers.33.linear_attn.conv1d.weight,text,model-00001-of-00002.safetensors,BF16,10240x1x4,81920,,,,,,
model.language_model.layers.33.linear_attn.dt_bias,text,model-00001-of-00002.safetensors,BF16,48,96,,,,,,
model.language_model.layers.33.linear_attn.in_proj_a.weight,text,model-00001-of-00002.safetensors,F16,48x5120,491520,model.language_model.layers.33.linear_attn.in_proj_a,,,,,
model.language_model.layers.33.linear_attn.in_proj_b.weight,text,model-00001-of-00002.safetensors,F16,48x5120,491520,model.language_model.layers.33.linear_attn.in_proj_b,,,,,
model.language_model.layers.33.linear_attn.in_proj_qkv.mul1,text,model-00001-of-00002.safetensors,I32,,4,model.language_model.layers.33.linear_attn.in_proj_qkv,exl3,3,,,
model.language_model.layers.33.linear_attn.in_proj_qkv.suh,text,model-00001-of-00002.safetensors,F16,5120,10240,model.language_model.layers.33.linear_attn.in_proj_qkv,exl3,3,,,
model.language_model.layers.33.linear_attn.in_proj_qkv.svh,text,model-00001-of-00002.safetensors,F16,10240,20480,model.language_model.layers.33.linear_attn.in_proj_qkv,exl3,3,,,
model.language_model.layers.33.linear_attn.in_proj_qkv.trellis,text,model-00001-of-00002.safetensors,I16,320x640x48,19660800,model.language_model.layers.33.linear_attn.in_proj_qkv,exl3,3,5120,10240,hard-eligible; heuristic/SM-dependent
model.language_model.layers.33.linear_attn.in_proj_z.mul1,text,model-00001-of-00002.safetensors,I32,,4,model.language_model.layers.33.linear_attn.in_proj_z,exl3,3,,,
model.language_model.layers.33.linear_attn.in_proj_z.suh,text,model-00001-of-00002.safetensors,F16,5120,10240,model.language_model.layers.33.linear_attn.in_proj_z,exl3,3,,,
model.language_model.layers.33.linear_attn.in_proj_z.svh,text,model-00001-of-00002.safetensors,F16,6144,12288,model.language_model.layers.33.linear_attn.in_proj_z,exl3,3,,,
model.language_model.layers.33.linear_attn.in_proj_z.trellis,text,model-00001-of-00002.safetensors,I16,320x384x48,11796480,model.language_model.layers.33.linear_attn.in_proj_z,exl3,3,5120,6144,hard-eligible; heuristic/SM-dependent
model.language_model.layers.33.linear_attn.norm.weight,text,model-00001-of-00002.safetensors,BF16,128,256,model.language_model.layers.33.linear_attn.norm,,,,,
model.language_model.layers.33.linear_attn.out_proj.mul1,text,model-00001-of-00002.safetensors,I32,,4,model.language_model.layers.33.linear_attn.out_proj,exl3,3,,,
model.language_model.layers.33.linear_attn.out_proj.suh,text,model-00001-of-00002.safetensors,F16,6144,12288,model.language_model.layers.33.linear_attn.out_proj,exl3,3,,,
model.language_model.layers.33.linear_attn.out_proj.svh,text,model-00001-of-00002.safetensors,F16,5120,10240,model.language_model.layers.33.linear_attn.out_proj,exl3,3,,,
model.language_model.layers.33.linear_attn.out_proj.trellis,text,model-00001-of-00002.safetensors,I16,384x320x48,11796480,model.language_model.layers.33.linear_attn.out_proj,exl3,3,6144,5120,hard-eligible; heuristic/SM-dependent
model.language_model.layers.33.mlp.down_proj.mul1,text,model-00001-of-00002.safetensors,I32,,4,model.language_model.layers.33.mlp.down_proj,exl3,3,,,
model.language_model.layers.33.mlp.down_proj.suh,text,model-00001-of-00002.safetensors,F16,17408,34816,model.language_model.layers.33.mlp.down_proj,exl3,3,,,
model.language_model.layers.33.mlp.down_proj.svh,text,model-00001-of-00002.safetensors,F16,5120,10240,model.language_model.layers.33.mlp.down_proj,exl3,3,,,
model.language_model.layers.33.mlp.down_proj.trellis,text,model-00001-of-00002.safetensors,I16,1088x320x48,33423360,model.language_model.layers.33.mlp.down_proj,exl3,3,17408,5120,hard-eligible; heuristic/SM-dependent
model.language_model.layers.33.mlp.gate_proj.mul1,text,model-00001-of-00002.safetensors,I32,,4,model.language_model.layers.33.mlp.gate_proj,exl3,3,,,
model.language_model.layers.33.mlp.gate_proj.suh,text,model-00001-of-00002.safetensors,F16,5120,10240,model.language_model.layers.33.mlp.gate_proj,exl3,3,,,
model.language_model.layers.33.mlp.gate_proj.svh,text,model-00001-of-00002.safetensors,F16,17408,34816,model.language_model.layers.33.mlp.gate_proj,exl3,3,,,
model.language_model.layers.33.mlp.gate_proj.trellis,text,model-00001-of-00002.safetensors,I16,320x1088x48,33423360,model.language_model.layers.33.mlp.gate_proj,exl3,3,5120,17408,hard-eligible; heuristic/SM-dependent
model.language_model.layers.33.mlp.up_proj.mul1,text,model-00001-of-00002.safetensors,I32,,4,model.language_model.layers.33.mlp.up_proj,exl3,3,,,
model.language_model.layers.33.mlp.up_proj.suh,text,model-00001-of-00002.safetensors,F16,5120,10240,model.language_model.layers.33.mlp.up_proj,exl3,3,,,
model.language_model.layers.33.mlp.up_proj.svh,text,model-00001-of-00002.safetensors,F16,17408,34816,model.language_model.layers.33.mlp.up_proj,exl3,3,,,
model.language_model.layers.33.mlp.up_proj.trellis,text,model-00001-of-00002.safetensors,I16,320x1088x48,33423360,model.language_model.layers.33.mlp.up_proj,exl3,3,5120,17408,hard-eligible; heuristic/SM-dependent
model.language_model.layers.33.post_attention_layernorm.weight,text,model-00001-of-00002.safetensors,BF16,5120,10240,model.language_model.layers.33.post_attention_layernorm,,,,,
model.language_model.layers.34.input_layernorm.weight,text,model-00001-of-00002.safetensors,BF16,5120,10240,model.language_model.layers.34.input_layernorm,,,,,
model.language_model.layers.34.linear_attn.A_log,text,model-00001-of-00002.safetensors,BF16,48,96,,,,,,
model.language_model.layers.34.linear_attn.conv1d.weight,text,model-00001-of-00002.safetensors,BF16,10240x1x4,81920,,,,,,
model.language_model.layers.34.linear_attn.dt_bias,text,model-00001-of-00002.safetensors,BF16,48,96,,,,,,
model.language_model.layers.34.linear_attn.in_proj_a.weight,text,model-00001-of-00002.safetensors,F16,48x5120,491520,model.language_model.layers.34.linear_attn.in_proj_a,,,,,
model.language_model.layers.34.linear_attn.in_proj_b.weight,text,model-00001-of-00002.safetensors,F16,48x5120,491520,model.language_model.layers.34.linear_attn.in_proj_b,,,,,
model.language_model.layers.34.linear_attn.in_proj_qkv.mul1,text,model-00001-of-00002.safetensors,I32,,4,model.language_model.layers.34.linear_attn.in_proj_qkv,exl3,3,,,
model.language_model.layers.34.linear_attn.in_proj_qkv.suh,text,model-00001-of-00002.safetensors,F16,5120,10240,model.language_model.layers.34.linear_attn.in_proj_qkv,exl3,3,,,
model.language_model.layers.34.linear_attn.in_proj_qkv.svh,text,model-00001-of-00002.safetensors,F16,10240,20480,model.language_model.layers.34.linear_attn.in_proj_qkv,exl3,3,,,
model.language_model.layers.34.linear_attn.in_proj_qkv.trellis,text,model-00001-of-00002.safetensors,I16,320x640x48,19660800,model.language_model.layers.34.linear_attn.in_proj_qkv,exl3,3,5120,10240,hard-eligible; heuristic/SM-dependent
model.language_model.layers.34.linear_attn.in_proj_z.mul1,text,model-00001-of-00002.safetensors,I32,,4,model.language_model.layers.34.linear_attn.in_proj_z,exl3,3,,,
model.language_model.layers.34.linear_attn.in_proj_z.suh,text,model-00001-of-00002.safetensors,F16,5120,10240,model.language_model.layers.34.linear_attn.in_proj_z,exl3,3,,,
model.language_model.layers.34.linear_attn.in_proj_z.svh,text,model-00001-of-00002.safetensors,F16,6144,12288,model.language_model.layers.34.linear_attn.in_proj_z,exl3,3,,,
model.language_model.layers.34.linear_attn.in_proj_z.trellis,text,model-00001-of-00002.safetensors,I16,320x384x48,11796480,model.language_model.layers.34.linear_attn.in_proj_z,exl3,3,5120,6144,hard-eligible; heuristic/SM-dependent
model.language_model.layers.34.linear_attn.norm.weight,text,model-00001-of-00002.safetensors,BF16,128,256,model.language_model.layers.34.linear_attn.norm,,,,,
model.language_model.layers.34.linear_attn.out_proj.mul1,text,model-00001-of-00002.safetensors,I32,,4,model.language_model.layers.34.linear_attn.out_proj,exl3,3,,,
model.language_model.layers.34.linear_attn.out_proj.suh,text,model-00001-of-00002.safetensors,F16,6144,12288,model.language_model.layers.34.linear_attn.out_proj,exl3,3,,,
model.language_model.layers.34.linear_attn.out_proj.svh,text,model-00001-of-00002.safetensors,F16,5120,10240,model.language_model.layers.34.linear_attn.out_proj,exl3,3,,,
model.language_model.layers.34.linear_attn.out_proj.trellis,text,model-00001-of-00002.safetensors,I16,384x320x48,11796480,model.language_model.layers.34.linear_attn.out_proj,exl3,3,6144,5120,hard-eligible; heuristic/SM-dependent
model.language_model.layers.34.mlp.down_proj.mul1,text,model-00001-of-00002.safetensors,I32,,4,model.language_model.layers.34.mlp.down_proj,exl3,3,,,
model.language_model.layers.34.mlp.down_proj.suh,text,model-00001-of-00002.safetensors,F16,17408,34816,model.language_model.layers.34.mlp.down_proj,exl3,3,,,
model.language_model.layers.34.mlp.down_proj.svh,text,model-00001-of-00002.safetensors,F16,5120,10240,model.language_model.layers.34.mlp.down_proj,exl3,3,,,
model.language_model.layers.34.mlp.down_proj.trellis,text,model-00001-of-00002.safetensors,I16,1088x320x48,33423360,model.language_model.layers.34.mlp.down_proj,exl3,3,17408,5120,hard-eligible; heuristic/SM-dependent
model.language_model.layers.34.mlp.gate_proj.mul1,text,model-00001-of-00002.safetensors,I32,,4,model.language_model.layers.34.mlp.gate_proj,exl3,3,,,
model.language_model.layers.34.mlp.gate_proj.suh,text,model-00001-of-00002.safetensors,F16,5120,10240,model.language_model.layers.34.mlp.gate_proj,exl3,3,,,
model.language_model.layers.34.mlp.gate_proj.svh,text,model-00001-of-00002.safetensors,F16,17408,34816,model.language_model.layers.34.mlp.gate_proj,exl3,3,,,
model.language_model.layers.34.mlp.gate_proj.trellis,text,model-00001-of-00002.safetensors,I16,320x1088x48,33423360,model.language_model.layers.34.mlp.gate_proj,exl3,3,5120,17408,hard-eligible; heuristic/SM-dependent
model.language_model.layers.34.mlp.up_proj.mul1,text,model-00001-of-00002.safetensors,I32,,4,model.language_model.layers.34.mlp.up_proj,exl3,3,,,
model.language_model.layers.34.mlp.up_proj.suh,text,model-00001-of-00002.safetensors,F16,5120,10240,model.language_model.layers.34.mlp.up_proj,exl3,3,,,
model.language_model.layers.34.mlp.up_proj.svh,text,model-00001-of-00002.safetensors,F16,17408,34816,model.language_model.layers.34.mlp.up_proj,exl3,3,,,
model.language_model.layers.34.mlp.up_proj.trellis,text,model-00001-of-00002.safetensors,I16,320x1088x48,33423360,model.language_model.layers.34.mlp.up_proj,exl3,3,5120,17408,hard-eligible; heuristic/SM-dependent
model.language_model.layers.34.post_attention_layernorm.weight,text,model-00001-of-00002.safetensors,BF16,5120,10240,model.language_model.layers.34.post_attention_layernorm,,,,,
model.language_model.layers.35.input_layernorm.weight,text,model-00001-of-00002.safetensors,BF16,5120,10240,model.language_model.layers.35.input_layernorm,,,,,
model.language_model.layers.35.mlp.down_proj.mul1,text,model-00001-of-00002.safetensors,I32,,4,model.language_model.layers.35.mlp.down_proj,exl3,3,,,
model.language_model.layers.35.mlp.down_proj.suh,text,model-00001-of-00002.safetensors,F16,17408,34816,model.language_model.layers.35.mlp.down_proj,exl3,3,,,
model.language_model.layers.35.mlp.down_proj.svh,text,model-00001-of-00002.safetensors,F16,5120,10240,model.language_model.layers.35.mlp.down_proj,exl3,3,,,
model.language_model.layers.35.mlp.down_proj.trellis,text,model-00001-of-00002.safetensors,I16,1088x320x48,33423360,model.language_model.layers.35.mlp.down_proj,exl3,3,17408,5120,hard-eligible; heuristic/SM-dependent
model.language_model.layers.35.mlp.gate_proj.mul1,text,model-00001-of-00002.safetensors,I32,,4,model.language_model.layers.35.mlp.gate_proj,exl3,3,,,
model.language_model.layers.35.mlp.gate_proj.suh,text,model-00001-of-00002.safetensors,F16,5120,10240,model.language_model.layers.35.mlp.gate_proj,exl3,3,,,
model.language_model.layers.35.mlp.gate_proj.svh,text,model-00001-of-00002.safetensors,F16,17408,34816,model.language_model.layers.35.mlp.gate_proj,exl3,3,,,
model.language_model.layers.35.mlp.gate_proj.trellis,text,model-00001-of-00002.safetensors,I16,320x1088x48,33423360,model.language_model.layers.35.mlp.gate_proj,exl3,3,5120,17408,hard-eligible; heuristic/SM-dependent
model.language_model.layers.35.mlp.up_proj.mul1,text,model-00001-of-00002.safetensors,I32,,4,model.language_model.layers.35.mlp.up_proj,exl3,3,,,
model.language_model.layers.35.mlp.up_proj.suh,text,model-00001-of-00002.safetensors,F16,5120,10240,model.language_model.layers.35.mlp.up_proj,exl3,3,,,
model.language_model.layers.35.mlp.up_proj.svh,text,model-00001-of-00002.safetensors,F16,17408,34816,model.language_model.layers.35.mlp.up_proj,exl3,3,,,
model.language_model.layers.35.mlp.up_proj.trellis,text,model-00001-of-00002.safetensors,I16,320x1088x48,33423360,model.language_model.layers.35.mlp.up_proj,exl3,3,5120,17408,hard-eligible; heuristic/SM-dependent
model.language_model.layers.35.post_attention_layernorm.weight,text,model-00001-of-00002.safetensors,BF16,5120,10240,model.language_model.layers.35.post_attention_layernorm,,,,,
model.language_model.layers.35.self_attn.k_norm.weight,text,model-00001-of-00002.safetensors,BF16,256,512,model.language_model.layers.35.self_attn.k_norm,,,,,
model.language_model.layers.35.self_attn.k_proj.mul1,text,model-00001-of-00002.safetensors,I32,,4,model.language_model.layers.35.self_attn.k_proj,exl3,4,,,
model.language_model.layers.35.self_attn.k_proj.suh,text,model-00001-of-00002.safetensors,F16,5120,10240,model.language_model.layers.35.self_attn.k_proj,exl3,4,,,
model.language_model.layers.35.self_attn.k_proj.svh,text,model-00001-of-00002.safetensors,F16,1024,2048,model.language_model.layers.35.self_attn.k_proj,exl3,4,,,
model.language_model.layers.35.self_attn.k_proj.trellis,text,model-00001-of-00002.safetensors,I16,320x64x64,2621440,model.language_model.layers.35.self_attn.k_proj,exl3,4,5120,1024,hard-eligible; heuristic/SM-dependent
model.language_model.layers.35.self_attn.o_proj.mul1,text,model-00001-of-00002.safetensors,I32,,4,model.language_model.layers.35.self_attn.o_proj,exl3,3,,,
model.language_model.layers.35.self_attn.o_proj.suh,text,model-00001-of-00002.safetensors,F16,6144,12288,model.language_model.layers.35.self_attn.o_proj,exl3,3,,,
model.language_model.layers.35.self_attn.o_proj.svh,text,model-00001-of-00002.safetensors,F16,5120,10240,model.language_model.layers.35.self_attn.o_proj,exl3,3,,,
model.language_model.layers.35.self_attn.o_proj.trellis,text,model-00001-of-00002.safetensors,I16,384x320x48,11796480,model.language_model.layers.35.self_attn.o_proj,exl3,3,6144,5120,hard-eligible; heuristic/SM-dependent
model.language_model.layers.35.self_attn.q_norm.weight,text,model-00001-of-00002.safetensors,BF16,256,512,model.language_model.layers.35.self_attn.q_norm,,,,,
model.language_model.layers.35.self_attn.q_proj.mul1,text,model-00001-of-00002.safetensors,I32,,4,model.language_model.layers.35.self_attn.q_proj,exl3,3,,,
model.language_model.layers.35.self_attn.q_proj.suh,text,model-00001-of-00002.safetensors,F16,5120,10240,model.language_model.layers.35.self_attn.q_proj,exl3,3,,,
model.language_model.layers.35.self_attn.q_proj.svh,text,model-00001-of-00002.safetensors,F16,12288,24576,model.language_model.layers.35.self_attn.q_proj,exl3,3,,,
model.language_model.layers.35.self_attn.q_proj.trellis,text,model-00001-of-00002.safetensors,I16,320x768x48,23592960,model.language_model.layers.35.self_attn.q_proj,exl3,3,5120,12288,hard-eligible; heuristic/SM-dependent
model.language_model.layers.35.self_attn.v_proj.mul1,text,model-00001-of-00002.safetensors,I32,,4,model.language_model.layers.35.self_attn.v_proj,exl3,4,,,
model.language_model.layers.35.self_attn.v_proj.suh,text,model-00001-of-00002.safetensors,F16,5120,10240,model.language_model.layers.35.self_attn.v_proj,exl3,4,,,
model.language_model.layers.35.self_attn.v_proj.svh,text,model-00001-of-00002.safetensors,F16,1024,2048,model.language_model.layers.35.self_attn.v_proj,exl3,4,,,
model.language_model.layers.35.self_attn.v_proj.trellis,text,model-00001-of-00002.safetensors,I16,320x64x64,2621440,model.language_model.layers.35.self_attn.v_proj,exl3,4,5120,1024,hard-eligible; heuristic/SM-dependent
model.language_model.layers.36.input_layernorm.weight,text,model-00001-of-00002.safetensors,BF16,5120,10240,model.language_model.layers.36.input_layernorm,,,,,
model.language_model.layers.36.linear_attn.A_log,text,model-00001-of-00002.safetensors,BF16,48,96,,,,,,
model.language_model.layers.36.linear_attn.conv1d.weight,text,model-00001-of-00002.safetensors,BF16,10240x1x4,81920,,,,,,
model.language_model.layers.36.linear_attn.dt_bias,text,model-00001-of-00002.safetensors,BF16,48,96,,,,,,
model.language_model.layers.36.linear_attn.in_proj_a.weight,text,model-00001-of-00002.safetensors,F16,48x5120,491520,model.language_model.layers.36.linear_attn.in_proj_a,,,,,
model.language_model.layers.36.linear_attn.in_proj_b.weight,text,model-00001-of-00002.safetensors,F16,48x5120,491520,model.language_model.layers.36.linear_attn.in_proj_b,,,,,
model.language_model.layers.36.linear_attn.in_proj_qkv.mul1,text,model-00001-of-00002.safetensors,I32,,4,model.language_model.layers.36.linear_attn.in_proj_qkv,exl3,3,,,
model.language_model.layers.36.linear_attn.in_proj_qkv.suh,text,model-00001-of-00002.safetensors,F16,5120,10240,model.language_model.layers.36.linear_attn.in_proj_qkv,exl3,3,,,
model.language_model.layers.36.linear_attn.in_proj_qkv.svh,text,model-00001-of-00002.safetensors,F16,10240,20480,model.language_model.layers.36.linear_attn.in_proj_qkv,exl3,3,,,
model.language_model.layers.36.linear_attn.in_proj_qkv.trellis,text,model-00001-of-00002.safetensors,I16,320x640x48,19660800,model.language_model.layers.36.linear_attn.in_proj_qkv,exl3,3,5120,10240,hard-eligible; heuristic/SM-dependent
model.language_model.layers.36.linear_attn.in_proj_z.mul1,text,model-00001-of-00002.safetensors,I32,,4,model.language_model.layers.36.linear_attn.in_proj_z,exl3,3,,,
model.language_model.layers.36.linear_attn.in_proj_z.suh,text,model-00001-of-00002.safetensors,F16,5120,10240,model.language_model.layers.36.linear_attn.in_proj_z,exl3,3,,,
model.language_model.layers.36.linear_attn.in_proj_z.svh,text,model-00001-of-00002.safetensors,F16,6144,12288,model.language_model.layers.36.linear_attn.in_proj_z,exl3,3,,,
model.language_model.layers.36.linear_attn.in_proj_z.trellis,text,model-00001-of-00002.safetensors,I16,320x384x48,11796480,model.language_model.layers.36.linear_attn.in_proj_z,exl3,3,5120,6144,hard-eligible; heuristic/SM-dependent
model.language_model.layers.36.linear_attn.norm.weight,text,model-00001-of-00002.safetensors,BF16,128,256,model.language_model.layers.36.linear_attn.norm,,,,,
model.language_model.layers.36.linear_attn.out_proj.mul1,text,model-00001-of-00002.safetensors,I32,,4,model.language_model.layers.36.linear_attn.out_proj,exl3,3,,,
model.language_model.layers.36.linear_attn.out_proj.suh,text,model-00001-of-00002.safetensors,F16,6144,12288,model.language_model.layers.36.linear_attn.out_proj,exl3,3,,,
model.language_model.layers.36.linear_attn.out_proj.svh,text,model-00001-of-00002.safetensors,F16,5120,10240,model.language_model.layers.36.linear_attn.out_proj,exl3,3,,,
model.language_model.layers.36.linear_attn.out_proj.trellis,text,model-00001-of-00002.safetensors,I16,384x320x48,11796480,model.language_model.layers.36.linear_attn.out_proj,exl3,3,6144,5120,hard-eligible; heuristic/SM-dependent
model.language_model.layers.36.mlp.down_proj.mul1,text,model-00001-of-00002.safetensors,I32,,4,model.language_model.layers.36.mlp.down_proj,exl3,3,,,
model.language_model.layers.36.mlp.down_proj.suh,text,model-00001-of-00002.safetensors,F16,17408,34816,model.language_model.layers.36.mlp.down_proj,exl3,3,,,
model.language_model.layers.36.mlp.down_proj.svh,text,model-00001-of-00002.safetensors,F16,5120,10240,model.language_model.layers.36.mlp.down_proj,exl3,3,,,
model.language_model.layers.36.mlp.down_proj.trellis,text,model-00001-of-00002.safetensors,I16,1088x320x48,33423360,model.language_model.layers.36.mlp.down_proj,exl3,3,17408,5120,hard-eligible; heuristic/SM-dependent
model.language_model.layers.36.mlp.gate_proj.mul1,text,model-00001-of-00002.safetensors,I32,,4,model.language_model.layers.36.mlp.gate_proj,exl3,3,,,
model.language_model.layers.36.mlp.gate_proj.suh,text,model-00001-of-00002.safetensors,F16,5120,10240,model.language_model.layers.36.mlp.gate_proj,exl3,3,,,
model.language_model.layers.36.mlp.gate_proj.svh,text,model-00001-of-00002.safetensors,F16,17408,34816,model.language_model.layers.36.mlp.gate_proj,exl3,3,,,
model.language_model.layers.36.mlp.gate_proj.trellis,text,model-00001-of-00002.safetensors,I16,320x1088x48,33423360,model.language_model.layers.36.mlp.gate_proj,exl3,3,5120,17408,hard-eligible; heuristic/SM-dependent
model.language_model.layers.36.mlp.up_proj.mul1,text,model-00001-of-00002.safetensors,I32,,4,model.language_model.layers.36.mlp.up_proj,exl3,3,,,
model.language_model.layers.36.mlp.up_proj.suh,text,model-00001-of-00002.safetensors,F16,5120,10240,model.language_model.layers.36.mlp.up_proj,exl3,3,,,
model.language_model.layers.36.mlp.up_proj.svh,text,model-00001-of-00002.safetensors,F16,17408,34816,model.language_model.layers.36.mlp.up_proj,exl3,3,,,
model.language_model.layers.36.mlp.up_proj.trellis,text,model-00001-of-00002.safetensors,I16,320x1088x48,33423360,model.language_model.layers.36.mlp.up_proj,exl3,3,5120,17408,hard-eligible; heuristic/SM-dependent
model.language_model.layers.36.post_attention_layernorm.weight,text,model-00001-of-00002.safetensors,BF16,5120,10240,model.language_model.layers.36.post_attention_layernorm,,,,,
model.language_model.layers.37.input_layernorm.weight,text,model-00001-of-00002.safetensors,BF16,5120,10240,model.language_model.layers.37.input_layernorm,,,,,
model.language_model.layers.37.linear_attn.A_log,text,model-00001-of-00002.safetensors,BF16,48,96,,,,,,
model.language_model.layers.37.linear_attn.conv1d.weight,text,model-00001-of-00002.safetensors,BF16,10240x1x4,81920,,,,,,
model.language_model.layers.37.linear_attn.dt_bias,text,model-00001-of-00002.safetensors,BF16,48,96,,,,,,
model.language_model.layers.37.linear_attn.in_proj_a.weight,text,model-00001-of-00002.safetensors,F16,48x5120,491520,model.language_model.layers.37.linear_attn.in_proj_a,,,,,
model.language_model.layers.37.linear_attn.in_proj_b.weight,text,model-00001-of-00002.safetensors,F16,48x5120,491520,model.language_model.layers.37.linear_attn.in_proj_b,,,,,
model.language_model.layers.37.linear_attn.in_proj_qkv.mul1,text,model-00001-of-00002.safetensors,I32,,4,model.language_model.layers.37.linear_attn.in_proj_qkv,exl3,3,,,
model.language_model.layers.37.linear_attn.in_proj_qkv.suh,text,model-00001-of-00002.safetensors,F16,5120,10240,model.language_model.layers.37.linear_attn.in_proj_qkv,exl3,3,,,
model.language_model.layers.37.linear_attn.in_proj_qkv.svh,text,model-00001-of-00002.safetensors,F16,10240,20480,model.language_model.layers.37.linear_attn.in_proj_qkv,exl3,3,,,
model.language_model.layers.37.linear_attn.in_proj_qkv.trellis,text,model-00001-of-00002.safetensors,I16,320x640x48,19660800,model.language_model.layers.37.linear_attn.in_proj_qkv,exl3,3,5120,10240,hard-eligible; heuristic/SM-dependent
model.language_model.layers.37.linear_attn.in_proj_z.mul1,text,model-00001-of-00002.safetensors,I32,,4,model.language_model.layers.37.linear_attn.in_proj_z,exl3,3,,,
model.language_model.layers.37.linear_attn.in_proj_z.suh,text,model-00001-of-00002.safetensors,F16,5120,10240,model.language_model.layers.37.linear_attn.in_proj_z,exl3,3,,,
model.language_model.layers.37.linear_attn.in_proj_z.svh,text,model-00001-of-00002.safetensors,F16,6144,12288,model.language_model.layers.37.linear_attn.in_proj_z,exl3,3,,,
model.language_model.layers.37.linear_attn.in_proj_z.trellis,text,model-00001-of-00002.safetensors,I16,320x384x48,11796480,model.language_model.layers.37.linear_attn.in_proj_z,exl3,3,5120,6144,hard-eligible; heuristic/SM-dependent
model.language_model.layers.37.linear_attn.norm.weight,text,model-00001-of-00002.safetensors,BF16,128,256,model.language_model.layers.37.linear_attn.norm,,,,,
model.language_model.layers.37.linear_attn.out_proj.mul1,text,model-00001-of-00002.safetensors,I32,,4,model.language_model.layers.37.linear_attn.out_proj,exl3,3,,,
model.language_model.layers.37.linear_attn.out_proj.suh,text,model-00001-of-00002.safetensors,F16,6144,12288,model.language_model.layers.37.linear_attn.out_proj,exl3,3,,,
model.language_model.layers.37.linear_attn.out_proj.svh,text,model-00001-of-00002.safetensors,F16,5120,10240,model.language_model.layers.37.linear_attn.out_proj,exl3,3,,,
model.language_model.layers.37.linear_attn.out_proj.trellis,text,model-00001-of-00002.safetensors,I16,384x320x48,11796480,model.language_model.layers.37.linear_attn.out_proj,exl3,3,6144,5120,hard-eligible; heuristic/SM-dependent
model.language_model.layers.37.mlp.down_proj.mul1,text,model-00001-of-00002.safetensors,I32,,4,model.language_model.layers.37.mlp.down_proj,exl3,3,,,
model.language_model.layers.37.mlp.down_proj.suh,text,model-00001-of-00002.safetensors,F16,17408,34816,model.language_model.layers.37.mlp.down_proj,exl3,3,,,
model.language_model.layers.37.mlp.down_proj.svh,text,model-00001-of-00002.safetensors,F16,5120,10240,model.language_model.layers.37.mlp.down_proj,exl3,3,,,
model.language_model.layers.37.mlp.down_proj.trellis,text,model-00001-of-00002.safetensors,I16,1088x320x48,33423360,model.language_model.layers.37.mlp.down_proj,exl3,3,17408,5120,hard-eligible; heuristic/SM-dependent
model.language_model.layers.37.mlp.gate_proj.mul1,text,model-00001-of-00002.safetensors,I32,,4,model.language_model.layers.37.mlp.gate_proj,exl3,3,,,
model.language_model.layers.37.mlp.gate_proj.suh,text,model-00001-of-00002.safetensors,F16,5120,10240,model.language_model.layers.37.mlp.gate_proj,exl3,3,,,
model.language_model.layers.37.mlp.gate_proj.svh,text,model-00001-of-00002.safetensors,F16,17408,34816,model.language_model.layers.37.mlp.gate_proj,exl3,3,,,
model.language_model.layers.37.mlp.gate_proj.trellis,text,model-00001-of-00002.safetensors,I16,320x1088x48,33423360,model.language_model.layers.37.mlp.gate_proj,exl3,3,5120,17408,hard-eligible; heuristic/SM-dependent
model.language_model.layers.37.mlp.up_proj.mul1,text,model-00001-of-00002.safetensors,I32,,4,model.language_model.layers.37.mlp.up_proj,exl3,3,,,
model.language_model.layers.37.mlp.up_proj.suh,text,model-00001-of-00002.safetensors,F16,5120,10240,model.language_model.layers.37.mlp.up_proj,exl3,3,,,
model.language_model.layers.37.mlp.up_proj.svh,text,model-00001-of-00002.safetensors,F16,17408,34816,model.language_model.layers.37.mlp.up_proj,exl3,3,,,
model.language_model.layers.37.mlp.up_proj.trellis,text,model-00001-of-00002.safetensors,I16,320x1088x48,33423360,model.language_model.layers.37.mlp.up_proj,exl3,3,5120,17408,hard-eligible; heuristic/SM-dependent
model.language_model.layers.37.post_attention_layernorm.weight,text,model-00001-of-00002.safetensors,BF16,5120,10240,model.language_model.layers.37.post_attention_layernorm,,,,,
model.language_model.layers.38.input_layernorm.weight,text,model-00001-of-00002.safetensors,BF16,5120,10240,model.language_model.layers.38.input_layernorm,,,,,
model.language_model.layers.38.linear_attn.A_log,text,model-00001-of-00002.safetensors,BF16,48,96,,,,,,
model.language_model.layers.38.linear_attn.conv1d.weight,text,model-00001-of-00002.safetensors,BF16,10240x1x4,81920,,,,,,
model.language_model.layers.38.linear_attn.dt_bias,text,model-00001-of-00002.safetensors,BF16,48,96,,,,,,
model.language_model.layers.38.linear_attn.in_proj_a.weight,text,model-00001-of-00002.safetensors,F16,48x5120,491520,model.language_model.layers.38.linear_attn.in_proj_a,,,,,
model.language_model.layers.38.linear_attn.in_proj_b.weight,text,model-00001-of-00002.safetensors,F16,48x5120,491520,model.language_model.layers.38.linear_attn.in_proj_b,,,,,
model.language_model.layers.38.linear_attn.in_proj_qkv.mul1,text,model-00001-of-00002.safetensors,I32,,4,model.language_model.layers.38.linear_attn.in_proj_qkv,exl3,3,,,
model.language_model.layers.38.linear_attn.in_proj_qkv.suh,text,model-00001-of-00002.safetensors,F16,5120,10240,model.language_model.layers.38.linear_attn.in_proj_qkv,exl3,3,,,
model.language_model.layers.38.linear_attn.in_proj_qkv.svh,text,model-00001-of-00002.safetensors,F16,10240,20480,model.language_model.layers.38.linear_attn.in_proj_qkv,exl3,3,,,
model.language_model.layers.38.linear_attn.in_proj_qkv.trellis,text,model-00001-of-00002.safetensors,I16,320x640x48,19660800,model.language_model.layers.38.linear_attn.in_proj_qkv,exl3,3,5120,10240,hard-eligible; heuristic/SM-dependent
model.language_model.layers.38.linear_attn.in_proj_z.mul1,text,model-00001-of-00002.safetensors,I32,,4,model.language_model.layers.38.linear_attn.in_proj_z,exl3,3,,,
model.language_model.layers.38.linear_attn.in_proj_z.suh,text,model-00001-of-00002.safetensors,F16,5120,10240,model.language_model.layers.38.linear_attn.in_proj_z,exl3,3,,,
model.language_model.layers.38.linear_attn.in_proj_z.svh,text,model-00001-of-00002.safetensors,F16,6144,12288,model.language_model.layers.38.linear_attn.in_proj_z,exl3,3,,,
model.language_model.layers.38.linear_attn.in_proj_z.trellis,text,model-00001-of-00002.safetensors,I16,320x384x48,11796480,model.language_model.layers.38.linear_attn.in_proj_z,exl3,3,5120,6144,hard-eligible; heuristic/SM-dependent
model.language_model.layers.38.linear_attn.norm.weight,text,model-00001-of-00002.safetensors,BF16,128,256,model.language_model.layers.38.linear_attn.norm,,,,,
model.language_model.layers.38.linear_attn.out_proj.mul1,text,model-00001-of-00002.safetensors,I32,,4,model.language_model.layers.38.linear_attn.out_proj,exl3,3,,,
model.language_model.layers.38.linear_attn.out_proj.suh,text,model-00001-of-00002.safetensors,F16,6144,12288,model.language_model.layers.38.linear_attn.out_proj,exl3,3,,,
model.language_model.layers.38.linear_attn.out_proj.svh,text,model-00001-of-00002.safetensors,F16,5120,10240,model.language_model.layers.38.linear_attn.out_proj,exl3,3,,,
model.language_model.layers.38.linear_attn.out_proj.trellis,text,model-00001-of-00002.safetensors,I16,384x320x48,11796480,model.language_model.layers.38.linear_attn.out_proj,exl3,3,6144,5120,hard-eligible; heuristic/SM-dependent
model.language_model.layers.38.mlp.down_proj.mul1,text,model-00001-of-00002.safetensors,I32,,4,model.language_model.layers.38.mlp.down_proj,exl3,3,,,
model.language_model.layers.38.mlp.down_proj.suh,text,model-00001-of-00002.safetensors,F16,17408,34816,model.language_model.layers.38.mlp.down_proj,exl3,3,,,
model.language_model.layers.38.mlp.down_proj.svh,text,model-00001-of-00002.safetensors,F16,5120,10240,model.language_model.layers.38.mlp.down_proj,exl3,3,,,
model.language_model.layers.38.mlp.down_proj.trellis,text,model-00001-of-00002.safetensors,I16,1088x320x48,33423360,model.language_model.layers.38.mlp.down_proj,exl3,3,17408,5120,hard-eligible; heuristic/SM-dependent
model.language_model.layers.38.mlp.gate_proj.mul1,text,model-00001-of-00002.safetensors,I32,,4,model.language_model.layers.38.mlp.gate_proj,exl3,3,,,
model.language_model.layers.38.mlp.gate_proj.suh,text,model-00001-of-00002.safetensors,F16,5120,10240,model.language_model.layers.38.mlp.gate_proj,exl3,3,,,
model.language_model.layers.38.mlp.gate_proj.svh,text,model-00001-of-00002.safetensors,F16,17408,34816,model.language_model.layers.38.mlp.gate_proj,exl3,3,,,
model.language_model.layers.38.mlp.gate_proj.trellis,text,model-00001-of-00002.safetensors,I16,320x1088x48,33423360,model.language_model.layers.38.mlp.gate_proj,exl3,3,5120,17408,hard-eligible; heuristic/SM-dependent
model.language_model.layers.38.mlp.up_proj.mul1,text,model-00001-of-00002.safetensors,I32,,4,model.language_model.layers.38.mlp.up_proj,exl3,3,,,
model.language_model.layers.38.mlp.up_proj.suh,text,model-00001-of-00002.safetensors,F16,5120,10240,model.language_model.layers.38.mlp.up_proj,exl3,3,,,
model.language_model.layers.38.mlp.up_proj.svh,text,model-00001-of-00002.safetensors,F16,17408,34816,model.language_model.layers.38.mlp.up_proj,exl3,3,,,
model.language_model.layers.38.mlp.up_proj.trellis,text,model-00001-of-00002.safetensors,I16,320x1088x48,33423360,model.language_model.layers.38.mlp.up_proj,exl3,3,5120,17408,hard-eligible; heuristic/SM-dependent
model.language_model.layers.38.post_attention_layernorm.weight,text,model-00001-of-00002.safetensors,BF16,5120,10240,model.language_model.layers.38.post_attention_layernorm,,,,,
model.language_model.layers.39.input_layernorm.weight,text,model-00001-of-00002.safetensors,BF16,5120,10240,model.language_model.layers.39.input_layernorm,,,,,
model.language_model.layers.39.mlp.down_proj.mul1,text,model-00001-of-00002.safetensors,I32,,4,model.language_model.layers.39.mlp.down_proj,exl3,3,,,
model.language_model.layers.39.mlp.down_proj.suh,text,model-00001-of-00002.safetensors,F16,17408,34816,model.language_model.layers.39.mlp.down_proj,exl3,3,,,
model.language_model.layers.39.mlp.down_proj.svh,text,model-00001-of-00002.safetensors,F16,5120,10240,model.language_model.layers.39.mlp.down_proj,exl3,3,,,
model.language_model.layers.39.mlp.down_proj.trellis,text,model-00001-of-00002.safetensors,I16,1088x320x48,33423360,model.language_model.layers.39.mlp.down_proj,exl3,3,17408,5120,hard-eligible; heuristic/SM-dependent
model.language_model.layers.39.mlp.gate_proj.mul1,text,model-00001-of-00002.safetensors,I32,,4,model.language_model.layers.39.mlp.gate_proj,exl3,3,,,
model.language_model.layers.39.mlp.gate_proj.suh,text,model-00001-of-00002.safetensors,F16,5120,10240,model.language_model.layers.39.mlp.gate_proj,exl3,3,,,
model.language_model.layers.39.mlp.gate_proj.svh,text,model-00001-of-00002.safetensors,F16,17408,34816,model.language_model.layers.39.mlp.gate_proj,exl3,3,,,
model.language_model.layers.39.mlp.gate_proj.trellis,text,model-00001-of-00002.safetensors,I16,320x1088x48,33423360,model.language_model.layers.39.mlp.gate_proj,exl3,3,5120,17408,hard-eligible; heuristic/SM-dependent
model.language_model.layers.39.mlp.up_proj.mul1,text,model-00001-of-00002.safetensors,I32,,4,model.language_model.layers.39.mlp.up_proj,exl3,3,,,
model.language_model.layers.39.mlp.up_proj.suh,text,model-00001-of-00002.safetensors,F16,5120,10240,model.language_model.layers.39.mlp.up_proj,exl3,3,,,
model.language_model.layers.39.mlp.up_proj.svh,text,model-00001-of-00002.safetensors,F16,17408,34816,model.language_model.layers.39.mlp.up_proj,exl3,3,,,
model.language_model.layers.39.mlp.up_proj.trellis,text,model-00001-of-00002.safetensors,I16,320x1088x48,33423360,model.language_model.layers.39.mlp.up_proj,exl3,3,5120,17408,hard-eligible; heuristic/SM-dependent
model.language_model.layers.39.post_attention_layernorm.weight,text,model-00001-of-00002.safetensors,BF16,5120,10240,model.language_model.layers.39.post_attention_layernorm,,,,,
model.language_model.layers.39.self_attn.k_norm.weight,text,model-00001-of-00002.safetensors,BF16,256,512,model.language_model.layers.39.self_attn.k_norm,,,,,
model.language_model.layers.39.self_attn.k_proj.mul1,text,model-00001-of-00002.safetensors,I32,,4,model.language_model.layers.39.self_attn.k_proj,exl3,4,,,
model.language_model.layers.39.self_attn.k_proj.suh,text,model-00001-of-00002.safetensors,F16,5120,10240,model.language_model.layers.39.self_attn.k_proj,exl3,4,,,
model.language_model.layers.39.self_attn.k_proj.svh,text,model-00001-of-00002.safetensors,F16,1024,2048,model.language_model.layers.39.self_attn.k_proj,exl3,4,,,
model.language_model.layers.39.self_attn.k_proj.trellis,text,model-00001-of-00002.safetensors,I16,320x64x64,2621440,model.language_model.layers.39.self_attn.k_proj,exl3,4,5120,1024,hard-eligible; heuristic/SM-dependent
model.language_model.layers.39.self_attn.o_proj.mul1,text,model-00001-of-00002.safetensors,I32,,4,model.language_model.layers.39.self_attn.o_proj,exl3,3,,,
model.language_model.layers.39.self_attn.o_proj.suh,text,model-00001-of-00002.safetensors,F16,6144,12288,model.language_model.layers.39.self_attn.o_proj,exl3,3,,,
model.language_model.layers.39.self_attn.o_proj.svh,text,model-00001-of-00002.safetensors,F16,5120,10240,model.language_model.layers.39.self_attn.o_proj,exl3,3,,,
model.language_model.layers.39.self_attn.o_proj.trellis,text,model-00001-of-00002.safetensors,I16,384x320x48,11796480,model.language_model.layers.39.self_attn.o_proj,exl3,3,6144,5120,hard-eligible; heuristic/SM-dependent
model.language_model.layers.39.self_attn.q_norm.weight,text,model-00001-of-00002.safetensors,BF16,256,512,model.language_model.layers.39.self_attn.q_norm,,,,,
model.language_model.layers.39.self_attn.q_proj.mul1,text,model-00001-of-00002.safetensors,I32,,4,model.language_model.layers.39.self_attn.q_proj,exl3,2,,,
model.language_model.layers.39.self_attn.q_proj.suh,text,model-00001-of-00002.safetensors,F16,5120,10240,model.language_model.layers.39.self_attn.q_proj,exl3,2,,,
model.language_model.layers.39.self_attn.q_proj.svh,text,model-00001-of-00002.safetensors,F16,12288,24576,model.language_model.layers.39.self_attn.q_proj,exl3,2,,,
model.language_model.layers.39.self_attn.q_proj.trellis,text,model-00001-of-00002.safetensors,I16,320x768x32,15728640,model.language_model.layers.39.self_attn.q_proj,exl3,2,5120,12288,hard-eligible; heuristic/SM-dependent
model.language_model.layers.39.self_attn.v_proj.mul1,text,model-00001-of-00002.safetensors,I32,,4,model.language_model.layers.39.self_attn.v_proj,exl3,4,,,
model.language_model.layers.39.self_attn.v_proj.suh,text,model-00001-of-00002.safetensors,F16,5120,10240,model.language_model.layers.39.self_attn.v_proj,exl3,4,,,
model.language_model.layers.39.self_attn.v_proj.svh,text,model-00001-of-00002.safetensors,F16,1024,2048,model.language_model.layers.39.self_attn.v_proj,exl3,4,,,
model.language_model.layers.39.self_attn.v_proj.trellis,text,model-00001-of-00002.safetensors,I16,320x64x64,2621440,model.language_model.layers.39.self_attn.v_proj,exl3,4,5120,1024,hard-eligible; heuristic/SM-dependent
model.language_model.layers.4.input_layernorm.weight,text,model-00001-of-00002.safetensors,BF16,5120,10240,model.language_model.layers.4.input_layernorm,,,,,
model.language_model.layers.4.linear_attn.A_log,text,model-00001-of-00002.safetensors,BF16,48,96,,,,,,
model.language_model.layers.4.linear_attn.conv1d.weight,text,model-00001-of-00002.safetensors,BF16,10240x1x4,81920,,,,,,
model.language_model.layers.4.linear_attn.dt_bias,text,model-00001-of-00002.safetensors,BF16,48,96,,,,,,
model.language_model.layers.4.linear_attn.in_proj_a.weight,text,model-00001-of-00002.safetensors,F16,48x5120,491520,model.language_model.layers.4.linear_attn.in_proj_a,,,,,
model.language_model.layers.4.linear_attn.in_proj_b.weight,text,model-00001-of-00002.safetensors,F16,48x5120,491520,model.language_model.layers.4.linear_attn.in_proj_b,,,,,
model.language_model.layers.4.linear_attn.in_proj_qkv.mul1,text,model-00001-of-00002.safetensors,I32,,4,model.language_model.layers.4.linear_attn.in_proj_qkv,exl3,4,,,
model.language_model.layers.4.linear_attn.in_proj_qkv.suh,text,model-00001-of-00002.safetensors,F16,5120,10240,model.language_model.layers.4.linear_attn.in_proj_qkv,exl3,4,,,
model.language_model.layers.4.linear_attn.in_proj_qkv.svh,text,model-00001-of-00002.safetensors,F16,10240,20480,model.language_model.layers.4.linear_attn.in_proj_qkv,exl3,4,,,
model.language_model.layers.4.linear_attn.in_proj_qkv.trellis,text,model-00001-of-00002.safetensors,I16,320x640x64,26214400,model.language_model.layers.4.linear_attn.in_proj_qkv,exl3,4,5120,10240,hard-eligible; heuristic/SM-dependent
model.language_model.layers.4.linear_attn.in_proj_z.mul1,text,model-00001-of-00002.safetensors,I32,,4,model.language_model.layers.4.linear_attn.in_proj_z,exl3,4,,,
model.language_model.layers.4.linear_attn.in_proj_z.suh,text,model-00001-of-00002.safetensors,F16,5120,10240,model.language_model.layers.4.linear_attn.in_proj_z,exl3,4,,,
model.language_model.layers.4.linear_attn.in_proj_z.svh,text,model-00001-of-00002.safetensors,F16,6144,12288,model.language_model.layers.4.linear_attn.in_proj_z,exl3,4,,,
model.language_model.layers.4.linear_attn.in_proj_z.trellis,text,model-00001-of-00002.safetensors,I16,320x384x64,15728640,model.language_model.layers.4.linear_attn.in_proj_z,exl3,4,5120,6144,hard-eligible; heuristic/SM-dependent
model.language_model.layers.4.linear_attn.norm.weight,text,model-00001-of-00002.safetensors,BF16,128,256,model.language_model.layers.4.linear_attn.norm,,,,,
model.language_model.layers.4.linear_attn.out_proj.mul1,text,model-00001-of-00002.safetensors,I32,,4,model.language_model.layers.4.linear_attn.out_proj,exl3,4,,,
model.language_model.layers.4.linear_attn.out_proj.suh,text,model-00001-of-00002.safetensors,F16,6144,12288,model.language_model.layers.4.linear_attn.out_proj,exl3,4,,,
model.language_model.layers.4.linear_attn.out_proj.svh,text,model-00001-of-00002.safetensors,F16,5120,10240,model.language_model.layers.4.linear_attn.out_proj,exl3,4,,,
model.language_model.layers.4.linear_attn.out_proj.trellis,text,model-00001-of-00002.safetensors,I16,384x320x64,15728640,model.language_model.layers.4.linear_attn.out_proj,exl3,4,6144,5120,hard-eligible; heuristic/SM-dependent
model.language_model.layers.4.mlp.down_proj.mul1,text,model-00001-of-00002.safetensors,I32,,4,model.language_model.layers.4.mlp.down_proj,exl3,3,,,
model.language_model.layers.4.mlp.down_proj.suh,text,model-00001-of-00002.safetensors,F16,17408,34816,model.language_model.layers.4.mlp.down_proj,exl3,3,,,
model.language_model.layers.4.mlp.down_proj.svh,text,model-00001-of-00002.safetensors,F16,5120,10240,model.language_model.layers.4.mlp.down_proj,exl3,3,,,
model.language_model.layers.4.mlp.down_proj.trellis,text,model-00001-of-00002.safetensors,I16,1088x320x48,33423360,model.language_model.layers.4.mlp.down_proj,exl3,3,17408,5120,hard-eligible; heuristic/SM-dependent
model.language_model.layers.4.mlp.gate_proj.mul1,text,model-00001-of-00002.safetensors,I32,,4,model.language_model.layers.4.mlp.gate_proj,exl3,3,,,
model.language_model.layers.4.mlp.gate_proj.suh,text,model-00001-of-00002.safetensors,F16,5120,10240,model.language_model.layers.4.mlp.gate_proj,exl3,3,,,
model.language_model.layers.4.mlp.gate_proj.svh,text,model-00001-of-00002.safetensors,F16,17408,34816,model.language_model.layers.4.mlp.gate_proj,exl3,3,,,
model.language_model.layers.4.mlp.gate_proj.trellis,text,model-00001-of-00002.safetensors,I16,320x1088x48,33423360,model.language_model.layers.4.mlp.gate_proj,exl3,3,5120,17408,hard-eligible; heuristic/SM-dependent
model.language_model.layers.4.mlp.up_proj.mul1,text,model-00001-of-00002.safetensors,I32,,4,model.language_model.layers.4.mlp.up_proj,exl3,3,,,
model.language_model.layers.4.mlp.up_proj.suh,text,model-00001-of-00002.safetensors,F16,5120,10240,model.language_model.layers.4.mlp.up_proj,exl3,3,,,
model.language_model.layers.4.mlp.up_proj.svh,text,model-00001-of-00002.safetensors,F16,17408,34816,model.language_model.layers.4.mlp.up_proj,exl3,3,,,
model.language_model.layers.4.mlp.up_proj.trellis,text,model-00001-of-00002.safetensors,I16,320x1088x48,33423360,model.language_model.layers.4.mlp.up_proj,exl3,3,5120,17408,hard-eligible; heuristic/SM-dependent
model.language_model.layers.4.post_attention_layernorm.weight,text,model-00001-of-00002.safetensors,BF16,5120,10240,model.language_model.layers.4.post_attention_layernorm,,,,,
model.language_model.layers.40.input_layernorm.weight,text,model-00001-of-00002.safetensors,BF16,5120,10240,model.language_model.layers.40.input_layernorm,,,,,
model.language_model.layers.40.linear_attn.A_log,text,model-00001-of-00002.safetensors,BF16,48,96,,,,,,
model.language_model.layers.40.linear_attn.conv1d.weight,text,model-00001-of-00002.safetensors,BF16,10240x1x4,81920,,,,,,
model.language_model.layers.40.linear_attn.dt_bias,text,model-00001-of-00002.safetensors,BF16,48,96,,,,,,
model.language_model.layers.40.linear_attn.in_proj_a.weight,text,model-00001-of-00002.safetensors,F16,48x5120,491520,model.language_model.layers.40.linear_attn.in_proj_a,,,,,
model.language_model.layers.40.linear_attn.in_proj_b.weight,text,model-00001-of-00002.safetensors,F16,48x5120,491520,model.language_model.layers.40.linear_attn.in_proj_b,,,,,
model.language_model.layers.40.linear_attn.in_proj_qkv.mul1,text,model-00001-of-00002.safetensors,I32,,4,model.language_model.layers.40.linear_attn.in_proj_qkv,exl3,3,,,
model.language_model.layers.40.linear_attn.in_proj_qkv.suh,text,model-00001-of-00002.safetensors,F16,5120,10240,model.language_model.layers.40.linear_attn.in_proj_qkv,exl3,3,,,
model.language_model.layers.40.linear_attn.in_proj_qkv.svh,text,model-00001-of-00002.safetensors,F16,10240,20480,model.language_model.layers.40.linear_attn.in_proj_qkv,exl3,3,,,
model.language_model.layers.40.linear_attn.in_proj_qkv.trellis,text,model-00001-of-00002.safetensors,I16,320x640x48,19660800,model.language_model.layers.40.linear_attn.in_proj_qkv,exl3,3,5120,10240,hard-eligible; heuristic/SM-dependent
model.language_model.layers.40.linear_attn.in_proj_z.mul1,text,model-00001-of-00002.safetensors,I32,,4,model.language_model.layers.40.linear_attn.in_proj_z,exl3,3,,,
model.language_model.layers.40.linear_attn.in_proj_z.suh,text,model-00001-of-00002.safetensors,F16,5120,10240,model.language_model.layers.40.linear_attn.in_proj_z,exl3,3,,,
model.language_model.layers.40.linear_attn.in_proj_z.svh,text,model-00001-of-00002.safetensors,F16,6144,12288,model.language_model.layers.40.linear_attn.in_proj_z,exl3,3,,,
model.language_model.layers.40.linear_attn.in_proj_z.trellis,text,model-00001-of-00002.safetensors,I16,320x384x48,11796480,model.language_model.layers.40.linear_attn.in_proj_z,exl3,3,5120,6144,hard-eligible; heuristic/SM-dependent
model.language_model.layers.40.linear_attn.norm.weight,text,model-00001-of-00002.safetensors,BF16,128,256,model.language_model.layers.40.linear_attn.norm,,,,,
model.language_model.layers.40.linear_attn.out_proj.mul1,text,model-00001-of-00002.safetensors,I32,,4,model.language_model.layers.40.linear_attn.out_proj,exl3,3,,,
model.language_model.layers.40.linear_attn.out_proj.suh,text,model-00001-of-00002.safetensors,F16,6144,12288,model.language_model.layers.40.linear_attn.out_proj,exl3,3,,,
model.language_model.layers.40.linear_attn.out_proj.svh,text,model-00001-of-00002.safetensors,F16,5120,10240,model.language_model.layers.40.linear_attn.out_proj,exl3,3,,,
model.language_model.layers.40.linear_attn.out_proj.trellis,text,model-00001-of-00002.safetensors,I16,384x320x48,11796480,model.language_model.layers.40.linear_attn.out_proj,exl3,3,6144,5120,hard-eligible; heuristic/SM-dependent
model.language_model.layers.40.mlp.down_proj.mul1,text,model-00001-of-00002.safetensors,I32,,4,model.language_model.layers.40.mlp.down_proj,exl3,3,,,
model.language_model.layers.40.mlp.down_proj.suh,text,model-00001-of-00002.safetensors,F16,17408,34816,model.language_model.layers.40.mlp.down_proj,exl3,3,,,
model.language_model.layers.40.mlp.down_proj.svh,text,model-00001-of-00002.safetensors,F16,5120,10240,model.language_model.layers.40.mlp.down_proj,exl3,3,,,
model.language_model.layers.40.mlp.down_proj.trellis,text,model-00001-of-00002.safetensors,I16,1088x320x48,33423360,model.language_model.layers.40.mlp.down_proj,exl3,3,17408,5120,hard-eligible; heuristic/SM-dependent
model.language_model.layers.40.mlp.gate_proj.mul1,text,model-00001-of-00002.safetensors,I32,,4,model.language_model.layers.40.mlp.gate_proj,exl3,3,,,
model.language_model.layers.40.mlp.gate_proj.suh,text,model-00001-of-00002.safetensors,F16,5120,10240,model.language_model.layers.40.mlp.gate_proj,exl3,3,,,
model.language_model.layers.40.mlp.gate_proj.svh,text,model-00001-of-00002.safetensors,F16,17408,34816,model.language_model.layers.40.mlp.gate_proj,exl3,3,,,
model.language_model.layers.40.mlp.gate_proj.trellis,text,model-00001-of-00002.safetensors,I16,320x1088x48,33423360,model.language_model.layers.40.mlp.gate_proj,exl3,3,5120,17408,hard-eligible; heuristic/SM-dependent
model.language_model.layers.40.mlp.up_proj.mul1,text,model-00001-of-00002.safetensors,I32,,4,model.language_model.layers.40.mlp.up_proj,exl3,3,,,
model.language_model.layers.40.mlp.up_proj.suh,text,model-00001-of-00002.safetensors,F16,5120,10240,model.language_model.layers.40.mlp.up_proj,exl3,3,,,
model.language_model.layers.40.mlp.up_proj.svh,text,model-00001-of-00002.safetensors,F16,17408,34816,model.language_model.layers.40.mlp.up_proj,exl3,3,,,
model.language_model.layers.40.mlp.up_proj.trellis,text,model-00001-of-00002.safetensors,I16,320x1088x48,33423360,model.language_model.layers.40.mlp.up_proj,exl3,3,5120,17408,hard-eligible; heuristic/SM-dependent
model.language_model.layers.40.post_attention_layernorm.weight,text,model-00001-of-00002.safetensors,BF16,5120,10240,model.language_model.layers.40.post_attention_layernorm,,,,,
model.language_model.layers.41.input_layernorm.weight,text,model-00001-of-00002.safetensors,BF16,5120,10240,model.language_model.layers.41.input_layernorm,,,,,
model.language_model.layers.41.linear_attn.A_log,text,model-00001-of-00002.safetensors,BF16,48,96,,,,,,
model.language_model.layers.41.linear_attn.conv1d.weight,text,model-00001-of-00002.safetensors,BF16,10240x1x4,81920,,,,,,
model.language_model.layers.41.linear_attn.dt_bias,text,model-00001-of-00002.safetensors,BF16,48,96,,,,,,
model.language_model.layers.41.linear_attn.in_proj_a.weight,text,model-00001-of-00002.safetensors,F16,48x5120,491520,model.language_model.layers.41.linear_attn.in_proj_a,,,,,
model.language_model.layers.41.linear_attn.in_proj_b.weight,text,model-00001-of-00002.safetensors,F16,48x5120,491520,model.language_model.layers.41.linear_attn.in_proj_b,,,,,
model.language_model.layers.41.linear_attn.in_proj_qkv.mul1,text,model-00001-of-00002.safetensors,I32,,4,model.language_model.layers.41.linear_attn.in_proj_qkv,exl3,3,,,
model.language_model.layers.41.linear_attn.in_proj_qkv.suh,text,model-00001-of-00002.safetensors,F16,5120,10240,model.language_model.layers.41.linear_attn.in_proj_qkv,exl3,3,,,
model.language_model.layers.41.linear_attn.in_proj_qkv.svh,text,model-00001-of-00002.safetensors,F16,10240,20480,model.language_model.layers.41.linear_attn.in_proj_qkv,exl3,3,,,
model.language_model.layers.41.linear_attn.in_proj_qkv.trellis,text,model-00001-of-00002.safetensors,I16,320x640x48,19660800,model.language_model.layers.41.linear_attn.in_proj_qkv,exl3,3,5120,10240,hard-eligible; heuristic/SM-dependent
model.language_model.layers.41.linear_attn.in_proj_z.mul1,text,model-00001-of-00002.safetensors,I32,,4,model.language_model.layers.41.linear_attn.in_proj_z,exl3,3,,,
model.language_model.layers.41.linear_attn.in_proj_z.suh,text,model-00001-of-00002.safetensors,F16,5120,10240,model.language_model.layers.41.linear_attn.in_proj_z,exl3,3,,,
model.language_model.layers.41.linear_attn.in_proj_z.svh,text,model-00001-of-00002.safetensors,F16,6144,12288,model.language_model.layers.41.linear_attn.in_proj_z,exl3,3,,,
model.language_model.layers.41.linear_attn.in_proj_z.trellis,text,model-00001-of-00002.safetensors,I16,320x384x48,11796480,model.language_model.layers.41.linear_attn.in_proj_z,exl3,3,5120,6144,hard-eligible; heuristic/SM-dependent
model.language_model.layers.41.linear_attn.norm.weight,text,model-00001-of-00002.safetensors,BF16,128,256,model.language_model.layers.41.linear_attn.norm,,,,,
model.language_model.layers.41.linear_attn.out_proj.mul1,text,model-00001-of-00002.safetensors,I32,,4,model.language_model.layers.41.linear_attn.out_proj,exl3,3,,,
model.language_model.layers.41.linear_attn.out_proj.suh,text,model-00001-of-00002.safetensors,F16,6144,12288,model.language_model.layers.41.linear_attn.out_proj,exl3,3,,,
model.language_model.layers.41.linear_attn.out_proj.svh,text,model-00001-of-00002.safetensors,F16,5120,10240,model.language_model.layers.41.linear_attn.out_proj,exl3,3,,,
model.language_model.layers.41.linear_attn.out_proj.trellis,text,model-00001-of-00002.safetensors,I16,384x320x48,11796480,model.language_model.layers.41.linear_attn.out_proj,exl3,3,6144,5120,hard-eligible; heuristic/SM-dependent
model.language_model.layers.41.mlp.down_proj.mul1,text,model-00001-of-00002.safetensors,I32,,4,model.language_model.layers.41.mlp.down_proj,exl3,3,,,
model.language_model.layers.41.mlp.down_proj.suh,text,model-00001-of-00002.safetensors,F16,17408,34816,model.language_model.layers.41.mlp.down_proj,exl3,3,,,
model.language_model.layers.41.mlp.down_proj.svh,text,model-00001-of-00002.safetensors,F16,5120,10240,model.language_model.layers.41.mlp.down_proj,exl3,3,,,
model.language_model.layers.41.mlp.down_proj.trellis,text,model-00001-of-00002.safetensors,I16,1088x320x48,33423360,model.language_model.layers.41.mlp.down_proj,exl3,3,17408,5120,hard-eligible; heuristic/SM-dependent
model.language_model.layers.41.mlp.gate_proj.mul1,text,model-00001-of-00002.safetensors,I32,,4,model.language_model.layers.41.mlp.gate_proj,exl3,3,,,
model.language_model.layers.41.mlp.gate_proj.suh,text,model-00001-of-00002.safetensors,F16,5120,10240,model.language_model.layers.41.mlp.gate_proj,exl3,3,,,
model.language_model.layers.41.mlp.gate_proj.svh,text,model-00001-of-00002.safetensors,F16,17408,34816,model.language_model.layers.41.mlp.gate_proj,exl3,3,,,
model.language_model.layers.41.mlp.gate_proj.trellis,text,model-00001-of-00002.safetensors,I16,320x1088x48,33423360,model.language_model.layers.41.mlp.gate_proj,exl3,3,5120,17408,hard-eligible; heuristic/SM-dependent
model.language_model.layers.41.mlp.up_proj.mul1,text,model-00001-of-00002.safetensors,I32,,4,model.language_model.layers.41.mlp.up_proj,exl3,3,,,
model.language_model.layers.41.mlp.up_proj.suh,text,model-00001-of-00002.safetensors,F16,5120,10240,model.language_model.layers.41.mlp.up_proj,exl3,3,,,
model.language_model.layers.41.mlp.up_proj.svh,text,model-00001-of-00002.safetensors,F16,17408,34816,model.language_model.layers.41.mlp.up_proj,exl3,3,,,
model.language_model.layers.41.mlp.up_proj.trellis,text,model-00001-of-00002.safetensors,I16,320x1088x48,33423360,model.language_model.layers.41.mlp.up_proj,exl3,3,5120,17408,hard-eligible; heuristic/SM-dependent
model.language_model.layers.41.post_attention_layernorm.weight,text,model-00001-of-00002.safetensors,BF16,5120,10240,model.language_model.layers.41.post_attention_layernorm,,,,,
model.language_model.layers.42.input_layernorm.weight,text,model-00001-of-00002.safetensors,BF16,5120,10240,model.language_model.layers.42.input_layernorm,,,,,
model.language_model.layers.42.linear_attn.A_log,text,model-00001-of-00002.safetensors,BF16,48,96,,,,,,
model.language_model.layers.42.linear_attn.conv1d.weight,text,model-00001-of-00002.safetensors,BF16,10240x1x4,81920,,,,,,
model.language_model.layers.42.linear_attn.dt_bias,text,model-00001-of-00002.safetensors,BF16,48,96,,,,,,
model.language_model.layers.42.linear_attn.in_proj_a.weight,text,model-00001-of-00002.safetensors,F16,48x5120,491520,model.language_model.layers.42.linear_attn.in_proj_a,,,,,
model.language_model.layers.42.linear_attn.in_proj_b.weight,text,model-00001-of-00002.safetensors,F16,48x5120,491520,model.language_model.layers.42.linear_attn.in_proj_b,,,,,
model.language_model.layers.42.linear_attn.in_proj_qkv.mul1,text,model-00001-of-00002.safetensors,I32,,4,model.language_model.layers.42.linear_attn.in_proj_qkv,exl3,3,,,
model.language_model.layers.42.linear_attn.in_proj_qkv.suh,text,model-00001-of-00002.safetensors,F16,5120,10240,model.language_model.layers.42.linear_attn.in_proj_qkv,exl3,3,,,
model.language_model.layers.42.linear_attn.in_proj_qkv.svh,text,model-00001-of-00002.safetensors,F16,10240,20480,model.language_model.layers.42.linear_attn.in_proj_qkv,exl3,3,,,
model.language_model.layers.42.linear_attn.in_proj_qkv.trellis,text,model-00001-of-00002.safetensors,I16,320x640x48,19660800,model.language_model.layers.42.linear_attn.in_proj_qkv,exl3,3,5120,10240,hard-eligible; heuristic/SM-dependent
model.language_model.layers.42.linear_attn.in_proj_z.mul1,text,model-00001-of-00002.safetensors,I32,,4,model.language_model.layers.42.linear_attn.in_proj_z,exl3,3,,,
model.language_model.layers.42.linear_attn.in_proj_z.suh,text,model-00001-of-00002.safetensors,F16,5120,10240,model.language_model.layers.42.linear_attn.in_proj_z,exl3,3,,,
model.language_model.layers.42.linear_attn.in_proj_z.svh,text,model-00001-of-00002.safetensors,F16,6144,12288,model.language_model.layers.42.linear_attn.in_proj_z,exl3,3,,,
model.language_model.layers.42.linear_attn.in_proj_z.trellis,text,model-00001-of-00002.safetensors,I16,320x384x48,11796480,model.language_model.layers.42.linear_attn.in_proj_z,exl3,3,5120,6144,hard-eligible; heuristic/SM-dependent
model.language_model.layers.42.linear_attn.norm.weight,text,model-00001-of-00002.safetensors,BF16,128,256,model.language_model.layers.42.linear_attn.norm,,,,,
model.language_model.layers.42.linear_attn.out_proj.mul1,text,model-00001-of-00002.safetensors,I32,,4,model.language_model.layers.42.linear_attn.out_proj,exl3,3,,,
model.language_model.layers.42.linear_attn.out_proj.suh,text,model-00001-of-00002.safetensors,F16,6144,12288,model.language_model.layers.42.linear_attn.out_proj,exl3,3,,,
model.language_model.layers.42.linear_attn.out_proj.svh,text,model-00001-of-00002.safetensors,F16,5120,10240,model.language_model.layers.42.linear_attn.out_proj,exl3,3,,,
model.language_model.layers.42.linear_attn.out_proj.trellis,text,model-00001-of-00002.safetensors,I16,384x320x48,11796480,model.language_model.layers.42.linear_attn.out_proj,exl3,3,6144,5120,hard-eligible; heuristic/SM-dependent
model.language_model.layers.42.mlp.down_proj.mul1,text,model-00001-of-00002.safetensors,I32,,4,model.language_model.layers.42.mlp.down_proj,exl3,3,,,
model.language_model.layers.42.mlp.down_proj.suh,text,model-00001-of-00002.safetensors,F16,17408,34816,model.language_model.layers.42.mlp.down_proj,exl3,3,,,
model.language_model.layers.42.mlp.down_proj.svh,text,model-00001-of-00002.safetensors,F16,5120,10240,model.language_model.layers.42.mlp.down_proj,exl3,3,,,
model.language_model.layers.42.mlp.down_proj.trellis,text,model-00001-of-00002.safetensors,I16,1088x320x48,33423360,model.language_model.layers.42.mlp.down_proj,exl3,3,17408,5120,hard-eligible; heuristic/SM-dependent
model.language_model.layers.42.mlp.gate_proj.mul1,text,model-00001-of-00002.safetensors,I32,,4,model.language_model.layers.42.mlp.gate_proj,exl3,3,,,
model.language_model.layers.42.mlp.gate_proj.suh,text,model-00001-of-00002.safetensors,F16,5120,10240,model.language_model.layers.42.mlp.gate_proj,exl3,3,,,
model.language_model.layers.42.mlp.gate_proj.svh,text,model-00001-of-00002.safetensors,F16,17408,34816,model.language_model.layers.42.mlp.gate_proj,exl3,3,,,
model.language_model.layers.42.mlp.gate_proj.trellis,text,model-00001-of-00002.safetensors,I16,320x1088x48,33423360,model.language_model.layers.42.mlp.gate_proj,exl3,3,5120,17408,hard-eligible; heuristic/SM-dependent
model.language_model.layers.42.mlp.up_proj.mul1,text,model-00001-of-00002.safetensors,I32,,4,model.language_model.layers.42.mlp.up_proj,exl3,3,,,
model.language_model.layers.42.mlp.up_proj.suh,text,model-00001-of-00002.safetensors,F16,5120,10240,model.language_model.layers.42.mlp.up_proj,exl3,3,,,
model.language_model.layers.42.mlp.up_proj.svh,text,model-00001-of-00002.safetensors,F16,17408,34816,model.language_model.layers.42.mlp.up_proj,exl3,3,,,
model.language_model.layers.42.mlp.up_proj.trellis,text,model-00001-of-00002.safetensors,I16,320x1088x48,33423360,model.language_model.layers.42.mlp.up_proj,exl3,3,5120,17408,hard-eligible; heuristic/SM-dependent
model.language_model.layers.42.post_attention_layernorm.weight,text,model-00001-of-00002.safetensors,BF16,5120,10240,model.language_model.layers.42.post_attention_layernorm,,,,,
model.language_model.layers.43.input_layernorm.weight,text,model-00002-of-00002.safetensors,BF16,5120,10240,model.language_model.layers.43.input_layernorm,,,,,
model.language_model.layers.43.mlp.down_proj.mul1,text,model-00002-of-00002.safetensors,I32,,4,model.language_model.layers.43.mlp.down_proj,exl3,3,,,
model.language_model.layers.43.mlp.down_proj.suh,text,model-00002-of-00002.safetensors,F16,17408,34816,model.language_model.layers.43.mlp.down_proj,exl3,3,,,
model.language_model.layers.43.mlp.down_proj.svh,text,model-00002-of-00002.safetensors,F16,5120,10240,model.language_model.layers.43.mlp.down_proj,exl3,3,,,
model.language_model.layers.43.mlp.down_proj.trellis,text,model-00002-of-00002.safetensors,I16,1088x320x48,33423360,model.language_model.layers.43.mlp.down_proj,exl3,3,17408,5120,hard-eligible; heuristic/SM-dependent
model.language_model.layers.43.mlp.gate_proj.mul1,text,model-00002-of-00002.safetensors,I32,,4,model.language_model.layers.43.mlp.gate_proj,exl3,3,,,
model.language_model.layers.43.mlp.gate_proj.suh,text,model-00002-of-00002.safetensors,F16,5120,10240,model.language_model.layers.43.mlp.gate_proj,exl3,3,,,
model.language_model.layers.43.mlp.gate_proj.svh,text,model-00002-of-00002.safetensors,F16,17408,34816,model.language_model.layers.43.mlp.gate_proj,exl3,3,,,
model.language_model.layers.43.mlp.gate_proj.trellis,text,model-00002-of-00002.safetensors,I16,320x1088x48,33423360,model.language_model.layers.43.mlp.gate_proj,exl3,3,5120,17408,hard-eligible; heuristic/SM-dependent
model.language_model.layers.43.mlp.up_proj.mul1,text,model-00002-of-00002.safetensors,I32,,4,model.language_model.layers.43.mlp.up_proj,exl3,3,,,
model.language_model.layers.43.mlp.up_proj.suh,text,model-00002-of-00002.safetensors,F16,5120,10240,model.language_model.layers.43.mlp.up_proj,exl3,3,,,
model.language_model.layers.43.mlp.up_proj.svh,text,model-00002-of-00002.safetensors,F16,17408,34816,model.language_model.layers.43.mlp.up_proj,exl3,3,,,
model.language_model.layers.43.mlp.up_proj.trellis,text,model-00002-of-00002.safetensors,I16,320x1088x48,33423360,model.language_model.layers.43.mlp.up_proj,exl3,3,5120,17408,hard-eligible; heuristic/SM-dependent
model.language_model.layers.43.post_attention_layernorm.weight,text,model-00002-of-00002.safetensors,BF16,5120,10240,model.language_model.layers.43.post_attention_layernorm,,,,,
model.language_model.layers.43.self_attn.k_norm.weight,text,model-00002-of-00002.safetensors,BF16,256,512,model.language_model.layers.43.self_attn.k_norm,,,,,
model.language_model.layers.43.self_attn.k_proj.mul1,text,model-00002-of-00002.safetensors,I32,,4,model.language_model.layers.43.self_attn.k_proj,exl3,4,,,
model.language_model.layers.43.self_attn.k_proj.suh,text,model-00002-of-00002.safetensors,F16,5120,10240,model.language_model.layers.43.self_attn.k_proj,exl3,4,,,
model.language_model.layers.43.self_attn.k_proj.svh,text,model-00002-of-00002.safetensors,F16,1024,2048,model.language_model.layers.43.self_attn.k_proj,exl3,4,,,
model.language_model.layers.43.self_attn.k_proj.trellis,text,model-00002-of-00002.safetensors,I16,320x64x64,2621440,model.language_model.layers.43.self_attn.k_proj,exl3,4,5120,1024,hard-eligible; heuristic/SM-dependent
model.language_model.layers.43.self_attn.o_proj.mul1,text,model-00002-of-00002.safetensors,I32,,4,model.language_model.layers.43.self_attn.o_proj,exl3,3,,,
model.language_model.layers.43.self_attn.o_proj.suh,text,model-00002-of-00002.safetensors,F16,6144,12288,model.language_model.layers.43.self_attn.o_proj,exl3,3,,,
model.language_model.layers.43.self_attn.o_proj.svh,text,model-00002-of-00002.safetensors,F16,5120,10240,model.language_model.layers.43.self_attn.o_proj,exl3,3,,,
model.language_model.layers.43.self_attn.o_proj.trellis,text,model-00002-of-00002.safetensors,I16,384x320x48,11796480,model.language_model.layers.43.self_attn.o_proj,exl3,3,6144,5120,hard-eligible; heuristic/SM-dependent
model.language_model.layers.43.self_attn.q_norm.weight,text,model-00002-of-00002.safetensors,BF16,256,512,model.language_model.layers.43.self_attn.q_norm,,,,,
model.language_model.layers.43.self_attn.q_proj.mul1,text,model-00002-of-00002.safetensors,I32,,4,model.language_model.layers.43.self_attn.q_proj,exl3,3,,,
model.language_model.layers.43.self_attn.q_proj.suh,text,model-00002-of-00002.safetensors,F16,5120,10240,model.language_model.layers.43.self_attn.q_proj,exl3,3,,,
model.language_model.layers.43.self_attn.q_proj.svh,text,model-00002-of-00002.safetensors,F16,12288,24576,model.language_model.layers.43.self_attn.q_proj,exl3,3,,,
model.language_model.layers.43.self_attn.q_proj.trellis,text,model-00002-of-00002.safetensors,I16,320x768x48,23592960,model.language_model.layers.43.self_attn.q_proj,exl3,3,5120,12288,hard-eligible; heuristic/SM-dependent
model.language_model.layers.43.self_attn.v_proj.mul1,text,model-00002-of-00002.safetensors,I32,,4,model.language_model.layers.43.self_attn.v_proj,exl3,4,,,
model.language_model.layers.43.self_attn.v_proj.suh,text,model-00002-of-00002.safetensors,F16,5120,10240,model.language_model.layers.43.self_attn.v_proj,exl3,4,,,
model.language_model.layers.43.self_attn.v_proj.svh,text,model-00002-of-00002.safetensors,F16,1024,2048,model.language_model.layers.43.self_attn.v_proj,exl3,4,,,
model.language_model.layers.43.self_attn.v_proj.trellis,text,model-00002-of-00002.safetensors,I16,320x64x64,2621440,model.language_model.layers.43.self_attn.v_proj,exl3,4,5120,1024,hard-eligible; heuristic/SM-dependent
model.language_model.layers.44.input_layernorm.weight,text,model-00002-of-00002.safetensors,BF16,5120,10240,model.language_model.layers.44.input_layernorm,,,,,
model.language_model.layers.44.linear_attn.A_log,text,model-00002-of-00002.safetensors,BF16,48,96,,,,,,
model.language_model.layers.44.linear_attn.conv1d.weight,text,model-00002-of-00002.safetensors,BF16,10240x1x4,81920,,,,,,
model.language_model.layers.44.linear_attn.dt_bias,text,model-00002-of-00002.safetensors,BF16,48,96,,,,,,
model.language_model.layers.44.linear_attn.in_proj_a.weight,text,model-00002-of-00002.safetensors,F16,48x5120,491520,model.language_model.layers.44.linear_attn.in_proj_a,,,,,
model.language_model.layers.44.linear_attn.in_proj_b.weight,text,model-00002-of-00002.safetensors,F16,48x5120,491520,model.language_model.layers.44.linear_attn.in_proj_b,,,,,
model.language_model.layers.44.linear_attn.in_proj_qkv.mul1,text,model-00002-of-00002.safetensors,I32,,4,model.language_model.layers.44.linear_attn.in_proj_qkv,exl3,3,,,
model.language_model.layers.44.linear_attn.in_proj_qkv.suh,text,model-00002-of-00002.safetensors,F16,5120,10240,model.language_model.layers.44.linear_attn.in_proj_qkv,exl3,3,,,
model.language_model.layers.44.linear_attn.in_proj_qkv.svh,text,model-00002-of-00002.safetensors,F16,10240,20480,model.language_model.layers.44.linear_attn.in_proj_qkv,exl3,3,,,
model.language_model.layers.44.linear_attn.in_proj_qkv.trellis,text,model-00002-of-00002.safetensors,I16,320x640x48,19660800,model.language_model.layers.44.linear_attn.in_proj_qkv,exl3,3,5120,10240,hard-eligible; heuristic/SM-dependent
model.language_model.layers.44.linear_attn.in_proj_z.mul1,text,model-00002-of-00002.safetensors,I32,,4,model.language_model.layers.44.linear_attn.in_proj_z,exl3,3,,,
model.language_model.layers.44.linear_attn.in_proj_z.suh,text,model-00002-of-00002.safetensors,F16,5120,10240,model.language_model.layers.44.linear_attn.in_proj_z,exl3,3,,,
model.language_model.layers.44.linear_attn.in_proj_z.svh,text,model-00002-of-00002.safetensors,F16,6144,12288,model.language_model.layers.44.linear_attn.in_proj_z,exl3,3,,,
model.language_model.layers.44.linear_attn.in_proj_z.trellis,text,model-00002-of-00002.safetensors,I16,320x384x48,11796480,model.language_model.layers.44.linear_attn.in_proj_z,exl3,3,5120,6144,hard-eligible; heuristic/SM-dependent
model.language_model.layers.44.linear_attn.norm.weight,text,model-00002-of-00002.safetensors,BF16,128,256,model.language_model.layers.44.linear_attn.norm,,,,,
model.language_model.layers.44.linear_attn.out_proj.mul1,text,model-00002-of-00002.safetensors,I32,,4,model.language_model.layers.44.linear_attn.out_proj,exl3,3,,,
model.language_model.layers.44.linear_attn.out_proj.suh,text,model-00002-of-00002.safetensors,F16,6144,12288,model.language_model.layers.44.linear_attn.out_proj,exl3,3,,,
model.language_model.layers.44.linear_attn.out_proj.svh,text,model-00002-of-00002.safetensors,F16,5120,10240,model.language_model.layers.44.linear_attn.out_proj,exl3,3,,,
model.language_model.layers.44.linear_attn.out_proj.trellis,text,model-00002-of-00002.safetensors,I16,384x320x48,11796480,model.language_model.layers.44.linear_attn.out_proj,exl3,3,6144,5120,hard-eligible; heuristic/SM-dependent
model.language_model.layers.44.mlp.down_proj.mul1,text,model-00002-of-00002.safetensors,I32,,4,model.language_model.layers.44.mlp.down_proj,exl3,3,,,
model.language_model.layers.44.mlp.down_proj.suh,text,model-00002-of-00002.safetensors,F16,17408,34816,model.language_model.layers.44.mlp.down_proj,exl3,3,,,
model.language_model.layers.44.mlp.down_proj.svh,text,model-00002-of-00002.safetensors,F16,5120,10240,model.language_model.layers.44.mlp.down_proj,exl3,3,,,
model.language_model.layers.44.mlp.down_proj.trellis,text,model-00002-of-00002.safetensors,I16,1088x320x48,33423360,model.language_model.layers.44.mlp.down_proj,exl3,3,17408,5120,hard-eligible; heuristic/SM-dependent
model.language_model.layers.44.mlp.gate_proj.mul1,text,model-00002-of-00002.safetensors,I32,,4,model.language_model.layers.44.mlp.gate_proj,exl3,3,,,
model.language_model.layers.44.mlp.gate_proj.suh,text,model-00002-of-00002.safetensors,F16,5120,10240,model.language_model.layers.44.mlp.gate_proj,exl3,3,,,
model.language_model.layers.44.mlp.gate_proj.svh,text,model-00002-of-00002.safetensors,F16,17408,34816,model.language_model.layers.44.mlp.gate_proj,exl3,3,,,
model.language_model.layers.44.mlp.gate_proj.trellis,text,model-00002-of-00002.safetensors,I16,320x1088x48,33423360,model.language_model.layers.44.mlp.gate_proj,exl3,3,5120,17408,hard-eligible; heuristic/SM-dependent
model.language_model.layers.44.mlp.up_proj.mul1,text,model-00002-of-00002.safetensors,I32,,4,model.language_model.layers.44.mlp.up_proj,exl3,3,,,
model.language_model.layers.44.mlp.up_proj.suh,text,model-00002-of-00002.safetensors,F16,5120,10240,model.language_model.layers.44.mlp.up_proj,exl3,3,,,
model.language_model.layers.44.mlp.up_proj.svh,text,model-00002-of-00002.safetensors,F16,17408,34816,model.language_model.layers.44.mlp.up_proj,exl3,3,,,
model.language_model.layers.44.mlp.up_proj.trellis,text,model-00002-of-00002.safetensors,I16,320x1088x48,33423360,model.language_model.layers.44.mlp.up_proj,exl3,3,5120,17408,hard-eligible; heuristic/SM-dependent
model.language_model.layers.44.post_attention_layernorm.weight,text,model-00002-of-00002.safetensors,BF16,5120,10240,model.language_model.layers.44.post_attention_layernorm,,,,,
model.language_model.layers.45.input_layernorm.weight,text,model-00002-of-00002.safetensors,BF16,5120,10240,model.language_model.layers.45.input_layernorm,,,,,
model.language_model.layers.45.linear_attn.A_log,text,model-00002-of-00002.safetensors,BF16,48,96,,,,,,
model.language_model.layers.45.linear_attn.conv1d.weight,text,model-00002-of-00002.safetensors,BF16,10240x1x4,81920,,,,,,
model.language_model.layers.45.linear_attn.dt_bias,text,model-00002-of-00002.safetensors,BF16,48,96,,,,,,
model.language_model.layers.45.linear_attn.in_proj_a.weight,text,model-00002-of-00002.safetensors,F16,48x5120,491520,model.language_model.layers.45.linear_attn.in_proj_a,,,,,
model.language_model.layers.45.linear_attn.in_proj_b.weight,text,model-00002-of-00002.safetensors,F16,48x5120,491520,model.language_model.layers.45.linear_attn.in_proj_b,,,,,
model.language_model.layers.45.linear_attn.in_proj_qkv.mul1,text,model-00002-of-00002.safetensors,I32,,4,model.language_model.layers.45.linear_attn.in_proj_qkv,exl3,2,,,
model.language_model.layers.45.linear_attn.in_proj_qkv.suh,text,model-00002-of-00002.safetensors,F16,5120,10240,model.language_model.layers.45.linear_attn.in_proj_qkv,exl3,2,,,
model.language_model.layers.45.linear_attn.in_proj_qkv.svh,text,model-00002-of-00002.safetensors,F16,10240,20480,model.language_model.layers.45.linear_attn.in_proj_qkv,exl3,2,,,
model.language_model.layers.45.linear_attn.in_proj_qkv.trellis,text,model-00002-of-00002.safetensors,I16,320x640x32,13107200,model.language_model.layers.45.linear_attn.in_proj_qkv,exl3,2,5120,10240,hard-eligible; heuristic/SM-dependent
model.language_model.layers.45.linear_attn.in_proj_z.mul1,text,model-00002-of-00002.safetensors,I32,,4,model.language_model.layers.45.linear_attn.in_proj_z,exl3,2,,,
model.language_model.layers.45.linear_attn.in_proj_z.suh,text,model-00002-of-00002.safetensors,F16,5120,10240,model.language_model.layers.45.linear_attn.in_proj_z,exl3,2,,,
model.language_model.layers.45.linear_attn.in_proj_z.svh,text,model-00002-of-00002.safetensors,F16,6144,12288,model.language_model.layers.45.linear_attn.in_proj_z,exl3,2,,,
model.language_model.layers.45.linear_attn.in_proj_z.trellis,text,model-00002-of-00002.safetensors,I16,320x384x32,7864320,model.language_model.layers.45.linear_attn.in_proj_z,exl3,2,5120,6144,hard-eligible; heuristic/SM-dependent
model.language_model.layers.45.linear_attn.norm.weight,text,model-00002-of-00002.safetensors,BF16,128,256,model.language_model.layers.45.linear_attn.norm,,,,,
model.language_model.layers.45.linear_attn.out_proj.mul1,text,model-00002-of-00002.safetensors,I32,,4,model.language_model.layers.45.linear_attn.out_proj,exl3,3,,,
model.language_model.layers.45.linear_attn.out_proj.suh,text,model-00002-of-00002.safetensors,F16,6144,12288,model.language_model.layers.45.linear_attn.out_proj,exl3,3,,,
model.language_model.layers.45.linear_attn.out_proj.svh,text,model-00002-of-00002.safetensors,F16,5120,10240,model.language_model.layers.45.linear_attn.out_proj,exl3,3,,,
model.language_model.layers.45.linear_attn.out_proj.trellis,text,model-00002-of-00002.safetensors,I16,384x320x48,11796480,model.language_model.layers.45.linear_attn.out_proj,exl3,3,6144,5120,hard-eligible; heuristic/SM-dependent
model.language_model.layers.45.mlp.down_proj.mul1,text,model-00002-of-00002.safetensors,I32,,4,model.language_model.layers.45.mlp.down_proj,exl3,3,,,
model.language_model.layers.45.mlp.down_proj.suh,text,model-00002-of-00002.safetensors,F16,17408,34816,model.language_model.layers.45.mlp.down_proj,exl3,3,,,
model.language_model.layers.45.mlp.down_proj.svh,text,model-00002-of-00002.safetensors,F16,5120,10240,model.language_model.layers.45.mlp.down_proj,exl3,3,,,
model.language_model.layers.45.mlp.down_proj.trellis,text,model-00002-of-00002.safetensors,I16,1088x320x48,33423360,model.language_model.layers.45.mlp.down_proj,exl3,3,17408,5120,hard-eligible; heuristic/SM-dependent
model.language_model.layers.45.mlp.gate_proj.mul1,text,model-00002-of-00002.safetensors,I32,,4,model.language_model.layers.45.mlp.gate_proj,exl3,3,,,
model.language_model.layers.45.mlp.gate_proj.suh,text,model-00002-of-00002.safetensors,F16,5120,10240,model.language_model.layers.45.mlp.gate_proj,exl3,3,,,
model.language_model.layers.45.mlp.gate_proj.svh,text,model-00002-of-00002.safetensors,F16,17408,34816,model.language_model.layers.45.mlp.gate_proj,exl3,3,,,
model.language_model.layers.45.mlp.gate_proj.trellis,text,model-00002-of-00002.safetensors,I16,320x1088x48,33423360,model.language_model.layers.45.mlp.gate_proj,exl3,3,5120,17408,hard-eligible; heuristic/SM-dependent
model.language_model.layers.45.mlp.up_proj.mul1,text,model-00002-of-00002.safetensors,I32,,4,model.language_model.layers.45.mlp.up_proj,exl3,3,,,
model.language_model.layers.45.mlp.up_proj.suh,text,model-00002-of-00002.safetensors,F16,5120,10240,model.language_model.layers.45.mlp.up_proj,exl3,3,,,
model.language_model.layers.45.mlp.up_proj.svh,text,model-00002-of-00002.safetensors,F16,17408,34816,model.language_model.layers.45.mlp.up_proj,exl3,3,,,
model.language_model.layers.45.mlp.up_proj.trellis,text,model-00002-of-00002.safetensors,I16,320x1088x48,33423360,model.language_model.layers.45.mlp.up_proj,exl3,3,5120,17408,hard-eligible; heuristic/SM-dependent
model.language_model.layers.45.post_attention_layernorm.weight,text,model-00002-of-00002.safetensors,BF16,5120,10240,model.language_model.layers.45.post_attention_layernorm,,,,,
model.language_model.layers.46.input_layernorm.weight,text,model-00002-of-00002.safetensors,BF16,5120,10240,model.language_model.layers.46.input_layernorm,,,,,
model.language_model.layers.46.linear_attn.A_log,text,model-00002-of-00002.safetensors,BF16,48,96,,,,,,
model.language_model.layers.46.linear_attn.conv1d.weight,text,model-00002-of-00002.safetensors,BF16,10240x1x4,81920,,,,,,
model.language_model.layers.46.linear_attn.dt_bias,text,model-00002-of-00002.safetensors,BF16,48,96,,,,,,
model.language_model.layers.46.linear_attn.in_proj_a.weight,text,model-00002-of-00002.safetensors,F16,48x5120,491520,model.language_model.layers.46.linear_attn.in_proj_a,,,,,
model.language_model.layers.46.linear_attn.in_proj_b.weight,text,model-00002-of-00002.safetensors,F16,48x5120,491520,model.language_model.layers.46.linear_attn.in_proj_b,,,,,
model.language_model.layers.46.linear_attn.in_proj_qkv.mul1,text,model-00002-of-00002.safetensors,I32,,4,model.language_model.layers.46.linear_attn.in_proj_qkv,exl3,3,,,
model.language_model.layers.46.linear_attn.in_proj_qkv.suh,text,model-00002-of-00002.safetensors,F16,5120,10240,model.language_model.layers.46.linear_attn.in_proj_qkv,exl3,3,,,
model.language_model.layers.46.linear_attn.in_proj_qkv.svh,text,model-00002-of-00002.safetensors,F16,10240,20480,model.language_model.layers.46.linear_attn.in_proj_qkv,exl3,3,,,
model.language_model.layers.46.linear_attn.in_proj_qkv.trellis,text,model-00002-of-00002.safetensors,I16,320x640x48,19660800,model.language_model.layers.46.linear_attn.in_proj_qkv,exl3,3,5120,10240,hard-eligible; heuristic/SM-dependent
model.language_model.layers.46.linear_attn.in_proj_z.mul1,text,model-00002-of-00002.safetensors,I32,,4,model.language_model.layers.46.linear_attn.in_proj_z,exl3,3,,,
model.language_model.layers.46.linear_attn.in_proj_z.suh,text,model-00002-of-00002.safetensors,F16,5120,10240,model.language_model.layers.46.linear_attn.in_proj_z,exl3,3,,,
model.language_model.layers.46.linear_attn.in_proj_z.svh,text,model-00002-of-00002.safetensors,F16,6144,12288,model.language_model.layers.46.linear_attn.in_proj_z,exl3,3,,,
model.language_model.layers.46.linear_attn.in_proj_z.trellis,text,model-00002-of-00002.safetensors,I16,320x384x48,11796480,model.language_model.layers.46.linear_attn.in_proj_z,exl3,3,5120,6144,hard-eligible; heuristic/SM-dependent
model.language_model.layers.46.linear_attn.norm.weight,text,model-00002-of-00002.safetensors,BF16,128,256,model.language_model.layers.46.linear_attn.norm,,,,,
model.language_model.layers.46.linear_attn.out_proj.mul1,text,model-00002-of-00002.safetensors,I32,,4,model.language_model.layers.46.linear_attn.out_proj,exl3,3,,,
model.language_model.layers.46.linear_attn.out_proj.suh,text,model-00002-of-00002.safetensors,F16,6144,12288,model.language_model.layers.46.linear_attn.out_proj,exl3,3,,,
model.language_model.layers.46.linear_attn.out_proj.svh,text,model-00002-of-00002.safetensors,F16,5120,10240,model.language_model.layers.46.linear_attn.out_proj,exl3,3,,,
model.language_model.layers.46.linear_attn.out_proj.trellis,text,model-00002-of-00002.safetensors,I16,384x320x48,11796480,model.language_model.layers.46.linear_attn.out_proj,exl3,3,6144,5120,hard-eligible; heuristic/SM-dependent
model.language_model.layers.46.mlp.down_proj.mul1,text,model-00002-of-00002.safetensors,I32,,4,model.language_model.layers.46.mlp.down_proj,exl3,3,,,
model.language_model.layers.46.mlp.down_proj.suh,text,model-00002-of-00002.safetensors,F16,17408,34816,model.language_model.layers.46.mlp.down_proj,exl3,3,,,
model.language_model.layers.46.mlp.down_proj.svh,text,model-00002-of-00002.safetensors,F16,5120,10240,model.language_model.layers.46.mlp.down_proj,exl3,3,,,
model.language_model.layers.46.mlp.down_proj.trellis,text,model-00002-of-00002.safetensors,I16,1088x320x48,33423360,model.language_model.layers.46.mlp.down_proj,exl3,3,17408,5120,hard-eligible; heuristic/SM-dependent
model.language_model.layers.46.mlp.gate_proj.mul1,text,model-00002-of-00002.safetensors,I32,,4,model.language_model.layers.46.mlp.gate_proj,exl3,2,,,
model.language_model.layers.46.mlp.gate_proj.suh,text,model-00002-of-00002.safetensors,F16,5120,10240,model.language_model.layers.46.mlp.gate_proj,exl3,2,,,
model.language_model.layers.46.mlp.gate_proj.svh,text,model-00002-of-00002.safetensors,F16,17408,34816,model.language_model.layers.46.mlp.gate_proj,exl3,2,,,
model.language_model.layers.46.mlp.gate_proj.trellis,text,model-00002-of-00002.safetensors,I16,320x1088x32,22282240,model.language_model.layers.46.mlp.gate_proj,exl3,2,5120,17408,hard-eligible; heuristic/SM-dependent
model.language_model.layers.46.mlp.up_proj.mul1,text,model-00002-of-00002.safetensors,I32,,4,model.language_model.layers.46.mlp.up_proj,exl3,2,,,
model.language_model.layers.46.mlp.up_proj.suh,text,model-00002-of-00002.safetensors,F16,5120,10240,model.language_model.layers.46.mlp.up_proj,exl3,2,,,
model.language_model.layers.46.mlp.up_proj.svh,text,model-00002-of-00002.safetensors,F16,17408,34816,model.language_model.layers.46.mlp.up_proj,exl3,2,,,
model.language_model.layers.46.mlp.up_proj.trellis,text,model-00002-of-00002.safetensors,I16,320x1088x32,22282240,model.language_model.layers.46.mlp.up_proj,exl3,2,5120,17408,hard-eligible; heuristic/SM-dependent
model.language_model.layers.46.post_attention_layernorm.weight,text,model-00002-of-00002.safetensors,BF16,5120,10240,model.language_model.layers.46.post_attention_layernorm,,,,,
model.language_model.layers.47.input_layernorm.weight,text,model-00002-of-00002.safetensors,BF16,5120,10240,model.language_model.layers.47.input_layernorm,,,,,
model.language_model.layers.47.mlp.down_proj.mul1,text,model-00002-of-00002.safetensors,I32,,4,model.language_model.layers.47.mlp.down_proj,exl3,3,,,
model.language_model.layers.47.mlp.down_proj.suh,text,model-00002-of-00002.safetensors,F16,17408,34816,model.language_model.layers.47.mlp.down_proj,exl3,3,,,
model.language_model.layers.47.mlp.down_proj.svh,text,model-00002-of-00002.safetensors,F16,5120,10240,model.language_model.layers.47.mlp.down_proj,exl3,3,,,
model.language_model.layers.47.mlp.down_proj.trellis,text,model-00002-of-00002.safetensors,I16,1088x320x48,33423360,model.language_model.layers.47.mlp.down_proj,exl3,3,17408,5120,hard-eligible; heuristic/SM-dependent
model.language_model.layers.47.mlp.gate_proj.mul1,text,model-00002-of-00002.safetensors,I32,,4,model.language_model.layers.47.mlp.gate_proj,exl3,3,,,
model.language_model.layers.47.mlp.gate_proj.suh,text,model-00002-of-00002.safetensors,F16,5120,10240,model.language_model.layers.47.mlp.gate_proj,exl3,3,,,
model.language_model.layers.47.mlp.gate_proj.svh,text,model-00002-of-00002.safetensors,F16,17408,34816,model.language_model.layers.47.mlp.gate_proj,exl3,3,,,
model.language_model.layers.47.mlp.gate_proj.trellis,text,model-00002-of-00002.safetensors,I16,320x1088x48,33423360,model.language_model.layers.47.mlp.gate_proj,exl3,3,5120,17408,hard-eligible; heuristic/SM-dependent
model.language_model.layers.47.mlp.up_proj.mul1,text,model-00002-of-00002.safetensors,I32,,4,model.language_model.layers.47.mlp.up_proj,exl3,3,,,
model.language_model.layers.47.mlp.up_proj.suh,text,model-00002-of-00002.safetensors,F16,5120,10240,model.language_model.layers.47.mlp.up_proj,exl3,3,,,
model.language_model.layers.47.mlp.up_proj.svh,text,model-00002-of-00002.safetensors,F16,17408,34816,model.language_model.layers.47.mlp.up_proj,exl3,3,,,
model.language_model.layers.47.mlp.up_proj.trellis,text,model-00002-of-00002.safetensors,I16,320x1088x48,33423360,model.language_model.layers.47.mlp.up_proj,exl3,3,5120,17408,hard-eligible; heuristic/SM-dependent
model.language_model.layers.47.post_attention_layernorm.weight,text,model-00002-of-00002.safetensors,BF16,5120,10240,model.language_model.layers.47.post_attention_layernorm,,,,,
model.language_model.layers.47.self_attn.k_norm.weight,text,model-00002-of-00002.safetensors,BF16,256,512,model.language_model.layers.47.self_attn.k_norm,,,,,
model.language_model.layers.47.self_attn.k_proj.mul1,text,model-00002-of-00002.safetensors,I32,,4,model.language_model.layers.47.self_attn.k_proj,exl3,4,,,
model.language_model.layers.47.self_attn.k_proj.suh,text,model-00002-of-00002.safetensors,F16,5120,10240,model.language_model.layers.47.self_attn.k_proj,exl3,4,,,
model.language_model.layers.47.self_attn.k_proj.svh,text,model-00002-of-00002.safetensors,F16,1024,2048,model.language_model.layers.47.self_attn.k_proj,exl3,4,,,
model.language_model.layers.47.self_attn.k_proj.trellis,text,model-00002-of-00002.safetensors,I16,320x64x64,2621440,model.language_model.layers.47.self_attn.k_proj,exl3,4,5120,1024,hard-eligible; heuristic/SM-dependent
model.language_model.layers.47.self_attn.o_proj.mul1,text,model-00002-of-00002.safetensors,I32,,4,model.language_model.layers.47.self_attn.o_proj,exl3,3,,,
model.language_model.layers.47.self_attn.o_proj.suh,text,model-00002-of-00002.safetensors,F16,6144,12288,model.language_model.layers.47.self_attn.o_proj,exl3,3,,,
model.language_model.layers.47.self_attn.o_proj.svh,text,model-00002-of-00002.safetensors,F16,5120,10240,model.language_model.layers.47.self_attn.o_proj,exl3,3,,,
model.language_model.layers.47.self_attn.o_proj.trellis,text,model-00002-of-00002.safetensors,I16,384x320x48,11796480,model.language_model.layers.47.self_attn.o_proj,exl3,3,6144,5120,hard-eligible; heuristic/SM-dependent
model.language_model.layers.47.self_attn.q_norm.weight,text,model-00002-of-00002.safetensors,BF16,256,512,model.language_model.layers.47.self_attn.q_norm,,,,,
model.language_model.layers.47.self_attn.q_proj.mul1,text,model-00002-of-00002.safetensors,I32,,4,model.language_model.layers.47.self_attn.q_proj,exl3,2,,,
model.language_model.layers.47.self_attn.q_proj.suh,text,model-00002-of-00002.safetensors,F16,5120,10240,model.language_model.layers.47.self_attn.q_proj,exl3,2,,,
model.language_model.layers.47.self_attn.q_proj.svh,text,model-00002-of-00002.safetensors,F16,12288,24576,model.language_model.layers.47.self_attn.q_proj,exl3,2,,,
model.language_model.layers.47.self_attn.q_proj.trellis,text,model-00002-of-00002.safetensors,I16,320x768x32,15728640,model.language_model.layers.47.self_attn.q_proj,exl3,2,5120,12288,hard-eligible; heuristic/SM-dependent
model.language_model.layers.47.self_attn.v_proj.mul1,text,model-00002-of-00002.safetensors,I32,,4,model.language_model.layers.47.self_attn.v_proj,exl3,4,,,
model.language_model.layers.47.self_attn.v_proj.suh,text,model-00002-of-00002.safetensors,F16,5120,10240,model.language_model.layers.47.self_attn.v_proj,exl3,4,,,
model.language_model.layers.47.self_attn.v_proj.svh,text,model-00002-of-00002.safetensors,F16,1024,2048,model.language_model.layers.47.self_attn.v_proj,exl3,4,,,
model.language_model.layers.47.self_attn.v_proj.trellis,text,model-00002-of-00002.safetensors,I16,320x64x64,2621440,model.language_model.layers.47.self_attn.v_proj,exl3,4,5120,1024,hard-eligible; heuristic/SM-dependent
model.language_model.layers.48.input_layernorm.weight,text,model-00002-of-00002.safetensors,BF16,5120,10240,model.language_model.layers.48.input_layernorm,,,,,
model.language_model.layers.48.linear_attn.A_log,text,model-00002-of-00002.safetensors,BF16,48,96,,,,,,
model.language_model.layers.48.linear_attn.conv1d.weight,text,model-00002-of-00002.safetensors,BF16,10240x1x4,81920,,,,,,
model.language_model.layers.48.linear_attn.dt_bias,text,model-00002-of-00002.safetensors,BF16,48,96,,,,,,
model.language_model.layers.48.linear_attn.in_proj_a.weight,text,model-00002-of-00002.safetensors,F16,48x5120,491520,model.language_model.layers.48.linear_attn.in_proj_a,,,,,
model.language_model.layers.48.linear_attn.in_proj_b.weight,text,model-00002-of-00002.safetensors,F16,48x5120,491520,model.language_model.layers.48.linear_attn.in_proj_b,,,,,
model.language_model.layers.48.linear_attn.in_proj_qkv.mul1,text,model-00002-of-00002.safetensors,I32,,4,model.language_model.layers.48.linear_attn.in_proj_qkv,exl3,3,,,
model.language_model.layers.48.linear_attn.in_proj_qkv.suh,text,model-00002-of-00002.safetensors,F16,5120,10240,model.language_model.layers.48.linear_attn.in_proj_qkv,exl3,3,,,
model.language_model.layers.48.linear_attn.in_proj_qkv.svh,text,model-00002-of-00002.safetensors,F16,10240,20480,model.language_model.layers.48.linear_attn.in_proj_qkv,exl3,3,,,
model.language_model.layers.48.linear_attn.in_proj_qkv.trellis,text,model-00002-of-00002.safetensors,I16,320x640x48,19660800,model.language_model.layers.48.linear_attn.in_proj_qkv,exl3,3,5120,10240,hard-eligible; heuristic/SM-dependent
model.language_model.layers.48.linear_attn.in_proj_z.mul1,text,model-00002-of-00002.safetensors,I32,,4,model.language_model.layers.48.linear_attn.in_proj_z,exl3,2,,,
model.language_model.layers.48.linear_attn.in_proj_z.suh,text,model-00002-of-00002.safetensors,F16,5120,10240,model.language_model.layers.48.linear_attn.in_proj_z,exl3,2,,,
model.language_model.layers.48.linear_attn.in_proj_z.svh,text,model-00002-of-00002.safetensors,F16,6144,12288,model.language_model.layers.48.linear_attn.in_proj_z,exl3,2,,,
model.language_model.layers.48.linear_attn.in_proj_z.trellis,text,model-00002-of-00002.safetensors,I16,320x384x32,7864320,model.language_model.layers.48.linear_attn.in_proj_z,exl3,2,5120,6144,hard-eligible; heuristic/SM-dependent
model.language_model.layers.48.linear_attn.norm.weight,text,model-00002-of-00002.safetensors,BF16,128,256,model.language_model.layers.48.linear_attn.norm,,,,,
model.language_model.layers.48.linear_attn.out_proj.mul1,text,model-00002-of-00002.safetensors,I32,,4,model.language_model.layers.48.linear_attn.out_proj,exl3,3,,,
model.language_model.layers.48.linear_attn.out_proj.suh,text,model-00002-of-00002.safetensors,F16,6144,12288,model.language_model.layers.48.linear_attn.out_proj,exl3,3,,,
model.language_model.layers.48.linear_attn.out_proj.svh,text,model-00002-of-00002.safetensors,F16,5120,10240,model.language_model.layers.48.linear_attn.out_proj,exl3,3,,,
model.language_model.layers.48.linear_attn.out_proj.trellis,text,model-00002-of-00002.safetensors,I16,384x320x48,11796480,model.language_model.layers.48.linear_attn.out_proj,exl3,3,6144,5120,hard-eligible; heuristic/SM-dependent
model.language_model.layers.48.mlp.down_proj.mul1,text,model-00002-of-00002.safetensors,I32,,4,model.language_model.layers.48.mlp.down_proj,exl3,3,,,
model.language_model.layers.48.mlp.down_proj.suh,text,model-00002-of-00002.safetensors,F16,17408,34816,model.language_model.layers.48.mlp.down_proj,exl3,3,,,
model.language_model.layers.48.mlp.down_proj.svh,text,model-00002-of-00002.safetensors,F16,5120,10240,model.language_model.layers.48.mlp.down_proj,exl3,3,,,
model.language_model.layers.48.mlp.down_proj.trellis,text,model-00002-of-00002.safetensors,I16,1088x320x48,33423360,model.language_model.layers.48.mlp.down_proj,exl3,3,17408,5120,hard-eligible; heuristic/SM-dependent
model.language_model.layers.48.mlp.gate_proj.mul1,text,model-00002-of-00002.safetensors,I32,,4,model.language_model.layers.48.mlp.gate_proj,exl3,2,,,
model.language_model.layers.48.mlp.gate_proj.suh,text,model-00002-of-00002.safetensors,F16,5120,10240,model.language_model.layers.48.mlp.gate_proj,exl3,2,,,
model.language_model.layers.48.mlp.gate_proj.svh,text,model-00002-of-00002.safetensors,F16,17408,34816,model.language_model.layers.48.mlp.gate_proj,exl3,2,,,
model.language_model.layers.48.mlp.gate_proj.trellis,text,model-00002-of-00002.safetensors,I16,320x1088x32,22282240,model.language_model.layers.48.mlp.gate_proj,exl3,2,5120,17408,hard-eligible; heuristic/SM-dependent
model.language_model.layers.48.mlp.up_proj.mul1,text,model-00002-of-00002.safetensors,I32,,4,model.language_model.layers.48.mlp.up_proj,exl3,2,,,
model.language_model.layers.48.mlp.up_proj.suh,text,model-00002-of-00002.safetensors,F16,5120,10240,model.language_model.layers.48.mlp.up_proj,exl3,2,,,
model.language_model.layers.48.mlp.up_proj.svh,text,model-00002-of-00002.safetensors,F16,17408,34816,model.language_model.layers.48.mlp.up_proj,exl3,2,,,
model.language_model.layers.48.mlp.up_proj.trellis,text,model-00002-of-00002.safetensors,I16,320x1088x32,22282240,model.language_model.layers.48.mlp.up_proj,exl3,2,5120,17408,hard-eligible; heuristic/SM-dependent
model.language_model.layers.48.post_attention_layernorm.weight,text,model-00002-of-00002.safetensors,BF16,5120,10240,model.language_model.layers.48.post_attention_layernorm,,,,,
model.language_model.layers.49.input_layernorm.weight,text,model-00002-of-00002.safetensors,BF16,5120,10240,model.language_model.layers.49.input_layernorm,,,,,
model.language_model.layers.49.linear_attn.A_log,text,model-00002-of-00002.safetensors,BF16,48,96,,,,,,
model.language_model.layers.49.linear_attn.conv1d.weight,text,model-00002-of-00002.safetensors,BF16,10240x1x4,81920,,,,,,
model.language_model.layers.49.linear_attn.dt_bias,text,model-00002-of-00002.safetensors,BF16,48,96,,,,,,
model.language_model.layers.49.linear_attn.in_proj_a.weight,text,model-00002-of-00002.safetensors,F16,48x5120,491520,model.language_model.layers.49.linear_attn.in_proj_a,,,,,
model.language_model.layers.49.linear_attn.in_proj_b.weight,text,model-00002-of-00002.safetensors,F16,48x5120,491520,model.language_model.layers.49.linear_attn.in_proj_b,,,,,
model.language_model.layers.49.linear_attn.in_proj_qkv.mul1,text,model-00002-of-00002.safetensors,I32,,4,model.language_model.layers.49.linear_attn.in_proj_qkv,exl3,3,,,
model.language_model.layers.49.linear_attn.in_proj_qkv.suh,text,model-00002-of-00002.safetensors,F16,5120,10240,model.language_model.layers.49.linear_attn.in_proj_qkv,exl3,3,,,
model.language_model.layers.49.linear_attn.in_proj_qkv.svh,text,model-00002-of-00002.safetensors,F16,10240,20480,model.language_model.layers.49.linear_attn.in_proj_qkv,exl3,3,,,
model.language_model.layers.49.linear_attn.in_proj_qkv.trellis,text,model-00002-of-00002.safetensors,I16,320x640x48,19660800,model.language_model.layers.49.linear_attn.in_proj_qkv,exl3,3,5120,10240,hard-eligible; heuristic/SM-dependent
model.language_model.layers.49.linear_attn.in_proj_z.mul1,text,model-00002-of-00002.safetensors,I32,,4,model.language_model.layers.49.linear_attn.in_proj_z,exl3,2,,,
model.language_model.layers.49.linear_attn.in_proj_z.suh,text,model-00002-of-00002.safetensors,F16,5120,10240,model.language_model.layers.49.linear_attn.in_proj_z,exl3,2,,,
model.language_model.layers.49.linear_attn.in_proj_z.svh,text,model-00002-of-00002.safetensors,F16,6144,12288,model.language_model.layers.49.linear_attn.in_proj_z,exl3,2,,,
model.language_model.layers.49.linear_attn.in_proj_z.trellis,text,model-00002-of-00002.safetensors,I16,320x384x32,7864320,model.language_model.layers.49.linear_attn.in_proj_z,exl3,2,5120,6144,hard-eligible; heuristic/SM-dependent
model.language_model.layers.49.linear_attn.norm.weight,text,model-00002-of-00002.safetensors,BF16,128,256,model.language_model.layers.49.linear_attn.norm,,,,,
model.language_model.layers.49.linear_attn.out_proj.mul1,text,model-00002-of-00002.safetensors,I32,,4,model.language_model.layers.49.linear_attn.out_proj,exl3,3,,,
model.language_model.layers.49.linear_attn.out_proj.suh,text,model-00002-of-00002.safetensors,F16,6144,12288,model.language_model.layers.49.linear_attn.out_proj,exl3,3,,,
model.language_model.layers.49.linear_attn.out_proj.svh,text,model-00002-of-00002.safetensors,F16,5120,10240,model.language_model.layers.49.linear_attn.out_proj,exl3,3,,,
model.language_model.layers.49.linear_attn.out_proj.trellis,text,model-00002-of-00002.safetensors,I16,384x320x48,11796480,model.language_model.layers.49.linear_attn.out_proj,exl3,3,6144,5120,hard-eligible; heuristic/SM-dependent
model.language_model.layers.49.mlp.down_proj.mul1,text,model-00002-of-00002.safetensors,I32,,4,model.language_model.layers.49.mlp.down_proj,exl3,3,,,
model.language_model.layers.49.mlp.down_proj.suh,text,model-00002-of-00002.safetensors,F16,17408,34816,model.language_model.layers.49.mlp.down_proj,exl3,3,,,
model.language_model.layers.49.mlp.down_proj.svh,text,model-00002-of-00002.safetensors,F16,5120,10240,model.language_model.layers.49.mlp.down_proj,exl3,3,,,
model.language_model.layers.49.mlp.down_proj.trellis,text,model-00002-of-00002.safetensors,I16,1088x320x48,33423360,model.language_model.layers.49.mlp.down_proj,exl3,3,17408,5120,hard-eligible; heuristic/SM-dependent
model.language_model.layers.49.mlp.gate_proj.mul1,text,model-00002-of-00002.safetensors,I32,,4,model.language_model.layers.49.mlp.gate_proj,exl3,3,,,
model.language_model.layers.49.mlp.gate_proj.suh,text,model-00002-of-00002.safetensors,F16,5120,10240,model.language_model.layers.49.mlp.gate_proj,exl3,3,,,
model.language_model.layers.49.mlp.gate_proj.svh,text,model-00002-of-00002.safetensors,F16,17408,34816,model.language_model.layers.49.mlp.gate_proj,exl3,3,,,
model.language_model.layers.49.mlp.gate_proj.trellis,text,model-00002-of-00002.safetensors,I16,320x1088x48,33423360,model.language_model.layers.49.mlp.gate_proj,exl3,3,5120,17408,hard-eligible; heuristic/SM-dependent
model.language_model.layers.49.mlp.up_proj.mul1,text,model-00002-of-00002.safetensors,I32,,4,model.language_model.layers.49.mlp.up_proj,exl3,3,,,
model.language_model.layers.49.mlp.up_proj.suh,text,model-00002-of-00002.safetensors,F16,5120,10240,model.language_model.layers.49.mlp.up_proj,exl3,3,,,
model.language_model.layers.49.mlp.up_proj.svh,text,model-00002-of-00002.safetensors,F16,17408,34816,model.language_model.layers.49.mlp.up_proj,exl3,3,,,
model.language_model.layers.49.mlp.up_proj.trellis,text,model-00002-of-00002.safetensors,I16,320x1088x48,33423360,model.language_model.layers.49.mlp.up_proj,exl3,3,5120,17408,hard-eligible; heuristic/SM-dependent
model.language_model.layers.49.post_attention_layernorm.weight,text,model-00002-of-00002.safetensors,BF16,5120,10240,model.language_model.layers.49.post_attention_layernorm,,,,,
model.language_model.layers.5.input_layernorm.weight,text,model-00001-of-00002.safetensors,BF16,5120,10240,model.language_model.layers.5.input_layernorm,,,,,
model.language_model.layers.5.linear_attn.A_log,text,model-00001-of-00002.safetensors,BF16,48,96,,,,,,
model.language_model.layers.5.linear_attn.conv1d.weight,text,model-00001-of-00002.safetensors,BF16,10240x1x4,81920,,,,,,
model.language_model.layers.5.linear_attn.dt_bias,text,model-00001-of-00002.safetensors,BF16,48,96,,,,,,
model.language_model.layers.5.linear_attn.in_proj_a.weight,text,model-00001-of-00002.safetensors,F16,48x5120,491520,model.language_model.layers.5.linear_attn.in_proj_a,,,,,
model.language_model.layers.5.linear_attn.in_proj_b.weight,text,model-00001-of-00002.safetensors,F16,48x5120,491520,model.language_model.layers.5.linear_attn.in_proj_b,,,,,
model.language_model.layers.5.linear_attn.in_proj_qkv.mul1,text,model-00001-of-00002.safetensors,I32,,4,model.language_model.layers.5.linear_attn.in_proj_qkv,exl3,3,,,
model.language_model.layers.5.linear_attn.in_proj_qkv.suh,text,model-00001-of-00002.safetensors,F16,5120,10240,model.language_model.layers.5.linear_attn.in_proj_qkv,exl3,3,,,
model.language_model.layers.5.linear_attn.in_proj_qkv.svh,text,model-00001-of-00002.safetensors,F16,10240,20480,model.language_model.layers.5.linear_attn.in_proj_qkv,exl3,3,,,
model.language_model.layers.5.linear_attn.in_proj_qkv.trellis,text,model-00001-of-00002.safetensors,I16,320x640x48,19660800,model.language_model.layers.5.linear_attn.in_proj_qkv,exl3,3,5120,10240,hard-eligible; heuristic/SM-dependent
model.language_model.layers.5.linear_attn.in_proj_z.mul1,text,model-00001-of-00002.safetensors,I32,,4,model.language_model.layers.5.linear_attn.in_proj_z,exl3,4,,,
model.language_model.layers.5.linear_attn.in_proj_z.suh,text,model-00001-of-00002.safetensors,F16,5120,10240,model.language_model.layers.5.linear_attn.in_proj_z,exl3,4,,,
model.language_model.layers.5.linear_attn.in_proj_z.svh,text,model-00001-of-00002.safetensors,F16,6144,12288,model.language_model.layers.5.linear_attn.in_proj_z,exl3,4,,,
model.language_model.layers.5.linear_attn.in_proj_z.trellis,text,model-00001-of-00002.safetensors,I16,320x384x64,15728640,model.language_model.layers.5.linear_attn.in_proj_z,exl3,4,5120,6144,hard-eligible; heuristic/SM-dependent
model.language_model.layers.5.linear_attn.norm.weight,text,model-00001-of-00002.safetensors,BF16,128,256,model.language_model.layers.5.linear_attn.norm,,,,,
model.language_model.layers.5.linear_attn.out_proj.mul1,text,model-00001-of-00002.safetensors,I32,,4,model.language_model.layers.5.linear_attn.out_proj,exl3,4,,,
model.language_model.layers.5.linear_attn.out_proj.suh,text,model-00001-of-00002.safetensors,F16,6144,12288,model.language_model.layers.5.linear_attn.out_proj,exl3,4,,,
model.language_model.layers.5.linear_attn.out_proj.svh,text,model-00001-of-00002.safetensors,F16,5120,10240,model.language_model.layers.5.linear_attn.out_proj,exl3,4,,,
model.language_model.layers.5.linear_attn.out_proj.trellis,text,model-00001-of-00002.safetensors,I16,384x320x64,15728640,model.language_model.layers.5.linear_attn.out_proj,exl3,4,6144,5120,hard-eligible; heuristic/SM-dependent
model.language_model.layers.5.mlp.down_proj.mul1,text,model-00001-of-00002.safetensors,I32,,4,model.language_model.layers.5.mlp.down_proj,exl3,3,,,
model.language_model.layers.5.mlp.down_proj.suh,text,model-00001-of-00002.safetensors,F16,17408,34816,model.language_model.layers.5.mlp.down_proj,exl3,3,,,
model.language_model.layers.5.mlp.down_proj.svh,text,model-00001-of-00002.safetensors,F16,5120,10240,model.language_model.layers.5.mlp.down_proj,exl3,3,,,
model.language_model.layers.5.mlp.down_proj.trellis,text,model-00001-of-00002.safetensors,I16,1088x320x48,33423360,model.language_model.layers.5.mlp.down_proj,exl3,3,17408,5120,hard-eligible; heuristic/SM-dependent
model.language_model.layers.5.mlp.gate_proj.mul1,text,model-00001-of-00002.safetensors,I32,,4,model.language_model.layers.5.mlp.gate_proj,exl3,3,,,
model.language_model.layers.5.mlp.gate_proj.suh,text,model-00001-of-00002.safetensors,F16,5120,10240,model.language_model.layers.5.mlp.gate_proj,exl3,3,,,
model.language_model.layers.5.mlp.gate_proj.svh,text,model-00001-of-00002.safetensors,F16,17408,34816,model.language_model.layers.5.mlp.gate_proj,exl3,3,,,
model.language_model.layers.5.mlp.gate_proj.trellis,text,model-00001-of-00002.safetensors,I16,320x1088x48,33423360,model.language_model.layers.5.mlp.gate_proj,exl3,3,5120,17408,hard-eligible; heuristic/SM-dependent
model.language_model.layers.5.mlp.up_proj.mul1,text,model-00001-of-00002.safetensors,I32,,4,model.language_model.layers.5.mlp.up_proj,exl3,3,,,
model.language_model.layers.5.mlp.up_proj.suh,text,model-00001-of-00002.safetensors,F16,5120,10240,model.language_model.layers.5.mlp.up_proj,exl3,3,,,
model.language_model.layers.5.mlp.up_proj.svh,text,model-00001-of-00002.safetensors,F16,17408,34816,model.language_model.layers.5.mlp.up_proj,exl3,3,,,
model.language_model.layers.5.mlp.up_proj.trellis,text,model-00001-of-00002.safetensors,I16,320x1088x48,33423360,model.language_model.layers.5.mlp.up_proj,exl3,3,5120,17408,hard-eligible; heuristic/SM-dependent
model.language_model.layers.5.post_attention_layernorm.weight,text,model-00001-of-00002.safetensors,BF16,5120,10240,model.language_model.layers.5.post_attention_layernorm,,,,,
model.language_model.layers.50.input_layernorm.weight,text,model-00002-of-00002.safetensors,BF16,5120,10240,model.language_model.layers.50.input_layernorm,,,,,
model.language_model.layers.50.linear_attn.A_log,text,model-00002-of-00002.safetensors,BF16,48,96,,,,,,
model.language_model.layers.50.linear_attn.conv1d.weight,text,model-00002-of-00002.safetensors,BF16,10240x1x4,81920,,,,,,
model.language_model.layers.50.linear_attn.dt_bias,text,model-00002-of-00002.safetensors,BF16,48,96,,,,,,
model.language_model.layers.50.linear_attn.in_proj_a.weight,text,model-00002-of-00002.safetensors,F16,48x5120,491520,model.language_model.layers.50.linear_attn.in_proj_a,,,,,
model.language_model.layers.50.linear_attn.in_proj_b.weight,text,model-00002-of-00002.safetensors,F16,48x5120,491520,model.language_model.layers.50.linear_attn.in_proj_b,,,,,
model.language_model.layers.50.linear_attn.in_proj_qkv.mul1,text,model-00002-of-00002.safetensors,I32,,4,model.language_model.layers.50.linear_attn.in_proj_qkv,exl3,3,,,
model.language_model.layers.50.linear_attn.in_proj_qkv.suh,text,model-00002-of-00002.safetensors,F16,5120,10240,model.language_model.layers.50.linear_attn.in_proj_qkv,exl3,3,,,
model.language_model.layers.50.linear_attn.in_proj_qkv.svh,text,model-00002-of-00002.safetensors,F16,10240,20480,model.language_model.layers.50.linear_attn.in_proj_qkv,exl3,3,,,
model.language_model.layers.50.linear_attn.in_proj_qkv.trellis,text,model-00002-of-00002.safetensors,I16,320x640x48,19660800,model.language_model.layers.50.linear_attn.in_proj_qkv,exl3,3,5120,10240,hard-eligible; heuristic/SM-dependent
model.language_model.layers.50.linear_attn.in_proj_z.mul1,text,model-00002-of-00002.safetensors,I32,,4,model.language_model.layers.50.linear_attn.in_proj_z,exl3,3,,,
model.language_model.layers.50.linear_attn.in_proj_z.suh,text,model-00002-of-00002.safetensors,F16,5120,10240,model.language_model.layers.50.linear_attn.in_proj_z,exl3,3,,,
model.language_model.layers.50.linear_attn.in_proj_z.svh,text,model-00002-of-00002.safetensors,F16,6144,12288,model.language_model.layers.50.linear_attn.in_proj_z,exl3,3,,,
model.language_model.layers.50.linear_attn.in_proj_z.trellis,text,model-00002-of-00002.safetensors,I16,320x384x48,11796480,model.language_model.layers.50.linear_attn.in_proj_z,exl3,3,5120,6144,hard-eligible; heuristic/SM-dependent
model.language_model.layers.50.linear_attn.norm.weight,text,model-00002-of-00002.safetensors,BF16,128,256,model.language_model.layers.50.linear_attn.norm,,,,,
model.language_model.layers.50.linear_attn.out_proj.mul1,text,model-00002-of-00002.safetensors,I32,,4,model.language_model.layers.50.linear_attn.out_proj,exl3,3,,,
model.language_model.layers.50.linear_attn.out_proj.suh,text,model-00002-of-00002.safetensors,F16,6144,12288,model.language_model.layers.50.linear_attn.out_proj,exl3,3,,,
model.language_model.layers.50.linear_attn.out_proj.svh,text,model-00002-of-00002.safetensors,F16,5120,10240,model.language_model.layers.50.linear_attn.out_proj,exl3,3,,,
model.language_model.layers.50.linear_attn.out_proj.trellis,text,model-00002-of-00002.safetensors,I16,384x320x48,11796480,model.language_model.layers.50.linear_attn.out_proj,exl3,3,6144,5120,hard-eligible; heuristic/SM-dependent
model.language_model.layers.50.mlp.down_proj.mul1,text,model-00002-of-00002.safetensors,I32,,4,model.language_model.layers.50.mlp.down_proj,exl3,3,,,
model.language_model.layers.50.mlp.down_proj.suh,text,model-00002-of-00002.safetensors,F16,17408,34816,model.language_model.layers.50.mlp.down_proj,exl3,3,,,
model.language_model.layers.50.mlp.down_proj.svh,text,model-00002-of-00002.safetensors,F16,5120,10240,model.language_model.layers.50.mlp.down_proj,exl3,3,,,
model.language_model.layers.50.mlp.down_proj.trellis,text,model-00002-of-00002.safetensors,I16,1088x320x48,33423360,model.language_model.layers.50.mlp.down_proj,exl3,3,17408,5120,hard-eligible; heuristic/SM-dependent
model.language_model.layers.50.mlp.gate_proj.mul1,text,model-00002-of-00002.safetensors,I32,,4,model.language_model.layers.50.mlp.gate_proj,exl3,3,,,
model.language_model.layers.50.mlp.gate_proj.suh,text,model-00002-of-00002.safetensors,F16,5120,10240,model.language_model.layers.50.mlp.gate_proj,exl3,3,,,
model.language_model.layers.50.mlp.gate_proj.svh,text,model-00002-of-00002.safetensors,F16,17408,34816,model.language_model.layers.50.mlp.gate_proj,exl3,3,,,
model.language_model.layers.50.mlp.gate_proj.trellis,text,model-00002-of-00002.safetensors,I16,320x1088x48,33423360,model.language_model.layers.50.mlp.gate_proj,exl3,3,5120,17408,hard-eligible; heuristic/SM-dependent
model.language_model.layers.50.mlp.up_proj.mul1,text,model-00002-of-00002.safetensors,I32,,4,model.language_model.layers.50.mlp.up_proj,exl3,3,,,
model.language_model.layers.50.mlp.up_proj.suh,text,model-00002-of-00002.safetensors,F16,5120,10240,model.language_model.layers.50.mlp.up_proj,exl3,3,,,
model.language_model.layers.50.mlp.up_proj.svh,text,model-00002-of-00002.safetensors,F16,17408,34816,model.language_model.layers.50.mlp.up_proj,exl3,3,,,
model.language_model.layers.50.mlp.up_proj.trellis,text,model-00002-of-00002.safetensors,I16,320x1088x48,33423360,model.language_model.layers.50.mlp.up_proj,exl3,3,5120,17408,hard-eligible; heuristic/SM-dependent
model.language_model.layers.50.post_attention_layernorm.weight,text,model-00002-of-00002.safetensors,BF16,5120,10240,model.language_model.layers.50.post_attention_layernorm,,,,,
model.language_model.layers.51.input_layernorm.weight,text,model-00002-of-00002.safetensors,BF16,5120,10240,model.language_model.layers.51.input_layernorm,,,,,
model.language_model.layers.51.mlp.down_proj.mul1,text,model-00002-of-00002.safetensors,I32,,4,model.language_model.layers.51.mlp.down_proj,exl3,3,,,
model.language_model.layers.51.mlp.down_proj.suh,text,model-00002-of-00002.safetensors,F16,17408,34816,model.language_model.layers.51.mlp.down_proj,exl3,3,,,
model.language_model.layers.51.mlp.down_proj.svh,text,model-00002-of-00002.safetensors,F16,5120,10240,model.language_model.layers.51.mlp.down_proj,exl3,3,,,
model.language_model.layers.51.mlp.down_proj.trellis,text,model-00002-of-00002.safetensors,I16,1088x320x48,33423360,model.language_model.layers.51.mlp.down_proj,exl3,3,17408,5120,hard-eligible; heuristic/SM-dependent
model.language_model.layers.51.mlp.gate_proj.mul1,text,model-00002-of-00002.safetensors,I32,,4,model.language_model.layers.51.mlp.gate_proj,exl3,3,,,
model.language_model.layers.51.mlp.gate_proj.suh,text,model-00002-of-00002.safetensors,F16,5120,10240,model.language_model.layers.51.mlp.gate_proj,exl3,3,,,
model.language_model.layers.51.mlp.gate_proj.svh,text,model-00002-of-00002.safetensors,F16,17408,34816,model.language_model.layers.51.mlp.gate_proj,exl3,3,,,
model.language_model.layers.51.mlp.gate_proj.trellis,text,model-00002-of-00002.safetensors,I16,320x1088x48,33423360,model.language_model.layers.51.mlp.gate_proj,exl3,3,5120,17408,hard-eligible; heuristic/SM-dependent
model.language_model.layers.51.mlp.up_proj.mul1,text,model-00002-of-00002.safetensors,I32,,4,model.language_model.layers.51.mlp.up_proj,exl3,3,,,
model.language_model.layers.51.mlp.up_proj.suh,text,model-00002-of-00002.safetensors,F16,5120,10240,model.language_model.layers.51.mlp.up_proj,exl3,3,,,
model.language_model.layers.51.mlp.up_proj.svh,text,model-00002-of-00002.safetensors,F16,17408,34816,model.language_model.layers.51.mlp.up_proj,exl3,3,,,
model.language_model.layers.51.mlp.up_proj.trellis,text,model-00002-of-00002.safetensors,I16,320x1088x48,33423360,model.language_model.layers.51.mlp.up_proj,exl3,3,5120,17408,hard-eligible; heuristic/SM-dependent
model.language_model.layers.51.post_attention_layernorm.weight,text,model-00002-of-00002.safetensors,BF16,5120,10240,model.language_model.layers.51.post_attention_layernorm,,,,,
model.language_model.layers.51.self_attn.k_norm.weight,text,model-00002-of-00002.safetensors,BF16,256,512,model.language_model.layers.51.self_attn.k_norm,,,,,
model.language_model.layers.51.self_attn.k_proj.mul1,text,model-00002-of-00002.safetensors,I32,,4,model.language_model.layers.51.self_attn.k_proj,exl3,4,,,
model.language_model.layers.51.self_attn.k_proj.suh,text,model-00002-of-00002.safetensors,F16,5120,10240,model.language_model.layers.51.self_attn.k_proj,exl3,4,,,
model.language_model.layers.51.self_attn.k_proj.svh,text,model-00002-of-00002.safetensors,F16,1024,2048,model.language_model.layers.51.self_attn.k_proj,exl3,4,,,
model.language_model.layers.51.self_attn.k_proj.trellis,text,model-00002-of-00002.safetensors,I16,320x64x64,2621440,model.language_model.layers.51.self_attn.k_proj,exl3,4,5120,1024,hard-eligible; heuristic/SM-dependent
model.language_model.layers.51.self_attn.o_proj.mul1,text,model-00002-of-00002.safetensors,I32,,4,model.language_model.layers.51.self_attn.o_proj,exl3,3,,,
model.language_model.layers.51.self_attn.o_proj.suh,text,model-00002-of-00002.safetensors,F16,6144,12288,model.language_model.layers.51.self_attn.o_proj,exl3,3,,,
model.language_model.layers.51.self_attn.o_proj.svh,text,model-00002-of-00002.safetensors,F16,5120,10240,model.language_model.layers.51.self_attn.o_proj,exl3,3,,,
model.language_model.layers.51.self_attn.o_proj.trellis,text,model-00002-of-00002.safetensors,I16,384x320x48,11796480,model.language_model.layers.51.self_attn.o_proj,exl3,3,6144,5120,hard-eligible; heuristic/SM-dependent
model.language_model.layers.51.self_attn.q_norm.weight,text,model-00002-of-00002.safetensors,BF16,256,512,model.language_model.layers.51.self_attn.q_norm,,,,,
model.language_model.layers.51.self_attn.q_proj.mul1,text,model-00002-of-00002.safetensors,I32,,4,model.language_model.layers.51.self_attn.q_proj,exl3,2,,,
model.language_model.layers.51.self_attn.q_proj.suh,text,model-00002-of-00002.safetensors,F16,5120,10240,model.language_model.layers.51.self_attn.q_proj,exl3,2,,,
model.language_model.layers.51.self_attn.q_proj.svh,text,model-00002-of-00002.safetensors,F16,12288,24576,model.language_model.layers.51.self_attn.q_proj,exl3,2,,,
model.language_model.layers.51.self_attn.q_proj.trellis,text,model-00002-of-00002.safetensors,I16,320x768x32,15728640,model.language_model.layers.51.self_attn.q_proj,exl3,2,5120,12288,hard-eligible; heuristic/SM-dependent
model.language_model.layers.51.self_attn.v_proj.mul1,text,model-00002-of-00002.safetensors,I32,,4,model.language_model.layers.51.self_attn.v_proj,exl3,4,,,
model.language_model.layers.51.self_attn.v_proj.suh,text,model-00002-of-00002.safetensors,F16,5120,10240,model.language_model.layers.51.self_attn.v_proj,exl3,4,,,
model.language_model.layers.51.self_attn.v_proj.svh,text,model-00002-of-00002.safetensors,F16,1024,2048,model.language_model.layers.51.self_attn.v_proj,exl3,4,,,
model.language_model.layers.51.self_attn.v_proj.trellis,text,model-00002-of-00002.safetensors,I16,320x64x64,2621440,model.language_model.layers.51.self_attn.v_proj,exl3,4,5120,1024,hard-eligible; heuristic/SM-dependent
model.language_model.layers.52.input_layernorm.weight,text,model-00002-of-00002.safetensors,BF16,5120,10240,model.language_model.layers.52.input_layernorm,,,,,
model.language_model.layers.52.linear_attn.A_log,text,model-00002-of-00002.safetensors,BF16,48,96,,,,,,
model.language_model.layers.52.linear_attn.conv1d.weight,text,model-00002-of-00002.safetensors,BF16,10240x1x4,81920,,,,,,
model.language_model.layers.52.linear_attn.dt_bias,text,model-00002-of-00002.safetensors,BF16,48,96,,,,,,
model.language_model.layers.52.linear_attn.in_proj_a.weight,text,model-00002-of-00002.safetensors,F16,48x5120,491520,model.language_model.layers.52.linear_attn.in_proj_a,,,,,
model.language_model.layers.52.linear_attn.in_proj_b.weight,text,model-00002-of-00002.safetensors,F16,48x5120,491520,model.language_model.layers.52.linear_attn.in_proj_b,,,,,
model.language_model.layers.52.linear_attn.in_proj_qkv.mul1,text,model-00002-of-00002.safetensors,I32,,4,model.language_model.layers.52.linear_attn.in_proj_qkv,exl3,2,,,
model.language_model.layers.52.linear_attn.in_proj_qkv.suh,text,model-00002-of-00002.safetensors,F16,5120,10240,model.language_model.layers.52.linear_attn.in_proj_qkv,exl3,2,,,
model.language_model.layers.52.linear_attn.in_proj_qkv.svh,text,model-00002-of-00002.safetensors,F16,10240,20480,model.language_model.layers.52.linear_attn.in_proj_qkv,exl3,2,,,
model.language_model.layers.52.linear_attn.in_proj_qkv.trellis,text,model-00002-of-00002.safetensors,I16,320x640x32,13107200,model.language_model.layers.52.linear_attn.in_proj_qkv,exl3,2,5120,10240,hard-eligible; heuristic/SM-dependent
model.language_model.layers.52.linear_attn.in_proj_z.mul1,text,model-00002-of-00002.safetensors,I32,,4,model.language_model.layers.52.linear_attn.in_proj_z,exl3,3,,,
model.language_model.layers.52.linear_attn.in_proj_z.suh,text,model-00002-of-00002.safetensors,F16,5120,10240,model.language_model.layers.52.linear_attn.in_proj_z,exl3,3,,,
model.language_model.layers.52.linear_attn.in_proj_z.svh,text,model-00002-of-00002.safetensors,F16,6144,12288,model.language_model.layers.52.linear_attn.in_proj_z,exl3,3,,,
model.language_model.layers.52.linear_attn.in_proj_z.trellis,text,model-00002-of-00002.safetensors,I16,320x384x48,11796480,model.language_model.layers.52.linear_attn.in_proj_z,exl3,3,5120,6144,hard-eligible; heuristic/SM-dependent
model.language_model.layers.52.linear_attn.norm.weight,text,model-00002-of-00002.safetensors,BF16,128,256,model.language_model.layers.52.linear_attn.norm,,,,,
model.language_model.layers.52.linear_attn.out_proj.mul1,text,model-00002-of-00002.safetensors,I32,,4,model.language_model.layers.52.linear_attn.out_proj,exl3,3,,,
model.language_model.layers.52.linear_attn.out_proj.suh,text,model-00002-of-00002.safetensors,F16,6144,12288,model.language_model.layers.52.linear_attn.out_proj,exl3,3,,,
model.language_model.layers.52.linear_attn.out_proj.svh,text,model-00002-of-00002.safetensors,F16,5120,10240,model.language_model.layers.52.linear_attn.out_proj,exl3,3,,,
model.language_model.layers.52.linear_attn.out_proj.trellis,text,model-00002-of-00002.safetensors,I16,384x320x48,11796480,model.language_model.layers.52.linear_attn.out_proj,exl3,3,6144,5120,hard-eligible; heuristic/SM-dependent
model.language_model.layers.52.mlp.down_proj.mul1,text,model-00002-of-00002.safetensors,I32,,4,model.language_model.layers.52.mlp.down_proj,exl3,3,,,
model.language_model.layers.52.mlp.down_proj.suh,text,model-00002-of-00002.safetensors,F16,17408,34816,model.language_model.layers.52.mlp.down_proj,exl3,3,,,
model.language_model.layers.52.mlp.down_proj.svh,text,model-00002-of-00002.safetensors,F16,5120,10240,model.language_model.layers.52.mlp.down_proj,exl3,3,,,
model.language_model.layers.52.mlp.down_proj.trellis,text,model-00002-of-00002.safetensors,I16,1088x320x48,33423360,model.language_model.layers.52.mlp.down_proj,exl3,3,17408,5120,hard-eligible; heuristic/SM-dependent
model.language_model.layers.52.mlp.gate_proj.mul1,text,model-00002-of-00002.safetensors,I32,,4,model.language_model.layers.52.mlp.gate_proj,exl3,3,,,
model.language_model.layers.52.mlp.gate_proj.suh,text,model-00002-of-00002.safetensors,F16,5120,10240,model.language_model.layers.52.mlp.gate_proj,exl3,3,,,
model.language_model.layers.52.mlp.gate_proj.svh,text,model-00002-of-00002.safetensors,F16,17408,34816,model.language_model.layers.52.mlp.gate_proj,exl3,3,,,
model.language_model.layers.52.mlp.gate_proj.trellis,text,model-00002-of-00002.safetensors,I16,320x1088x48,33423360,model.language_model.layers.52.mlp.gate_proj,exl3,3,5120,17408,hard-eligible; heuristic/SM-dependent
model.language_model.layers.52.mlp.up_proj.mul1,text,model-00002-of-00002.safetensors,I32,,4,model.language_model.layers.52.mlp.up_proj,exl3,3,,,
model.language_model.layers.52.mlp.up_proj.suh,text,model-00002-of-00002.safetensors,F16,5120,10240,model.language_model.layers.52.mlp.up_proj,exl3,3,,,
model.language_model.layers.52.mlp.up_proj.svh,text,model-00002-of-00002.safetensors,F16,17408,34816,model.language_model.layers.52.mlp.up_proj,exl3,3,,,
model.language_model.layers.52.mlp.up_proj.trellis,text,model-00002-of-00002.safetensors,I16,320x1088x48,33423360,model.language_model.layers.52.mlp.up_proj,exl3,3,5120,17408,hard-eligible; heuristic/SM-dependent
model.language_model.layers.52.post_attention_layernorm.weight,text,model-00002-of-00002.safetensors,BF16,5120,10240,model.language_model.layers.52.post_attention_layernorm,,,,,
model.language_model.layers.53.input_layernorm.weight,text,model-00002-of-00002.safetensors,BF16,5120,10240,model.language_model.layers.53.input_layernorm,,,,,
model.language_model.layers.53.linear_attn.A_log,text,model-00002-of-00002.safetensors,BF16,48,96,,,,,,
model.language_model.layers.53.linear_attn.conv1d.weight,text,model-00002-of-00002.safetensors,BF16,10240x1x4,81920,,,,,,
model.language_model.layers.53.linear_attn.dt_bias,text,model-00002-of-00002.safetensors,BF16,48,96,,,,,,
model.language_model.layers.53.linear_attn.in_proj_a.weight,text,model-00002-of-00002.safetensors,F16,48x5120,491520,model.language_model.layers.53.linear_attn.in_proj_a,,,,,
model.language_model.layers.53.linear_attn.in_proj_b.weight,text,model-00002-of-00002.safetensors,F16,48x5120,491520,model.language_model.layers.53.linear_attn.in_proj_b,,,,,
model.language_model.layers.53.linear_attn.in_proj_qkv.mul1,text,model-00002-of-00002.safetensors,I32,,4,model.language_model.layers.53.linear_attn.in_proj_qkv,exl3,2,,,
model.language_model.layers.53.linear_attn.in_proj_qkv.suh,text,model-00002-of-00002.safetensors,F16,5120,10240,model.language_model.layers.53.linear_attn.in_proj_qkv,exl3,2,,,
model.language_model.layers.53.linear_attn.in_proj_qkv.svh,text,model-00002-of-00002.safetensors,F16,10240,20480,model.language_model.layers.53.linear_attn.in_proj_qkv,exl3,2,,,
model.language_model.layers.53.linear_attn.in_proj_qkv.trellis,text,model-00002-of-00002.safetensors,I16,320x640x32,13107200,model.language_model.layers.53.linear_attn.in_proj_qkv,exl3,2,5120,10240,hard-eligible; heuristic/SM-dependent
model.language_model.layers.53.linear_attn.in_proj_z.mul1,text,model-00002-of-00002.safetensors,I32,,4,model.language_model.layers.53.linear_attn.in_proj_z,exl3,3,,,
model.language_model.layers.53.linear_attn.in_proj_z.suh,text,model-00002-of-00002.safetensors,F16,5120,10240,model.language_model.layers.53.linear_attn.in_proj_z,exl3,3,,,
model.language_model.layers.53.linear_attn.in_proj_z.svh,text,model-00002-of-00002.safetensors,F16,6144,12288,model.language_model.layers.53.linear_attn.in_proj_z,exl3,3,,,
model.language_model.layers.53.linear_attn.in_proj_z.trellis,text,model-00002-of-00002.safetensors,I16,320x384x48,11796480,model.language_model.layers.53.linear_attn.in_proj_z,exl3,3,5120,6144,hard-eligible; heuristic/SM-dependent
model.language_model.layers.53.linear_attn.norm.weight,text,model-00002-of-00002.safetensors,BF16,128,256,model.language_model.layers.53.linear_attn.norm,,,,,
model.language_model.layers.53.linear_attn.out_proj.mul1,text,model-00002-of-00002.safetensors,I32,,4,model.language_model.layers.53.linear_attn.out_proj,exl3,3,,,
model.language_model.layers.53.linear_attn.out_proj.suh,text,model-00002-of-00002.safetensors,F16,6144,12288,model.language_model.layers.53.linear_attn.out_proj,exl3,3,,,
model.language_model.layers.53.linear_attn.out_proj.svh,text,model-00002-of-00002.safetensors,F16,5120,10240,model.language_model.layers.53.linear_attn.out_proj,exl3,3,,,
model.language_model.layers.53.linear_attn.out_proj.trellis,text,model-00002-of-00002.safetensors,I16,384x320x48,11796480,model.language_model.layers.53.linear_attn.out_proj,exl3,3,6144,5120,hard-eligible; heuristic/SM-dependent
model.language_model.layers.53.mlp.down_proj.mul1,text,model-00002-of-00002.safetensors,I32,,4,model.language_model.layers.53.mlp.down_proj,exl3,3,,,
model.language_model.layers.53.mlp.down_proj.suh,text,model-00002-of-00002.safetensors,F16,17408,34816,model.language_model.layers.53.mlp.down_proj,exl3,3,,,
model.language_model.layers.53.mlp.down_proj.svh,text,model-00002-of-00002.safetensors,F16,5120,10240,model.language_model.layers.53.mlp.down_proj,exl3,3,,,
model.language_model.layers.53.mlp.down_proj.trellis,text,model-00002-of-00002.safetensors,I16,1088x320x48,33423360,model.language_model.layers.53.mlp.down_proj,exl3,3,17408,5120,hard-eligible; heuristic/SM-dependent
model.language_model.layers.53.mlp.gate_proj.mul1,text,model-00002-of-00002.safetensors,I32,,4,model.language_model.layers.53.mlp.gate_proj,exl3,3,,,
model.language_model.layers.53.mlp.gate_proj.suh,text,model-00002-of-00002.safetensors,F16,5120,10240,model.language_model.layers.53.mlp.gate_proj,exl3,3,,,
model.language_model.layers.53.mlp.gate_proj.svh,text,model-00002-of-00002.safetensors,F16,17408,34816,model.language_model.layers.53.mlp.gate_proj,exl3,3,,,
model.language_model.layers.53.mlp.gate_proj.trellis,text,model-00002-of-00002.safetensors,I16,320x1088x48,33423360,model.language_model.layers.53.mlp.gate_proj,exl3,3,5120,17408,hard-eligible; heuristic/SM-dependent
model.language_model.layers.53.mlp.up_proj.mul1,text,model-00002-of-00002.safetensors,I32,,4,model.language_model.layers.53.mlp.up_proj,exl3,3,,,
model.language_model.layers.53.mlp.up_proj.suh,text,model-00002-of-00002.safetensors,F16,5120,10240,model.language_model.layers.53.mlp.up_proj,exl3,3,,,
model.language_model.layers.53.mlp.up_proj.svh,text,model-00002-of-00002.safetensors,F16,17408,34816,model.language_model.layers.53.mlp.up_proj,exl3,3,,,
model.language_model.layers.53.mlp.up_proj.trellis,text,model-00002-of-00002.safetensors,I16,320x1088x48,33423360,model.language_model.layers.53.mlp.up_proj,exl3,3,5120,17408,hard-eligible; heuristic/SM-dependent
model.language_model.layers.53.post_attention_layernorm.weight,text,model-00002-of-00002.safetensors,BF16,5120,10240,model.language_model.layers.53.post_attention_layernorm,,,,,
model.language_model.layers.54.input_layernorm.weight,text,model-00002-of-00002.safetensors,BF16,5120,10240,model.language_model.layers.54.input_layernorm,,,,,
model.language_model.layers.54.linear_attn.A_log,text,model-00002-of-00002.safetensors,BF16,48,96,,,,,,
model.language_model.layers.54.linear_attn.conv1d.weight,text,model-00002-of-00002.safetensors,BF16,10240x1x4,81920,,,,,,
model.language_model.layers.54.linear_attn.dt_bias,text,model-00002-of-00002.safetensors,BF16,48,96,,,,,,
model.language_model.layers.54.linear_attn.in_proj_a.weight,text,model-00002-of-00002.safetensors,F16,48x5120,491520,model.language_model.layers.54.linear_attn.in_proj_a,,,,,
model.language_model.layers.54.linear_attn.in_proj_b.weight,text,model-00002-of-00002.safetensors,F16,48x5120,491520,model.language_model.layers.54.linear_attn.in_proj_b,,,,,
model.language_model.layers.54.linear_attn.in_proj_qkv.mul1,text,model-00002-of-00002.safetensors,I32,,4,model.language_model.layers.54.linear_attn.in_proj_qkv,exl3,2,,,
model.language_model.layers.54.linear_attn.in_proj_qkv.suh,text,model-00002-of-00002.safetensors,F16,5120,10240,model.language_model.layers.54.linear_attn.in_proj_qkv,exl3,2,,,
model.language_model.layers.54.linear_attn.in_proj_qkv.svh,text,model-00002-of-00002.safetensors,F16,10240,20480,model.language_model.layers.54.linear_attn.in_proj_qkv,exl3,2,,,
model.language_model.layers.54.linear_attn.in_proj_qkv.trellis,text,model-00002-of-00002.safetensors,I16,320x640x32,13107200,model.language_model.layers.54.linear_attn.in_proj_qkv,exl3,2,5120,10240,hard-eligible; heuristic/SM-dependent
model.language_model.layers.54.linear_attn.in_proj_z.mul1,text,model-00002-of-00002.safetensors,I32,,4,model.language_model.layers.54.linear_attn.in_proj_z,exl3,3,,,
model.language_model.layers.54.linear_attn.in_proj_z.suh,text,model-00002-of-00002.safetensors,F16,5120,10240,model.language_model.layers.54.linear_attn.in_proj_z,exl3,3,,,
model.language_model.layers.54.linear_attn.in_proj_z.svh,text,model-00002-of-00002.safetensors,F16,6144,12288,model.language_model.layers.54.linear_attn.in_proj_z,exl3,3,,,
model.language_model.layers.54.linear_attn.in_proj_z.trellis,text,model-00002-of-00002.safetensors,I16,320x384x48,11796480,model.language_model.layers.54.linear_attn.in_proj_z,exl3,3,5120,6144,hard-eligible; heuristic/SM-dependent
model.language_model.layers.54.linear_attn.norm.weight,text,model-00002-of-00002.safetensors,BF16,128,256,model.language_model.layers.54.linear_attn.norm,,,,,
model.language_model.layers.54.linear_attn.out_proj.mul1,text,model-00002-of-00002.safetensors,I32,,4,model.language_model.layers.54.linear_attn.out_proj,exl3,3,,,
model.language_model.layers.54.linear_attn.out_proj.suh,text,model-00002-of-00002.safetensors,F16,6144,12288,model.language_model.layers.54.linear_attn.out_proj,exl3,3,,,
model.language_model.layers.54.linear_attn.out_proj.svh,text,model-00002-of-00002.safetensors,F16,5120,10240,model.language_model.layers.54.linear_attn.out_proj,exl3,3,,,
model.language_model.layers.54.linear_attn.out_proj.trellis,text,model-00002-of-00002.safetensors,I16,384x320x48,11796480,model.language_model.layers.54.linear_attn.out_proj,exl3,3,6144,5120,hard-eligible; heuristic/SM-dependent
model.language_model.layers.54.mlp.down_proj.mul1,text,model-00002-of-00002.safetensors,I32,,4,model.language_model.layers.54.mlp.down_proj,exl3,4,,,
model.language_model.layers.54.mlp.down_proj.suh,text,model-00002-of-00002.safetensors,F16,17408,34816,model.language_model.layers.54.mlp.down_proj,exl3,4,,,
model.language_model.layers.54.mlp.down_proj.svh,text,model-00002-of-00002.safetensors,F16,5120,10240,model.language_model.layers.54.mlp.down_proj,exl3,4,,,
model.language_model.layers.54.mlp.down_proj.trellis,text,model-00002-of-00002.safetensors,I16,1088x320x64,44564480,model.language_model.layers.54.mlp.down_proj,exl3,4,17408,5120,hard-eligible; heuristic/SM-dependent
model.language_model.layers.54.mlp.gate_proj.mul1,text,model-00002-of-00002.safetensors,I32,,4,model.language_model.layers.54.mlp.gate_proj,exl3,3,,,
model.language_model.layers.54.mlp.gate_proj.suh,text,model-00002-of-00002.safetensors,F16,5120,10240,model.language_model.layers.54.mlp.gate_proj,exl3,3,,,
model.language_model.layers.54.mlp.gate_proj.svh,text,model-00002-of-00002.safetensors,F16,17408,34816,model.language_model.layers.54.mlp.gate_proj,exl3,3,,,
model.language_model.layers.54.mlp.gate_proj.trellis,text,model-00002-of-00002.safetensors,I16,320x1088x48,33423360,model.language_model.layers.54.mlp.gate_proj,exl3,3,5120,17408,hard-eligible; heuristic/SM-dependent
model.language_model.layers.54.mlp.up_proj.mul1,text,model-00002-of-00002.safetensors,I32,,4,model.language_model.layers.54.mlp.up_proj,exl3,3,,,
model.language_model.layers.54.mlp.up_proj.suh,text,model-00002-of-00002.safetensors,F16,5120,10240,model.language_model.layers.54.mlp.up_proj,exl3,3,,,
model.language_model.layers.54.mlp.up_proj.svh,text,model-00002-of-00002.safetensors,F16,17408,34816,model.language_model.layers.54.mlp.up_proj,exl3,3,,,
model.language_model.layers.54.mlp.up_proj.trellis,text,model-00002-of-00002.safetensors,I16,320x1088x48,33423360,model.language_model.layers.54.mlp.up_proj,exl3,3,5120,17408,hard-eligible; heuristic/SM-dependent
model.language_model.layers.54.post_attention_layernorm.weight,text,model-00002-of-00002.safetensors,BF16,5120,10240,model.language_model.layers.54.post_attention_layernorm,,,,,
model.language_model.layers.55.input_layernorm.weight,text,model-00002-of-00002.safetensors,BF16,5120,10240,model.language_model.layers.55.input_layernorm,,,,,
model.language_model.layers.55.mlp.down_proj.mul1,text,model-00002-of-00002.safetensors,I32,,4,model.language_model.layers.55.mlp.down_proj,exl3,4,,,
model.language_model.layers.55.mlp.down_proj.suh,text,model-00002-of-00002.safetensors,F16,17408,34816,model.language_model.layers.55.mlp.down_proj,exl3,4,,,
model.language_model.layers.55.mlp.down_proj.svh,text,model-00002-of-00002.safetensors,F16,5120,10240,model.language_model.layers.55.mlp.down_proj,exl3,4,,,
model.language_model.layers.55.mlp.down_proj.trellis,text,model-00002-of-00002.safetensors,I16,1088x320x64,44564480,model.language_model.layers.55.mlp.down_proj,exl3,4,17408,5120,hard-eligible; heuristic/SM-dependent
model.language_model.layers.55.mlp.gate_proj.mul1,text,model-00002-of-00002.safetensors,I32,,4,model.language_model.layers.55.mlp.gate_proj,exl3,3,,,
model.language_model.layers.55.mlp.gate_proj.suh,text,model-00002-of-00002.safetensors,F16,5120,10240,model.language_model.layers.55.mlp.gate_proj,exl3,3,,,
model.language_model.layers.55.mlp.gate_proj.svh,text,model-00002-of-00002.safetensors,F16,17408,34816,model.language_model.layers.55.mlp.gate_proj,exl3,3,,,
model.language_model.layers.55.mlp.gate_proj.trellis,text,model-00002-of-00002.safetensors,I16,320x1088x48,33423360,model.language_model.layers.55.mlp.gate_proj,exl3,3,5120,17408,hard-eligible; heuristic/SM-dependent
model.language_model.layers.55.mlp.up_proj.mul1,text,model-00002-of-00002.safetensors,I32,,4,model.language_model.layers.55.mlp.up_proj,exl3,3,,,
model.language_model.layers.55.mlp.up_proj.suh,text,model-00002-of-00002.safetensors,F16,5120,10240,model.language_model.layers.55.mlp.up_proj,exl3,3,,,
model.language_model.layers.55.mlp.up_proj.svh,text,model-00002-of-00002.safetensors,F16,17408,34816,model.language_model.layers.55.mlp.up_proj,exl3,3,,,
model.language_model.layers.55.mlp.up_proj.trellis,text,model-00002-of-00002.safetensors,I16,320x1088x48,33423360,model.language_model.layers.55.mlp.up_proj,exl3,3,5120,17408,hard-eligible; heuristic/SM-dependent
model.language_model.layers.55.post_attention_layernorm.weight,text,model-00002-of-00002.safetensors,BF16,5120,10240,model.language_model.layers.55.post_attention_layernorm,,,,,
model.language_model.layers.55.self_attn.k_norm.weight,text,model-00002-of-00002.safetensors,BF16,256,512,model.language_model.layers.55.self_attn.k_norm,,,,,
model.language_model.layers.55.self_attn.k_proj.mul1,text,model-00002-of-00002.safetensors,I32,,4,model.language_model.layers.55.self_attn.k_proj,exl3,4,,,
model.language_model.layers.55.self_attn.k_proj.suh,text,model-00002-of-00002.safetensors,F16,5120,10240,model.language_model.layers.55.self_attn.k_proj,exl3,4,,,
model.language_model.layers.55.self_attn.k_proj.svh,text,model-00002-of-00002.safetensors,F16,1024,2048,model.language_model.layers.55.self_attn.k_proj,exl3,4,,,
model.language_model.layers.55.self_attn.k_proj.trellis,text,model-00002-of-00002.safetensors,I16,320x64x64,2621440,model.language_model.layers.55.self_attn.k_proj,exl3,4,5120,1024,hard-eligible; heuristic/SM-dependent
model.language_model.layers.55.self_attn.o_proj.mul1,text,model-00002-of-00002.safetensors,I32,,4,model.language_model.layers.55.self_attn.o_proj,exl3,4,,,
model.language_model.layers.55.self_attn.o_proj.suh,text,model-00002-of-00002.safetensors,F16,6144,12288,model.language_model.layers.55.self_attn.o_proj,exl3,4,,,
model.language_model.layers.55.self_attn.o_proj.svh,text,model-00002-of-00002.safetensors,F16,5120,10240,model.language_model.layers.55.self_attn.o_proj,exl3,4,,,
model.language_model.layers.55.self_attn.o_proj.trellis,text,model-00002-of-00002.safetensors,I16,384x320x64,15728640,model.language_model.layers.55.self_attn.o_proj,exl3,4,6144,5120,hard-eligible; heuristic/SM-dependent
model.language_model.layers.55.self_attn.q_norm.weight,text,model-00002-of-00002.safetensors,BF16,256,512,model.language_model.layers.55.self_attn.q_norm,,,,,
model.language_model.layers.55.self_attn.q_proj.mul1,text,model-00002-of-00002.safetensors,I32,,4,model.language_model.layers.55.self_attn.q_proj,exl3,2,,,
model.language_model.layers.55.self_attn.q_proj.suh,text,model-00002-of-00002.safetensors,F16,5120,10240,model.language_model.layers.55.self_attn.q_proj,exl3,2,,,
model.language_model.layers.55.self_attn.q_proj.svh,text,model-00002-of-00002.safetensors,F16,12288,24576,model.language_model.layers.55.self_attn.q_proj,exl3,2,,,
model.language_model.layers.55.self_attn.q_proj.trellis,text,model-00002-of-00002.safetensors,I16,320x768x32,15728640,model.language_model.layers.55.self_attn.q_proj,exl3,2,5120,12288,hard-eligible; heuristic/SM-dependent
model.language_model.layers.55.self_attn.v_proj.mul1,text,model-00002-of-00002.safetensors,I32,,4,model.language_model.layers.55.self_attn.v_proj,exl3,4,,,
model.language_model.layers.55.self_attn.v_proj.suh,text,model-00002-of-00002.safetensors,F16,5120,10240,model.language_model.layers.55.self_attn.v_proj,exl3,4,,,
model.language_model.layers.55.self_attn.v_proj.svh,text,model-00002-of-00002.safetensors,F16,1024,2048,model.language_model.layers.55.self_attn.v_proj,exl3,4,,,
model.language_model.layers.55.self_attn.v_proj.trellis,text,model-00002-of-00002.safetensors,I16,320x64x64,2621440,model.language_model.layers.55.self_attn.v_proj,exl3,4,5120,1024,hard-eligible; heuristic/SM-dependent
model.language_model.layers.56.input_layernorm.weight,text,model-00002-of-00002.safetensors,BF16,5120,10240,model.language_model.layers.56.input_layernorm,,,,,
model.language_model.layers.56.linear_attn.A_log,text,model-00002-of-00002.safetensors,BF16,48,96,,,,,,
model.language_model.layers.56.linear_attn.conv1d.weight,text,model-00002-of-00002.safetensors,BF16,10240x1x4,81920,,,,,,
model.language_model.layers.56.linear_attn.dt_bias,text,model-00002-of-00002.safetensors,BF16,48,96,,,,,,
model.language_model.layers.56.linear_attn.in_proj_a.weight,text,model-00002-of-00002.safetensors,F16,48x5120,491520,model.language_model.layers.56.linear_attn.in_proj_a,,,,,
model.language_model.layers.56.linear_attn.in_proj_b.weight,text,model-00002-of-00002.safetensors,F16,48x5120,491520,model.language_model.layers.56.linear_attn.in_proj_b,,,,,
model.language_model.layers.56.linear_attn.in_proj_qkv.mul1,text,model-00002-of-00002.safetensors,I32,,4,model.language_model.layers.56.linear_attn.in_proj_qkv,exl3,3,,,
model.language_model.layers.56.linear_attn.in_proj_qkv.suh,text,model-00002-of-00002.safetensors,F16,5120,10240,model.language_model.layers.56.linear_attn.in_proj_qkv,exl3,3,,,
model.language_model.layers.56.linear_attn.in_proj_qkv.svh,text,model-00002-of-00002.safetensors,F16,10240,20480,model.language_model.layers.56.linear_attn.in_proj_qkv,exl3,3,,,
model.language_model.layers.56.linear_attn.in_proj_qkv.trellis,text,model-00002-of-00002.safetensors,I16,320x640x48,19660800,model.language_model.layers.56.linear_attn.in_proj_qkv,exl3,3,5120,10240,hard-eligible; heuristic/SM-dependent
model.language_model.layers.56.linear_attn.in_proj_z.mul1,text,model-00002-of-00002.safetensors,I32,,4,model.language_model.layers.56.linear_attn.in_proj_z,exl3,3,,,
model.language_model.layers.56.linear_attn.in_proj_z.suh,text,model-00002-of-00002.safetensors,F16,5120,10240,model.language_model.layers.56.linear_attn.in_proj_z,exl3,3,,,
model.language_model.layers.56.linear_attn.in_proj_z.svh,text,model-00002-of-00002.safetensors,F16,6144,12288,model.language_model.layers.56.linear_attn.in_proj_z,exl3,3,,,
model.language_model.layers.56.linear_attn.in_proj_z.trellis,text,model-00002-of-00002.safetensors,I16,320x384x48,11796480,model.language_model.layers.56.linear_attn.in_proj_z,exl3,3,5120,6144,hard-eligible; heuristic/SM-dependent
model.language_model.layers.56.linear_attn.norm.weight,text,model-00002-of-00002.safetensors,BF16,128,256,model.language_model.layers.56.linear_attn.norm,,,,,
model.language_model.layers.56.linear_attn.out_proj.mul1,text,model-00002-of-00002.safetensors,I32,,4,model.language_model.layers.56.linear_attn.out_proj,exl3,4,,,
model.language_model.layers.56.linear_attn.out_proj.suh,text,model-00002-of-00002.safetensors,F16,6144,12288,model.language_model.layers.56.linear_attn.out_proj,exl3,4,,,
model.language_model.layers.56.linear_attn.out_proj.svh,text,model-00002-of-00002.safetensors,F16,5120,10240,model.language_model.layers.56.linear_attn.out_proj,exl3,4,,,
model.language_model.layers.56.linear_attn.out_proj.trellis,text,model-00002-of-00002.safetensors,I16,384x320x64,15728640,model.language_model.layers.56.linear_attn.out_proj,exl3,4,6144,5120,hard-eligible; heuristic/SM-dependent
model.language_model.layers.56.mlp.down_proj.mul1,text,model-00002-of-00002.safetensors,I32,,4,model.language_model.layers.56.mlp.down_proj,exl3,4,,,
model.language_model.layers.56.mlp.down_proj.suh,text,model-00002-of-00002.safetensors,F16,17408,34816,model.language_model.layers.56.mlp.down_proj,exl3,4,,,
model.language_model.layers.56.mlp.down_proj.svh,text,model-00002-of-00002.safetensors,F16,5120,10240,model.language_model.layers.56.mlp.down_proj,exl3,4,,,
model.language_model.layers.56.mlp.down_proj.trellis,text,model-00002-of-00002.safetensors,I16,1088x320x64,44564480,model.language_model.layers.56.mlp.down_proj,exl3,4,17408,5120,hard-eligible; heuristic/SM-dependent
model.language_model.layers.56.mlp.gate_proj.mul1,text,model-00002-of-00002.safetensors,I32,,4,model.language_model.layers.56.mlp.gate_proj,exl3,3,,,
model.language_model.layers.56.mlp.gate_proj.suh,text,model-00002-of-00002.safetensors,F16,5120,10240,model.language_model.layers.56.mlp.gate_proj,exl3,3,,,
model.language_model.layers.56.mlp.gate_proj.svh,text,model-00002-of-00002.safetensors,F16,17408,34816,model.language_model.layers.56.mlp.gate_proj,exl3,3,,,
model.language_model.layers.56.mlp.gate_proj.trellis,text,model-00002-of-00002.safetensors,I16,320x1088x48,33423360,model.language_model.layers.56.mlp.gate_proj,exl3,3,5120,17408,hard-eligible; heuristic/SM-dependent
model.language_model.layers.56.mlp.up_proj.mul1,text,model-00002-of-00002.safetensors,I32,,4,model.language_model.layers.56.mlp.up_proj,exl3,3,,,
model.language_model.layers.56.mlp.up_proj.suh,text,model-00002-of-00002.safetensors,F16,5120,10240,model.language_model.layers.56.mlp.up_proj,exl3,3,,,
model.language_model.layers.56.mlp.up_proj.svh,text,model-00002-of-00002.safetensors,F16,17408,34816,model.language_model.layers.56.mlp.up_proj,exl3,3,,,
model.language_model.layers.56.mlp.up_proj.trellis,text,model-00002-of-00002.safetensors,I16,320x1088x48,33423360,model.language_model.layers.56.mlp.up_proj,exl3,3,5120,17408,hard-eligible; heuristic/SM-dependent
model.language_model.layers.56.post_attention_layernorm.weight,text,model-00002-of-00002.safetensors,BF16,5120,10240,model.language_model.layers.56.post_attention_layernorm,,,,,
model.language_model.layers.57.input_layernorm.weight,text,model-00002-of-00002.safetensors,BF16,5120,10240,model.language_model.layers.57.input_layernorm,,,,,
model.language_model.layers.57.linear_attn.A_log,text,model-00002-of-00002.safetensors,BF16,48,96,,,,,,
model.language_model.layers.57.linear_attn.conv1d.weight,text,model-00002-of-00002.safetensors,BF16,10240x1x4,81920,,,,,,
model.language_model.layers.57.linear_attn.dt_bias,text,model-00002-of-00002.safetensors,BF16,48,96,,,,,,
model.language_model.layers.57.linear_attn.in_proj_a.weight,text,model-00002-of-00002.safetensors,F16,48x5120,491520,model.language_model.layers.57.linear_attn.in_proj_a,,,,,
model.language_model.layers.57.linear_attn.in_proj_b.weight,text,model-00002-of-00002.safetensors,F16,48x5120,491520,model.language_model.layers.57.linear_attn.in_proj_b,,,,,
model.language_model.layers.57.linear_attn.in_proj_qkv.mul1,text,model-00002-of-00002.safetensors,I32,,4,model.language_model.layers.57.linear_attn.in_proj_qkv,exl3,3,,,
model.language_model.layers.57.linear_attn.in_proj_qkv.suh,text,model-00002-of-00002.safetensors,F16,5120,10240,model.language_model.layers.57.linear_attn.in_proj_qkv,exl3,3,,,
model.language_model.layers.57.linear_attn.in_proj_qkv.svh,text,model-00002-of-00002.safetensors,F16,10240,20480,model.language_model.layers.57.linear_attn.in_proj_qkv,exl3,3,,,
model.language_model.layers.57.linear_attn.in_proj_qkv.trellis,text,model-00002-of-00002.safetensors,I16,320x640x48,19660800,model.language_model.layers.57.linear_attn.in_proj_qkv,exl3,3,5120,10240,hard-eligible; heuristic/SM-dependent
model.language_model.layers.57.linear_attn.in_proj_z.mul1,text,model-00002-of-00002.safetensors,I32,,4,model.language_model.layers.57.linear_attn.in_proj_z,exl3,3,,,
model.language_model.layers.57.linear_attn.in_proj_z.suh,text,model-00002-of-00002.safetensors,F16,5120,10240,model.language_model.layers.57.linear_attn.in_proj_z,exl3,3,,,
model.language_model.layers.57.linear_attn.in_proj_z.svh,text,model-00002-of-00002.safetensors,F16,6144,12288,model.language_model.layers.57.linear_attn.in_proj_z,exl3,3,,,
model.language_model.layers.57.linear_attn.in_proj_z.trellis,text,model-00002-of-00002.safetensors,I16,320x384x48,11796480,model.language_model.layers.57.linear_attn.in_proj_z,exl3,3,5120,6144,hard-eligible; heuristic/SM-dependent
model.language_model.layers.57.linear_attn.norm.weight,text,model-00002-of-00002.safetensors,BF16,128,256,model.language_model.layers.57.linear_attn.norm,,,,,
model.language_model.layers.57.linear_attn.out_proj.mul1,text,model-00002-of-00002.safetensors,I32,,4,model.language_model.layers.57.linear_attn.out_proj,exl3,4,,,
model.language_model.layers.57.linear_attn.out_proj.suh,text,model-00002-of-00002.safetensors,F16,6144,12288,model.language_model.layers.57.linear_attn.out_proj,exl3,4,,,
model.language_model.layers.57.linear_attn.out_proj.svh,text,model-00002-of-00002.safetensors,F16,5120,10240,model.language_model.layers.57.linear_attn.out_proj,exl3,4,,,
model.language_model.layers.57.linear_attn.out_proj.trellis,text,model-00002-of-00002.safetensors,I16,384x320x64,15728640,model.language_model.layers.57.linear_attn.out_proj,exl3,4,6144,5120,hard-eligible; heuristic/SM-dependent
model.language_model.layers.57.mlp.down_proj.mul1,text,model-00002-of-00002.safetensors,I32,,4,model.language_model.layers.57.mlp.down_proj,exl3,4,,,
model.language_model.layers.57.mlp.down_proj.suh,text,model-00002-of-00002.safetensors,F16,17408,34816,model.language_model.layers.57.mlp.down_proj,exl3,4,,,
model.language_model.layers.57.mlp.down_proj.svh,text,model-00002-of-00002.safetensors,F16,5120,10240,model.language_model.layers.57.mlp.down_proj,exl3,4,,,
model.language_model.layers.57.mlp.down_proj.trellis,text,model-00002-of-00002.safetensors,I16,1088x320x64,44564480,model.language_model.layers.57.mlp.down_proj,exl3,4,17408,5120,hard-eligible; heuristic/SM-dependent
model.language_model.layers.57.mlp.gate_proj.mul1,text,model-00002-of-00002.safetensors,I32,,4,model.language_model.layers.57.mlp.gate_proj,exl3,4,,,
model.language_model.layers.57.mlp.gate_proj.suh,text,model-00002-of-00002.safetensors,F16,5120,10240,model.language_model.layers.57.mlp.gate_proj,exl3,4,,,
model.language_model.layers.57.mlp.gate_proj.svh,text,model-00002-of-00002.safetensors,F16,17408,34816,model.language_model.layers.57.mlp.gate_proj,exl3,4,,,
model.language_model.layers.57.mlp.gate_proj.trellis,text,model-00002-of-00002.safetensors,I16,320x1088x64,44564480,model.language_model.layers.57.mlp.gate_proj,exl3,4,5120,17408,hard-eligible; heuristic/SM-dependent
model.language_model.layers.57.mlp.up_proj.mul1,text,model-00002-of-00002.safetensors,I32,,4,model.language_model.layers.57.mlp.up_proj,exl3,4,,,
model.language_model.layers.57.mlp.up_proj.suh,text,model-00002-of-00002.safetensors,F16,5120,10240,model.language_model.layers.57.mlp.up_proj,exl3,4,,,
model.language_model.layers.57.mlp.up_proj.svh,text,model-00002-of-00002.safetensors,F16,17408,34816,model.language_model.layers.57.mlp.up_proj,exl3,4,,,
model.language_model.layers.57.mlp.up_proj.trellis,text,model-00002-of-00002.safetensors,I16,320x1088x64,44564480,model.language_model.layers.57.mlp.up_proj,exl3,4,5120,17408,hard-eligible; heuristic/SM-dependent
model.language_model.layers.57.post_attention_layernorm.weight,text,model-00002-of-00002.safetensors,BF16,5120,10240,model.language_model.layers.57.post_attention_layernorm,,,,,
model.language_model.layers.58.input_layernorm.weight,text,model-00002-of-00002.safetensors,BF16,5120,10240,model.language_model.layers.58.input_layernorm,,,,,
model.language_model.layers.58.linear_attn.A_log,text,model-00002-of-00002.safetensors,BF16,48,96,,,,,,
model.language_model.layers.58.linear_attn.conv1d.weight,text,model-00002-of-00002.safetensors,BF16,10240x1x4,81920,,,,,,
model.language_model.layers.58.linear_attn.dt_bias,text,model-00002-of-00002.safetensors,BF16,48,96,,,,,,
model.language_model.layers.58.linear_attn.in_proj_a.weight,text,model-00002-of-00002.safetensors,F16,48x5120,491520,model.language_model.layers.58.linear_attn.in_proj_a,,,,,
model.language_model.layers.58.linear_attn.in_proj_b.weight,text,model-00002-of-00002.safetensors,F16,48x5120,491520,model.language_model.layers.58.linear_attn.in_proj_b,,,,,
model.language_model.layers.58.linear_attn.in_proj_qkv.mul1,text,model-00002-of-00002.safetensors,I32,,4,model.language_model.layers.58.linear_attn.in_proj_qkv,exl3,3,,,
model.language_model.layers.58.linear_attn.in_proj_qkv.suh,text,model-00002-of-00002.safetensors,F16,5120,10240,model.language_model.layers.58.linear_attn.in_proj_qkv,exl3,3,,,
model.language_model.layers.58.linear_attn.in_proj_qkv.svh,text,model-00002-of-00002.safetensors,F16,10240,20480,model.language_model.layers.58.linear_attn.in_proj_qkv,exl3,3,,,
model.language_model.layers.58.linear_attn.in_proj_qkv.trellis,text,model-00002-of-00002.safetensors,I16,320x640x48,19660800,model.language_model.layers.58.linear_attn.in_proj_qkv,exl3,3,5120,10240,hard-eligible; heuristic/SM-dependent
model.language_model.layers.58.linear_attn.in_proj_z.mul1,text,model-00002-of-00002.safetensors,I32,,4,model.language_model.layers.58.linear_attn.in_proj_z,exl3,3,,,
model.language_model.layers.58.linear_attn.in_proj_z.suh,text,model-00002-of-00002.safetensors,F16,5120,10240,model.language_model.layers.58.linear_attn.in_proj_z,exl3,3,,,
model.language_model.layers.58.linear_attn.in_proj_z.svh,text,model-00002-of-00002.safetensors,F16,6144,12288,model.language_model.layers.58.linear_attn.in_proj_z,exl3,3,,,
model.language_model.layers.58.linear_attn.in_proj_z.trellis,text,model-00002-of-00002.safetensors,I16,320x384x48,11796480,model.language_model.layers.58.linear_attn.in_proj_z,exl3,3,5120,6144,hard-eligible; heuristic/SM-dependent
model.language_model.layers.58.linear_attn.norm.weight,text,model-00002-of-00002.safetensors,BF16,128,256,model.language_model.layers.58.linear_attn.norm,,,,,
model.language_model.layers.58.linear_attn.out_proj.mul1,text,model-00002-of-00002.safetensors,I32,,4,model.language_model.layers.58.linear_attn.out_proj,exl3,3,,,
model.language_model.layers.58.linear_attn.out_proj.suh,text,model-00002-of-00002.safetensors,F16,6144,12288,model.language_model.layers.58.linear_attn.out_proj,exl3,3,,,
model.language_model.layers.58.linear_attn.out_proj.svh,text,model-00002-of-00002.safetensors,F16,5120,10240,model.language_model.layers.58.linear_attn.out_proj,exl3,3,,,
model.language_model.layers.58.linear_attn.out_proj.trellis,text,model-00002-of-00002.safetensors,I16,384x320x48,11796480,model.language_model.layers.58.linear_attn.out_proj,exl3,3,6144,5120,hard-eligible; heuristic/SM-dependent
model.language_model.layers.58.mlp.down_proj.mul1,text,model-00002-of-00002.safetensors,I32,,4,model.language_model.layers.58.mlp.down_proj,exl3,4,,,
model.language_model.layers.58.mlp.down_proj.suh,text,model-00002-of-00002.safetensors,F16,17408,34816,model.language_model.layers.58.mlp.down_proj,exl3,4,,,
model.language_model.layers.58.mlp.down_proj.svh,text,model-00002-of-00002.safetensors,F16,5120,10240,model.language_model.layers.58.mlp.down_proj,exl3,4,,,
model.language_model.layers.58.mlp.down_proj.trellis,text,model-00002-of-00002.safetensors,I16,1088x320x64,44564480,model.language_model.layers.58.mlp.down_proj,exl3,4,17408,5120,hard-eligible; heuristic/SM-dependent
model.language_model.layers.58.mlp.gate_proj.mul1,text,model-00002-of-00002.safetensors,I32,,4,model.language_model.layers.58.mlp.gate_proj,exl3,4,,,
model.language_model.layers.58.mlp.gate_proj.suh,text,model-00002-of-00002.safetensors,F16,5120,10240,model.language_model.layers.58.mlp.gate_proj,exl3,4,,,
model.language_model.layers.58.mlp.gate_proj.svh,text,model-00002-of-00002.safetensors,F16,17408,34816,model.language_model.layers.58.mlp.gate_proj,exl3,4,,,
model.language_model.layers.58.mlp.gate_proj.trellis,text,model-00002-of-00002.safetensors,I16,320x1088x64,44564480,model.language_model.layers.58.mlp.gate_proj,exl3,4,5120,17408,hard-eligible; heuristic/SM-dependent
model.language_model.layers.58.mlp.up_proj.mul1,text,model-00002-of-00002.safetensors,I32,,4,model.language_model.layers.58.mlp.up_proj,exl3,4,,,
model.language_model.layers.58.mlp.up_proj.suh,text,model-00002-of-00002.safetensors,F16,5120,10240,model.language_model.layers.58.mlp.up_proj,exl3,4,,,
model.language_model.layers.58.mlp.up_proj.svh,text,model-00002-of-00002.safetensors,F16,17408,34816,model.language_model.layers.58.mlp.up_proj,exl3,4,,,
model.language_model.layers.58.mlp.up_proj.trellis,text,model-00002-of-00002.safetensors,I16,320x1088x64,44564480,model.language_model.layers.58.mlp.up_proj,exl3,4,5120,17408,hard-eligible; heuristic/SM-dependent
model.language_model.layers.58.post_attention_layernorm.weight,text,model-00002-of-00002.safetensors,BF16,5120,10240,model.language_model.layers.58.post_attention_layernorm,,,,,
model.language_model.layers.59.input_layernorm.weight,text,model-00002-of-00002.safetensors,BF16,5120,10240,model.language_model.layers.59.input_layernorm,,,,,
model.language_model.layers.59.mlp.down_proj.mul1,text,model-00002-of-00002.safetensors,I32,,4,model.language_model.layers.59.mlp.down_proj,exl3,4,,,
model.language_model.layers.59.mlp.down_proj.suh,text,model-00002-of-00002.safetensors,F16,17408,34816,model.language_model.layers.59.mlp.down_proj,exl3,4,,,
model.language_model.layers.59.mlp.down_proj.svh,text,model-00002-of-00002.safetensors,F16,5120,10240,model.language_model.layers.59.mlp.down_proj,exl3,4,,,
model.language_model.layers.59.mlp.down_proj.trellis,text,model-00002-of-00002.safetensors,I16,1088x320x64,44564480,model.language_model.layers.59.mlp.down_proj,exl3,4,17408,5120,hard-eligible; heuristic/SM-dependent
model.language_model.layers.59.mlp.gate_proj.mul1,text,model-00002-of-00002.safetensors,I32,,4,model.language_model.layers.59.mlp.gate_proj,exl3,4,,,
model.language_model.layers.59.mlp.gate_proj.suh,text,model-00002-of-00002.safetensors,F16,5120,10240,model.language_model.layers.59.mlp.gate_proj,exl3,4,,,
model.language_model.layers.59.mlp.gate_proj.svh,text,model-00002-of-00002.safetensors,F16,17408,34816,model.language_model.layers.59.mlp.gate_proj,exl3,4,,,
model.language_model.layers.59.mlp.gate_proj.trellis,text,model-00002-of-00002.safetensors,I16,320x1088x64,44564480,model.language_model.layers.59.mlp.gate_proj,exl3,4,5120,17408,hard-eligible; heuristic/SM-dependent
model.language_model.layers.59.mlp.up_proj.mul1,text,model-00002-of-00002.safetensors,I32,,4,model.language_model.layers.59.mlp.up_proj,exl3,4,,,
model.language_model.layers.59.mlp.up_proj.suh,text,model-00002-of-00002.safetensors,F16,5120,10240,model.language_model.layers.59.mlp.up_proj,exl3,4,,,
model.language_model.layers.59.mlp.up_proj.svh,text,model-00002-of-00002.safetensors,F16,17408,34816,model.language_model.layers.59.mlp.up_proj,exl3,4,,,
model.language_model.layers.59.mlp.up_proj.trellis,text,model-00002-of-00002.safetensors,I16,320x1088x64,44564480,model.language_model.layers.59.mlp.up_proj,exl3,4,5120,17408,hard-eligible; heuristic/SM-dependent
model.language_model.layers.59.post_attention_layernorm.weight,text,model-00002-of-00002.safetensors,BF16,5120,10240,model.language_model.layers.59.post_attention_layernorm,,,,,
model.language_model.layers.59.self_attn.k_norm.weight,text,model-00002-of-00002.safetensors,BF16,256,512,model.language_model.layers.59.self_attn.k_norm,,,,,
model.language_model.layers.59.self_attn.k_proj.mul1,text,model-00002-of-00002.safetensors,I32,,4,model.language_model.layers.59.self_attn.k_proj,exl3,4,,,
model.language_model.layers.59.self_attn.k_proj.suh,text,model-00002-of-00002.safetensors,F16,5120,10240,model.language_model.layers.59.self_attn.k_proj,exl3,4,,,
model.language_model.layers.59.self_attn.k_proj.svh,text,model-00002-of-00002.safetensors,F16,1024,2048,model.language_model.layers.59.self_attn.k_proj,exl3,4,,,
model.language_model.layers.59.self_attn.k_proj.trellis,text,model-00002-of-00002.safetensors,I16,320x64x64,2621440,model.language_model.layers.59.self_attn.k_proj,exl3,4,5120,1024,hard-eligible; heuristic/SM-dependent
model.language_model.layers.59.self_attn.o_proj.mul1,text,model-00002-of-00002.safetensors,I32,,4,model.language_model.layers.59.self_attn.o_proj,exl3,3,,,
model.language_model.layers.59.self_attn.o_proj.suh,text,model-00002-of-00002.safetensors,F16,6144,12288,model.language_model.layers.59.self_attn.o_proj,exl3,3,,,
model.language_model.layers.59.self_attn.o_proj.svh,text,model-00002-of-00002.safetensors,F16,5120,10240,model.language_model.layers.59.self_attn.o_proj,exl3,3,,,
model.language_model.layers.59.self_attn.o_proj.trellis,text,model-00002-of-00002.safetensors,I16,384x320x48,11796480,model.language_model.layers.59.self_attn.o_proj,exl3,3,6144,5120,hard-eligible; heuristic/SM-dependent
model.language_model.layers.59.self_attn.q_norm.weight,text,model-00002-of-00002.safetensors,BF16,256,512,model.language_model.layers.59.self_attn.q_norm,,,,,
model.language_model.layers.59.self_attn.q_proj.mul1,text,model-00002-of-00002.safetensors,I32,,4,model.language_model.layers.59.self_attn.q_proj,exl3,3,,,
model.language_model.layers.59.self_attn.q_proj.suh,text,model-00002-of-00002.safetensors,F16,5120,10240,model.language_model.layers.59.self_attn.q_proj,exl3,3,,,
model.language_model.layers.59.self_attn.q_proj.svh,text,model-00002-of-00002.safetensors,F16,12288,24576,model.language_model.layers.59.self_attn.q_proj,exl3,3,,,
model.language_model.layers.59.self_attn.q_proj.trellis,text,model-00002-of-00002.safetensors,I16,320x768x48,23592960,model.language_model.layers.59.self_attn.q_proj,exl3,3,5120,12288,hard-eligible; heuristic/SM-dependent
model.language_model.layers.59.self_attn.v_proj.mul1,text,model-00002-of-00002.safetensors,I32,,4,model.language_model.layers.59.self_attn.v_proj,exl3,4,,,
model.language_model.layers.59.self_attn.v_proj.suh,text,model-00002-of-00002.safetensors,F16,5120,10240,model.language_model.layers.59.self_attn.v_proj,exl3,4,,,
model.language_model.layers.59.self_attn.v_proj.svh,text,model-00002-of-00002.safetensors,F16,1024,2048,model.language_model.layers.59.self_attn.v_proj,exl3,4,,,
model.language_model.layers.59.self_attn.v_proj.trellis,text,model-00002-of-00002.safetensors,I16,320x64x64,2621440,model.language_model.layers.59.self_attn.v_proj,exl3,4,5120,1024,hard-eligible; heuristic/SM-dependent
model.language_model.layers.6.input_layernorm.weight,text,model-00001-of-00002.safetensors,BF16,5120,10240,model.language_model.layers.6.input_layernorm,,,,,
model.language_model.layers.6.linear_attn.A_log,text,model-00001-of-00002.safetensors,BF16,48,96,,,,,,
model.language_model.layers.6.linear_attn.conv1d.weight,text,model-00001-of-00002.safetensors,BF16,10240x1x4,81920,,,,,,
model.language_model.layers.6.linear_attn.dt_bias,text,model-00001-of-00002.safetensors,BF16,48,96,,,,,,
model.language_model.layers.6.linear_attn.in_proj_a.weight,text,model-00001-of-00002.safetensors,F16,48x5120,491520,model.language_model.layers.6.linear_attn.in_proj_a,,,,,
model.language_model.layers.6.linear_attn.in_proj_b.weight,text,model-00001-of-00002.safetensors,F16,48x5120,491520,model.language_model.layers.6.linear_attn.in_proj_b,,,,,
model.language_model.layers.6.linear_attn.in_proj_qkv.mul1,text,model-00001-of-00002.safetensors,I32,,4,model.language_model.layers.6.linear_attn.in_proj_qkv,exl3,3,,,
model.language_model.layers.6.linear_attn.in_proj_qkv.suh,text,model-00001-of-00002.safetensors,F16,5120,10240,model.language_model.layers.6.linear_attn.in_proj_qkv,exl3,3,,,
model.language_model.layers.6.linear_attn.in_proj_qkv.svh,text,model-00001-of-00002.safetensors,F16,10240,20480,model.language_model.layers.6.linear_attn.in_proj_qkv,exl3,3,,,
model.language_model.layers.6.linear_attn.in_proj_qkv.trellis,text,model-00001-of-00002.safetensors,I16,320x640x48,19660800,model.language_model.layers.6.linear_attn.in_proj_qkv,exl3,3,5120,10240,hard-eligible; heuristic/SM-dependent
model.language_model.layers.6.linear_attn.in_proj_z.mul1,text,model-00001-of-00002.safetensors,I32,,4,model.language_model.layers.6.linear_attn.in_proj_z,exl3,3,,,
model.language_model.layers.6.linear_attn.in_proj_z.suh,text,model-00001-of-00002.safetensors,F16,5120,10240,model.language_model.layers.6.linear_attn.in_proj_z,exl3,3,,,
model.language_model.layers.6.linear_attn.in_proj_z.svh,text,model-00001-of-00002.safetensors,F16,6144,12288,model.language_model.layers.6.linear_attn.in_proj_z,exl3,3,,,
model.language_model.layers.6.linear_attn.in_proj_z.trellis,text,model-00001-of-00002.safetensors,I16,320x384x48,11796480,model.language_model.layers.6.linear_attn.in_proj_z,exl3,3,5120,6144,hard-eligible; heuristic/SM-dependent
model.language_model.layers.6.linear_attn.norm.weight,text,model-00001-of-00002.safetensors,BF16,128,256,model.language_model.layers.6.linear_attn.norm,,,,,
model.language_model.layers.6.linear_attn.out_proj.mul1,text,model-00001-of-00002.safetensors,I32,,4,model.language_model.layers.6.linear_attn.out_proj,exl3,3,,,
model.language_model.layers.6.linear_attn.out_proj.suh,text,model-00001-of-00002.safetensors,F16,6144,12288,model.language_model.layers.6.linear_attn.out_proj,exl3,3,,,
model.language_model.layers.6.linear_attn.out_proj.svh,text,model-00001-of-00002.safetensors,F16,5120,10240,model.language_model.layers.6.linear_attn.out_proj,exl3,3,,,
model.language_model.layers.6.linear_attn.out_proj.trellis,text,model-00001-of-00002.safetensors,I16,384x320x48,11796480,model.language_model.layers.6.linear_attn.out_proj,exl3,3,6144,5120,hard-eligible; heuristic/SM-dependent
model.language_model.layers.6.mlp.down_proj.mul1,text,model-00001-of-00002.safetensors,I32,,4,model.language_model.layers.6.mlp.down_proj,exl3,3,,,
model.language_model.layers.6.mlp.down_proj.suh,text,model-00001-of-00002.safetensors,F16,17408,34816,model.language_model.layers.6.mlp.down_proj,exl3,3,,,
model.language_model.layers.6.mlp.down_proj.svh,text,model-00001-of-00002.safetensors,F16,5120,10240,model.language_model.layers.6.mlp.down_proj,exl3,3,,,
model.language_model.layers.6.mlp.down_proj.trellis,text,model-00001-of-00002.safetensors,I16,1088x320x48,33423360,model.language_model.layers.6.mlp.down_proj,exl3,3,17408,5120,hard-eligible; heuristic/SM-dependent
model.language_model.layers.6.mlp.gate_proj.mul1,text,model-00001-of-00002.safetensors,I32,,4,model.language_model.layers.6.mlp.gate_proj,exl3,3,,,
model.language_model.layers.6.mlp.gate_proj.suh,text,model-00001-of-00002.safetensors,F16,5120,10240,model.language_model.layers.6.mlp.gate_proj,exl3,3,,,
model.language_model.layers.6.mlp.gate_proj.svh,text,model-00001-of-00002.safetensors,F16,17408,34816,model.language_model.layers.6.mlp.gate_proj,exl3,3,,,
model.language_model.layers.6.mlp.gate_proj.trellis,text,model-00001-of-00002.safetensors,I16,320x1088x48,33423360,model.language_model.layers.6.mlp.gate_proj,exl3,3,5120,17408,hard-eligible; heuristic/SM-dependent
model.language_model.layers.6.mlp.up_proj.mul1,text,model-00001-of-00002.safetensors,I32,,4,model.language_model.layers.6.mlp.up_proj,exl3,3,,,
model.language_model.layers.6.mlp.up_proj.suh,text,model-00001-of-00002.safetensors,F16,5120,10240,model.language_model.layers.6.mlp.up_proj,exl3,3,,,
model.language_model.layers.6.mlp.up_proj.svh,text,model-00001-of-00002.safetensors,F16,17408,34816,model.language_model.layers.6.mlp.up_proj,exl3,3,,,
model.language_model.layers.6.mlp.up_proj.trellis,text,model-00001-of-00002.safetensors,I16,320x1088x48,33423360,model.language_model.layers.6.mlp.up_proj,exl3,3,5120,17408,hard-eligible; heuristic/SM-dependent
model.language_model.layers.6.post_attention_layernorm.weight,text,model-00001-of-00002.safetensors,BF16,5120,10240,model.language_model.layers.6.post_attention_layernorm,,,,,
model.language_model.layers.60.input_layernorm.weight,text,model-00002-of-00002.safetensors,BF16,5120,10240,model.language_model.layers.60.input_layernorm,,,,,
model.language_model.layers.60.linear_attn.A_log,text,model-00002-of-00002.safetensors,BF16,48,96,,,,,,
model.language_model.layers.60.linear_attn.conv1d.weight,text,model-00002-of-00002.safetensors,BF16,10240x1x4,81920,,,,,,
model.language_model.layers.60.linear_attn.dt_bias,text,model-00002-of-00002.safetensors,BF16,48,96,,,,,,
model.language_model.layers.60.linear_attn.in_proj_a.weight,text,model-00002-of-00002.safetensors,F16,48x5120,491520,model.language_model.layers.60.linear_attn.in_proj_a,,,,,
model.language_model.layers.60.linear_attn.in_proj_b.weight,text,model-00002-of-00002.safetensors,F16,48x5120,491520,model.language_model.layers.60.linear_attn.in_proj_b,,,,,
model.language_model.layers.60.linear_attn.in_proj_qkv.mul1,text,model-00002-of-00002.safetensors,I32,,4,model.language_model.layers.60.linear_attn.in_proj_qkv,exl3,3,,,
model.language_model.layers.60.linear_attn.in_proj_qkv.suh,text,model-00002-of-00002.safetensors,F16,5120,10240,model.language_model.layers.60.linear_attn.in_proj_qkv,exl3,3,,,
model.language_model.layers.60.linear_attn.in_proj_qkv.svh,text,model-00002-of-00002.safetensors,F16,10240,20480,model.language_model.layers.60.linear_attn.in_proj_qkv,exl3,3,,,
model.language_model.layers.60.linear_attn.in_proj_qkv.trellis,text,model-00002-of-00002.safetensors,I16,320x640x48,19660800,model.language_model.layers.60.linear_attn.in_proj_qkv,exl3,3,5120,10240,hard-eligible; heuristic/SM-dependent
model.language_model.layers.60.linear_attn.in_proj_z.mul1,text,model-00002-of-00002.safetensors,I32,,4,model.language_model.layers.60.linear_attn.in_proj_z,exl3,3,,,
model.language_model.layers.60.linear_attn.in_proj_z.suh,text,model-00002-of-00002.safetensors,F16,5120,10240,model.language_model.layers.60.linear_attn.in_proj_z,exl3,3,,,
model.language_model.layers.60.linear_attn.in_proj_z.svh,text,model-00002-of-00002.safetensors,F16,6144,12288,model.language_model.layers.60.linear_attn.in_proj_z,exl3,3,,,
model.language_model.layers.60.linear_attn.in_proj_z.trellis,text,model-00002-of-00002.safetensors,I16,320x384x48,11796480,model.language_model.layers.60.linear_attn.in_proj_z,exl3,3,5120,6144,hard-eligible; heuristic/SM-dependent
model.language_model.layers.60.linear_attn.norm.weight,text,model-00002-of-00002.safetensors,BF16,128,256,model.language_model.layers.60.linear_attn.norm,,,,,
model.language_model.layers.60.linear_attn.out_proj.mul1,text,model-00002-of-00002.safetensors,I32,,4,model.language_model.layers.60.linear_attn.out_proj,exl3,3,,,
model.language_model.layers.60.linear_attn.out_proj.suh,text,model-00002-of-00002.safetensors,F16,6144,12288,model.language_model.layers.60.linear_attn.out_proj,exl3,3,,,
model.language_model.layers.60.linear_attn.out_proj.svh,text,model-00002-of-00002.safetensors,F16,5120,10240,model.language_model.layers.60.linear_attn.out_proj,exl3,3,,,
model.language_model.layers.60.linear_attn.out_proj.trellis,text,model-00002-of-00002.safetensors,I16,384x320x48,11796480,model.language_model.layers.60.linear_attn.out_proj,exl3,3,6144,5120,hard-eligible; heuristic/SM-dependent
model.language_model.layers.60.mlp.down_proj.mul1,text,model-00002-of-00002.safetensors,I32,,4,model.language_model.layers.60.mlp.down_proj,exl3,4,,,
model.language_model.layers.60.mlp.down_proj.suh,text,model-00002-of-00002.safetensors,F16,17408,34816,model.language_model.layers.60.mlp.down_proj,exl3,4,,,
model.language_model.layers.60.mlp.down_proj.svh,text,model-00002-of-00002.safetensors,F16,5120,10240,model.language_model.layers.60.mlp.down_proj,exl3,4,,,
model.language_model.layers.60.mlp.down_proj.trellis,text,model-00002-of-00002.safetensors,I16,1088x320x64,44564480,model.language_model.layers.60.mlp.down_proj,exl3,4,17408,5120,hard-eligible; heuristic/SM-dependent
model.language_model.layers.60.mlp.gate_proj.mul1,text,model-00002-of-00002.safetensors,I32,,4,model.language_model.layers.60.mlp.gate_proj,exl3,4,,,
model.language_model.layers.60.mlp.gate_proj.suh,text,model-00002-of-00002.safetensors,F16,5120,10240,model.language_model.layers.60.mlp.gate_proj,exl3,4,,,
model.language_model.layers.60.mlp.gate_proj.svh,text,model-00002-of-00002.safetensors,F16,17408,34816,model.language_model.layers.60.mlp.gate_proj,exl3,4,,,
model.language_model.layers.60.mlp.gate_proj.trellis,text,model-00002-of-00002.safetensors,I16,320x1088x64,44564480,model.language_model.layers.60.mlp.gate_proj,exl3,4,5120,17408,hard-eligible; heuristic/SM-dependent
model.language_model.layers.60.mlp.up_proj.mul1,text,model-00002-of-00002.safetensors,I32,,4,model.language_model.layers.60.mlp.up_proj,exl3,4,,,
model.language_model.layers.60.mlp.up_proj.suh,text,model-00002-of-00002.safetensors,F16,5120,10240,model.language_model.layers.60.mlp.up_proj,exl3,4,,,
model.language_model.layers.60.mlp.up_proj.svh,text,model-00002-of-00002.safetensors,F16,17408,34816,model.language_model.layers.60.mlp.up_proj,exl3,4,,,
model.language_model.layers.60.mlp.up_proj.trellis,text,model-00002-of-00002.safetensors,I16,320x1088x64,44564480,model.language_model.layers.60.mlp.up_proj,exl3,4,5120,17408,hard-eligible; heuristic/SM-dependent
model.language_model.layers.60.post_attention_layernorm.weight,text,model-00002-of-00002.safetensors,BF16,5120,10240,model.language_model.layers.60.post_attention_layernorm,,,,,
model.language_model.layers.61.input_layernorm.weight,text,model-00002-of-00002.safetensors,BF16,5120,10240,model.language_model.layers.61.input_layernorm,,,,,
model.language_model.layers.61.linear_attn.A_log,text,model-00002-of-00002.safetensors,BF16,48,96,,,,,,
model.language_model.layers.61.linear_attn.conv1d.weight,text,model-00002-of-00002.safetensors,BF16,10240x1x4,81920,,,,,,
model.language_model.layers.61.linear_attn.dt_bias,text,model-00002-of-00002.safetensors,BF16,48,96,,,,,,
model.language_model.layers.61.linear_attn.in_proj_a.weight,text,model-00002-of-00002.safetensors,F16,48x5120,491520,model.language_model.layers.61.linear_attn.in_proj_a,,,,,
model.language_model.layers.61.linear_attn.in_proj_b.weight,text,model-00002-of-00002.safetensors,F16,48x5120,491520,model.language_model.layers.61.linear_attn.in_proj_b,,,,,
model.language_model.layers.61.linear_attn.in_proj_qkv.mul1,text,model-00002-of-00002.safetensors,I32,,4,model.language_model.layers.61.linear_attn.in_proj_qkv,exl3,3,,,
model.language_model.layers.61.linear_attn.in_proj_qkv.suh,text,model-00002-of-00002.safetensors,F16,5120,10240,model.language_model.layers.61.linear_attn.in_proj_qkv,exl3,3,,,
model.language_model.layers.61.linear_attn.in_proj_qkv.svh,text,model-00002-of-00002.safetensors,F16,10240,20480,model.language_model.layers.61.linear_attn.in_proj_qkv,exl3,3,,,
model.language_model.layers.61.linear_attn.in_proj_qkv.trellis,text,model-00002-of-00002.safetensors,I16,320x640x48,19660800,model.language_model.layers.61.linear_attn.in_proj_qkv,exl3,3,5120,10240,hard-eligible; heuristic/SM-dependent
model.language_model.layers.61.linear_attn.in_proj_z.mul1,text,model-00002-of-00002.safetensors,I32,,4,model.language_model.layers.61.linear_attn.in_proj_z,exl3,3,,,
model.language_model.layers.61.linear_attn.in_proj_z.suh,text,model-00002-of-00002.safetensors,F16,5120,10240,model.language_model.layers.61.linear_attn.in_proj_z,exl3,3,,,
model.language_model.layers.61.linear_attn.in_proj_z.svh,text,model-00002-of-00002.safetensors,F16,6144,12288,model.language_model.layers.61.linear_attn.in_proj_z,exl3,3,,,
model.language_model.layers.61.linear_attn.in_proj_z.trellis,text,model-00002-of-00002.safetensors,I16,320x384x48,11796480,model.language_model.layers.61.linear_attn.in_proj_z,exl3,3,5120,6144,hard-eligible; heuristic/SM-dependent
model.language_model.layers.61.linear_attn.norm.weight,text,model-00002-of-00002.safetensors,BF16,128,256,model.language_model.layers.61.linear_attn.norm,,,,,
model.language_model.layers.61.linear_attn.out_proj.mul1,text,model-00002-of-00002.safetensors,I32,,4,model.language_model.layers.61.linear_attn.out_proj,exl3,3,,,
model.language_model.layers.61.linear_attn.out_proj.suh,text,model-00002-of-00002.safetensors,F16,6144,12288,model.language_model.layers.61.linear_attn.out_proj,exl3,3,,,
model.language_model.layers.61.linear_attn.out_proj.svh,text,model-00002-of-00002.safetensors,F16,5120,10240,model.language_model.layers.61.linear_attn.out_proj,exl3,3,,,
model.language_model.layers.61.linear_attn.out_proj.trellis,text,model-00002-of-00002.safetensors,I16,384x320x48,11796480,model.language_model.layers.61.linear_attn.out_proj,exl3,3,6144,5120,hard-eligible; heuristic/SM-dependent
model.language_model.layers.61.mlp.down_proj.mul1,text,model-00002-of-00002.safetensors,I32,,4,model.language_model.layers.61.mlp.down_proj,exl3,4,,,
model.language_model.layers.61.mlp.down_proj.suh,text,model-00002-of-00002.safetensors,F16,17408,34816,model.language_model.layers.61.mlp.down_proj,exl3,4,,,
model.language_model.layers.61.mlp.down_proj.svh,text,model-00002-of-00002.safetensors,F16,5120,10240,model.language_model.layers.61.mlp.down_proj,exl3,4,,,
model.language_model.layers.61.mlp.down_proj.trellis,text,model-00002-of-00002.safetensors,I16,1088x320x64,44564480,model.language_model.layers.61.mlp.down_proj,exl3,4,17408,5120,hard-eligible; heuristic/SM-dependent
model.language_model.layers.61.mlp.gate_proj.mul1,text,model-00002-of-00002.safetensors,I32,,4,model.language_model.layers.61.mlp.gate_proj,exl3,4,,,
model.language_model.layers.61.mlp.gate_proj.suh,text,model-00002-of-00002.safetensors,F16,5120,10240,model.language_model.layers.61.mlp.gate_proj,exl3,4,,,
model.language_model.layers.61.mlp.gate_proj.svh,text,model-00002-of-00002.safetensors,F16,17408,34816,model.language_model.layers.61.mlp.gate_proj,exl3,4,,,
model.language_model.layers.61.mlp.gate_proj.trellis,text,model-00002-of-00002.safetensors,I16,320x1088x64,44564480,model.language_model.layers.61.mlp.gate_proj,exl3,4,5120,17408,hard-eligible; heuristic/SM-dependent
model.language_model.layers.61.mlp.up_proj.mul1,text,model-00002-of-00002.safetensors,I32,,4,model.language_model.layers.61.mlp.up_proj,exl3,4,,,
model.language_model.layers.61.mlp.up_proj.suh,text,model-00002-of-00002.safetensors,F16,5120,10240,model.language_model.layers.61.mlp.up_proj,exl3,4,,,
model.language_model.layers.61.mlp.up_proj.svh,text,model-00002-of-00002.safetensors,F16,17408,34816,model.language_model.layers.61.mlp.up_proj,exl3,4,,,
model.language_model.layers.61.mlp.up_proj.trellis,text,model-00002-of-00002.safetensors,I16,320x1088x64,44564480,model.language_model.layers.61.mlp.up_proj,exl3,4,5120,17408,hard-eligible; heuristic/SM-dependent
model.language_model.layers.61.post_attention_layernorm.weight,text,model-00002-of-00002.safetensors,BF16,5120,10240,model.language_model.layers.61.post_attention_layernorm,,,,,
model.language_model.layers.62.input_layernorm.weight,text,model-00002-of-00002.safetensors,BF16,5120,10240,model.language_model.layers.62.input_layernorm,,,,,
model.language_model.layers.62.linear_attn.A_log,text,model-00002-of-00002.safetensors,BF16,48,96,,,,,,
model.language_model.layers.62.linear_attn.conv1d.weight,text,model-00002-of-00002.safetensors,BF16,10240x1x4,81920,,,,,,
model.language_model.layers.62.linear_attn.dt_bias,text,model-00002-of-00002.safetensors,BF16,48,96,,,,,,
model.language_model.layers.62.linear_attn.in_proj_a.weight,text,model-00002-of-00002.safetensors,F16,48x5120,491520,model.language_model.layers.62.linear_attn.in_proj_a,,,,,
model.language_model.layers.62.linear_attn.in_proj_b.weight,text,model-00002-of-00002.safetensors,F16,48x5120,491520,model.language_model.layers.62.linear_attn.in_proj_b,,,,,
model.language_model.layers.62.linear_attn.in_proj_qkv.mul1,text,model-00002-of-00002.safetensors,I32,,4,model.language_model.layers.62.linear_attn.in_proj_qkv,exl3,3,,,
model.language_model.layers.62.linear_attn.in_proj_qkv.suh,text,model-00002-of-00002.safetensors,F16,5120,10240,model.language_model.layers.62.linear_attn.in_proj_qkv,exl3,3,,,
model.language_model.layers.62.linear_attn.in_proj_qkv.svh,text,model-00002-of-00002.safetensors,F16,10240,20480,model.language_model.layers.62.linear_attn.in_proj_qkv,exl3,3,,,
model.language_model.layers.62.linear_attn.in_proj_qkv.trellis,text,model-00002-of-00002.safetensors,I16,320x640x48,19660800,model.language_model.layers.62.linear_attn.in_proj_qkv,exl3,3,5120,10240,hard-eligible; heuristic/SM-dependent
model.language_model.layers.62.linear_attn.in_proj_z.mul1,text,model-00002-of-00002.safetensors,I32,,4,model.language_model.layers.62.linear_attn.in_proj_z,exl3,3,,,
model.language_model.layers.62.linear_attn.in_proj_z.suh,text,model-00002-of-00002.safetensors,F16,5120,10240,model.language_model.layers.62.linear_attn.in_proj_z,exl3,3,,,
model.language_model.layers.62.linear_attn.in_proj_z.svh,text,model-00002-of-00002.safetensors,F16,6144,12288,model.language_model.layers.62.linear_attn.in_proj_z,exl3,3,,,
model.language_model.layers.62.linear_attn.in_proj_z.trellis,text,model-00002-of-00002.safetensors,I16,320x384x48,11796480,model.language_model.layers.62.linear_attn.in_proj_z,exl3,3,5120,6144,hard-eligible; heuristic/SM-dependent
model.language_model.layers.62.linear_attn.norm.weight,text,model-00002-of-00002.safetensors,BF16,128,256,model.language_model.layers.62.linear_attn.norm,,,,,
model.language_model.layers.62.linear_attn.out_proj.mul1,text,model-00002-of-00002.safetensors,I32,,4,model.language_model.layers.62.linear_attn.out_proj,exl3,3,,,
model.language_model.layers.62.linear_attn.out_proj.suh,text,model-00002-of-00002.safetensors,F16,6144,12288,model.language_model.layers.62.linear_attn.out_proj,exl3,3,,,
model.language_model.layers.62.linear_attn.out_proj.svh,text,model-00002-of-00002.safetensors,F16,5120,10240,model.language_model.layers.62.linear_attn.out_proj,exl3,3,,,
model.language_model.layers.62.linear_attn.out_proj.trellis,text,model-00002-of-00002.safetensors,I16,384x320x48,11796480,model.language_model.layers.62.linear_attn.out_proj,exl3,3,6144,5120,hard-eligible; heuristic/SM-dependent
model.language_model.layers.62.mlp.down_proj.mul1,text,model-00002-of-00002.safetensors,I32,,4,model.language_model.layers.62.mlp.down_proj,exl3,3,,,
model.language_model.layers.62.mlp.down_proj.suh,text,model-00002-of-00002.safetensors,F16,17408,34816,model.language_model.layers.62.mlp.down_proj,exl3,3,,,
model.language_model.layers.62.mlp.down_proj.svh,text,model-00002-of-00002.safetensors,F16,5120,10240,model.language_model.layers.62.mlp.down_proj,exl3,3,,,
model.language_model.layers.62.mlp.down_proj.trellis,text,model-00002-of-00002.safetensors,I16,1088x320x48,33423360,model.language_model.layers.62.mlp.down_proj,exl3,3,17408,5120,hard-eligible; heuristic/SM-dependent
model.language_model.layers.62.mlp.gate_proj.mul1,text,model-00002-of-00002.safetensors,I32,,4,model.language_model.layers.62.mlp.gate_proj,exl3,3,,,
model.language_model.layers.62.mlp.gate_proj.suh,text,model-00002-of-00002.safetensors,F16,5120,10240,model.language_model.layers.62.mlp.gate_proj,exl3,3,,,
model.language_model.layers.62.mlp.gate_proj.svh,text,model-00002-of-00002.safetensors,F16,17408,34816,model.language_model.layers.62.mlp.gate_proj,exl3,3,,,
model.language_model.layers.62.mlp.gate_proj.trellis,text,model-00002-of-00002.safetensors,I16,320x1088x48,33423360,model.language_model.layers.62.mlp.gate_proj,exl3,3,5120,17408,hard-eligible; heuristic/SM-dependent
model.language_model.layers.62.mlp.up_proj.mul1,text,model-00002-of-00002.safetensors,I32,,4,model.language_model.layers.62.mlp.up_proj,exl3,3,,,
model.language_model.layers.62.mlp.up_proj.suh,text,model-00002-of-00002.safetensors,F16,5120,10240,model.language_model.layers.62.mlp.up_proj,exl3,3,,,
model.language_model.layers.62.mlp.up_proj.svh,text,model-00002-of-00002.safetensors,F16,17408,34816,model.language_model.layers.62.mlp.up_proj,exl3,3,,,
model.language_model.layers.62.mlp.up_proj.trellis,text,model-00002-of-00002.safetensors,I16,320x1088x48,33423360,model.language_model.layers.62.mlp.up_proj,exl3,3,5120,17408,hard-eligible; heuristic/SM-dependent
model.language_model.layers.62.post_attention_layernorm.weight,text,model-00002-of-00002.safetensors,BF16,5120,10240,model.language_model.layers.62.post_attention_layernorm,,,,,
model.language_model.layers.63.input_layernorm.weight,text,model-00002-of-00002.safetensors,BF16,5120,10240,model.language_model.layers.63.input_layernorm,,,,,
model.language_model.layers.63.mlp.down_proj.mul1,text,model-00002-of-00002.safetensors,I32,,4,model.language_model.layers.63.mlp.down_proj,exl3,3,,,
model.language_model.layers.63.mlp.down_proj.suh,text,model-00002-of-00002.safetensors,F16,17408,34816,model.language_model.layers.63.mlp.down_proj,exl3,3,,,
model.language_model.layers.63.mlp.down_proj.svh,text,model-00002-of-00002.safetensors,F16,5120,10240,model.language_model.layers.63.mlp.down_proj,exl3,3,,,
model.language_model.layers.63.mlp.down_proj.trellis,text,model-00002-of-00002.safetensors,I16,1088x320x48,33423360,model.language_model.layers.63.mlp.down_proj,exl3,3,17408,5120,hard-eligible; heuristic/SM-dependent
model.language_model.layers.63.mlp.gate_proj.mul1,text,model-00002-of-00002.safetensors,I32,,4,model.language_model.layers.63.mlp.gate_proj,exl3,4,,,
model.language_model.layers.63.mlp.gate_proj.suh,text,model-00002-of-00002.safetensors,F16,5120,10240,model.language_model.layers.63.mlp.gate_proj,exl3,4,,,
model.language_model.layers.63.mlp.gate_proj.svh,text,model-00002-of-00002.safetensors,F16,17408,34816,model.language_model.layers.63.mlp.gate_proj,exl3,4,,,
model.language_model.layers.63.mlp.gate_proj.trellis,text,model-00002-of-00002.safetensors,I16,320x1088x64,44564480,model.language_model.layers.63.mlp.gate_proj,exl3,4,5120,17408,hard-eligible; heuristic/SM-dependent
model.language_model.layers.63.mlp.up_proj.mul1,text,model-00002-of-00002.safetensors,I32,,4,model.language_model.layers.63.mlp.up_proj,exl3,4,,,
model.language_model.layers.63.mlp.up_proj.suh,text,model-00002-of-00002.safetensors,F16,5120,10240,model.language_model.layers.63.mlp.up_proj,exl3,4,,,
model.language_model.layers.63.mlp.up_proj.svh,text,model-00002-of-00002.safetensors,F16,17408,34816,model.language_model.layers.63.mlp.up_proj,exl3,4,,,
model.language_model.layers.63.mlp.up_proj.trellis,text,model-00002-of-00002.safetensors,I16,320x1088x64,44564480,model.language_model.layers.63.mlp.up_proj,exl3,4,5120,17408,hard-eligible; heuristic/SM-dependent
model.language_model.layers.63.post_attention_layernorm.weight,text,model-00002-of-00002.safetensors,BF16,5120,10240,model.language_model.layers.63.post_attention_layernorm,,,,,
model.language_model.layers.63.self_attn.k_norm.weight,text,model-00002-of-00002.safetensors,BF16,256,512,model.language_model.layers.63.self_attn.k_norm,,,,,
model.language_model.layers.63.self_attn.k_proj.mul1,text,model-00002-of-00002.safetensors,I32,,4,model.language_model.layers.63.self_attn.k_proj,exl3,4,,,
model.language_model.layers.63.self_attn.k_proj.suh,text,model-00002-of-00002.safetensors,F16,5120,10240,model.language_model.layers.63.self_attn.k_proj,exl3,4,,,
model.language_model.layers.63.self_attn.k_proj.svh,text,model-00002-of-00002.safetensors,F16,1024,2048,model.language_model.layers.63.self_attn.k_proj,exl3,4,,,
model.language_model.layers.63.self_attn.k_proj.trellis,text,model-00002-of-00002.safetensors,I16,320x64x64,2621440,model.language_model.layers.63.self_attn.k_proj,exl3,4,5120,1024,hard-eligible; heuristic/SM-dependent
model.language_model.layers.63.self_attn.o_proj.mul1,text,model-00002-of-00002.safetensors,I32,,4,model.language_model.layers.63.self_attn.o_proj,exl3,3,,,
model.language_model.layers.63.self_attn.o_proj.suh,text,model-00002-of-00002.safetensors,F16,6144,12288,model.language_model.layers.63.self_attn.o_proj,exl3,3,,,
model.language_model.layers.63.self_attn.o_proj.svh,text,model-00002-of-00002.safetensors,F16,5120,10240,model.language_model.layers.63.self_attn.o_proj,exl3,3,,,
model.language_model.layers.63.self_attn.o_proj.trellis,text,model-00002-of-00002.safetensors,I16,384x320x48,11796480,model.language_model.layers.63.self_attn.o_proj,exl3,3,6144,5120,hard-eligible; heuristic/SM-dependent
model.language_model.layers.63.self_attn.q_norm.weight,text,model-00002-of-00002.safetensors,BF16,256,512,model.language_model.layers.63.self_attn.q_norm,,,,,
model.language_model.layers.63.self_attn.q_proj.mul1,text,model-00002-of-00002.safetensors,I32,,4,model.language_model.layers.63.self_attn.q_proj,exl3,3,,,
model.language_model.layers.63.self_attn.q_proj.suh,text,model-00002-of-00002.safetensors,F16,5120,10240,model.language_model.layers.63.self_attn.q_proj,exl3,3,,,
model.language_model.layers.63.self_attn.q_proj.svh,text,model-00002-of-00002.safetensors,F16,12288,24576,model.language_model.layers.63.self_attn.q_proj,exl3,3,,,
model.language_model.layers.63.self_attn.q_proj.trellis,text,model-00002-of-00002.safetensors,I16,320x768x48,23592960,model.language_model.layers.63.self_attn.q_proj,exl3,3,5120,12288,hard-eligible; heuristic/SM-dependent
model.language_model.layers.63.self_attn.v_proj.mul1,text,model-00002-of-00002.safetensors,I32,,4,model.language_model.layers.63.self_attn.v_proj,exl3,4,,,
model.language_model.layers.63.self_attn.v_proj.suh,text,model-00002-of-00002.safetensors,F16,5120,10240,model.language_model.layers.63.self_attn.v_proj,exl3,4,,,
model.language_model.layers.63.self_attn.v_proj.svh,text,model-00002-of-00002.safetensors,F16,1024,2048,model.language_model.layers.63.self_attn.v_proj,exl3,4,,,
model.language_model.layers.63.self_attn.v_proj.trellis,text,model-00002-of-00002.safetensors,I16,320x64x64,2621440,model.language_model.layers.63.self_attn.v_proj,exl3,4,5120,1024,hard-eligible; heuristic/SM-dependent
model.language_model.layers.7.input_layernorm.weight,text,model-00001-of-00002.safetensors,BF16,5120,10240,model.language_model.layers.7.input_layernorm,,,,,
model.language_model.layers.7.mlp.down_proj.mul1,text,model-00001-of-00002.safetensors,I32,,4,model.language_model.layers.7.mlp.down_proj,exl3,3,,,
model.language_model.layers.7.mlp.down_proj.suh,text,model-00001-of-00002.safetensors,F16,17408,34816,model.language_model.layers.7.mlp.down_proj,exl3,3,,,
model.language_model.layers.7.mlp.down_proj.svh,text,model-00001-of-00002.safetensors,F16,5120,10240,model.language_model.layers.7.mlp.down_proj,exl3,3,,,
model.language_model.layers.7.mlp.down_proj.trellis,text,model-00001-of-00002.safetensors,I16,1088x320x48,33423360,model.language_model.layers.7.mlp.down_proj,exl3,3,17408,5120,hard-eligible; heuristic/SM-dependent
model.language_model.layers.7.mlp.gate_proj.mul1,text,model-00001-of-00002.safetensors,I32,,4,model.language_model.layers.7.mlp.gate_proj,exl3,3,,,
model.language_model.layers.7.mlp.gate_proj.suh,text,model-00001-of-00002.safetensors,F16,5120,10240,model.language_model.layers.7.mlp.gate_proj,exl3,3,,,
model.language_model.layers.7.mlp.gate_proj.svh,text,model-00001-of-00002.safetensors,F16,17408,34816,model.language_model.layers.7.mlp.gate_proj,exl3,3,,,
model.language_model.layers.7.mlp.gate_proj.trellis,text,model-00001-of-00002.safetensors,I16,320x1088x48,33423360,model.language_model.layers.7.mlp.gate_proj,exl3,3,5120,17408,hard-eligible; heuristic/SM-dependent
model.language_model.layers.7.mlp.up_proj.mul1,text,model-00001-of-00002.safetensors,I32,,4,model.language_model.layers.7.mlp.up_proj,exl3,3,,,
model.language_model.layers.7.mlp.up_proj.suh,text,model-00001-of-00002.safetensors,F16,5120,10240,model.language_model.layers.7.mlp.up_proj,exl3,3,,,
model.language_model.layers.7.mlp.up_proj.svh,text,model-00001-of-00002.safetensors,F16,17408,34816,model.language_model.layers.7.mlp.up_proj,exl3,3,,,
model.language_model.layers.7.mlp.up_proj.trellis,text,model-00001-of-00002.safetensors,I16,320x1088x48,33423360,model.language_model.layers.7.mlp.up_proj,exl3,3,5120,17408,hard-eligible; heuristic/SM-dependent
model.language_model.layers.7.post_attention_layernorm.weight,text,model-00001-of-00002.safetensors,BF16,5120,10240,model.language_model.layers.7.post_attention_layernorm,,,,,
model.language_model.layers.7.self_attn.k_norm.weight,text,model-00001-of-00002.safetensors,BF16,256,512,model.language_model.layers.7.self_attn.k_norm,,,,,
model.language_model.layers.7.self_attn.k_proj.mul1,text,model-00001-of-00002.safetensors,I32,,4,model.language_model.layers.7.self_attn.k_proj,exl3,4,,,
model.language_model.layers.7.self_attn.k_proj.suh,text,model-00001-of-00002.safetensors,F16,5120,10240,model.language_model.layers.7.self_attn.k_proj,exl3,4,,,
model.language_model.layers.7.self_attn.k_proj.svh,text,model-00001-of-00002.safetensors,F16,1024,2048,model.language_model.layers.7.self_attn.k_proj,exl3,4,,,
model.language_model.layers.7.self_attn.k_proj.trellis,text,model-00001-of-00002.safetensors,I16,320x64x64,2621440,model.language_model.layers.7.self_attn.k_proj,exl3,4,5120,1024,hard-eligible; heuristic/SM-dependent
model.language_model.layers.7.self_attn.o_proj.mul1,text,model-00001-of-00002.safetensors,I32,,4,model.language_model.layers.7.self_attn.o_proj,exl3,3,,,
model.language_model.layers.7.self_attn.o_proj.suh,text,model-00001-of-00002.safetensors,F16,6144,12288,model.language_model.layers.7.self_attn.o_proj,exl3,3,,,
model.language_model.layers.7.self_attn.o_proj.svh,text,model-00001-of-00002.safetensors,F16,5120,10240,model.language_model.layers.7.self_attn.o_proj,exl3,3,,,
model.language_model.layers.7.self_attn.o_proj.trellis,text,model-00001-of-00002.safetensors,I16,384x320x48,11796480,model.language_model.layers.7.self_attn.o_proj,exl3,3,6144,5120,hard-eligible; heuristic/SM-dependent
model.language_model.layers.7.self_attn.q_norm.weight,text,model-00001-of-00002.safetensors,BF16,256,512,model.language_model.layers.7.self_attn.q_norm,,,,,
model.language_model.layers.7.self_attn.q_proj.mul1,text,model-00001-of-00002.safetensors,I32,,4,model.language_model.layers.7.self_attn.q_proj,exl3,3,,,
model.language_model.layers.7.self_attn.q_proj.suh,text,model-00001-of-00002.safetensors,F16,5120,10240,model.language_model.layers.7.self_attn.q_proj,exl3,3,,,
model.language_model.layers.7.self_attn.q_proj.svh,text,model-00001-of-00002.safetensors,F16,12288,24576,model.language_model.layers.7.self_attn.q_proj,exl3,3,,,
model.language_model.layers.7.self_attn.q_proj.trellis,text,model-00001-of-00002.safetensors,I16,320x768x48,23592960,model.language_model.layers.7.self_attn.q_proj,exl3,3,5120,12288,hard-eligible; heuristic/SM-dependent
model.language_model.layers.7.self_attn.v_proj.mul1,text,model-00001-of-00002.safetensors,I32,,4,model.language_model.layers.7.self_attn.v_proj,exl3,4,,,
model.language_model.layers.7.self_attn.v_proj.suh,text,model-00001-of-00002.safetensors,F16,5120,10240,model.language_model.layers.7.self_attn.v_proj,exl3,4,,,
model.language_model.layers.7.self_attn.v_proj.svh,text,model-00001-of-00002.safetensors,F16,1024,2048,model.language_model.layers.7.self_attn.v_proj,exl3,4,,,
model.language_model.layers.7.self_attn.v_proj.trellis,text,model-00001-of-00002.safetensors,I16,320x64x64,2621440,model.language_model.layers.7.self_attn.v_proj,exl3,4,5120,1024,hard-eligible; heuristic/SM-dependent
model.language_model.layers.8.input_layernorm.weight,text,model-00001-of-00002.safetensors,BF16,5120,10240,model.language_model.layers.8.input_layernorm,,,,,
model.language_model.layers.8.linear_attn.A_log,text,model-00001-of-00002.safetensors,BF16,48,96,,,,,,
model.language_model.layers.8.linear_attn.conv1d.weight,text,model-00001-of-00002.safetensors,BF16,10240x1x4,81920,,,,,,
model.language_model.layers.8.linear_attn.dt_bias,text,model-00001-of-00002.safetensors,BF16,48,96,,,,,,
model.language_model.layers.8.linear_attn.in_proj_a.weight,text,model-00001-of-00002.safetensors,F16,48x5120,491520,model.language_model.layers.8.linear_attn.in_proj_a,,,,,
model.language_model.layers.8.linear_attn.in_proj_b.weight,text,model-00001-of-00002.safetensors,F16,48x5120,491520,model.language_model.layers.8.linear_attn.in_proj_b,,,,,
model.language_model.layers.8.linear_attn.in_proj_qkv.mul1,text,model-00001-of-00002.safetensors,I32,,4,model.language_model.layers.8.linear_attn.in_proj_qkv,exl3,3,,,
model.language_model.layers.8.linear_attn.in_proj_qkv.suh,text,model-00001-of-00002.safetensors,F16,5120,10240,model.language_model.layers.8.linear_attn.in_proj_qkv,exl3,3,,,
model.language_model.layers.8.linear_attn.in_proj_qkv.svh,text,model-00001-of-00002.safetensors,F16,10240,20480,model.language_model.layers.8.linear_attn.in_proj_qkv,exl3,3,,,
model.language_model.layers.8.linear_attn.in_proj_qkv.trellis,text,model-00001-of-00002.safetensors,I16,320x640x48,19660800,model.language_model.layers.8.linear_attn.in_proj_qkv,exl3,3,5120,10240,hard-eligible; heuristic/SM-dependent
model.language_model.layers.8.linear_attn.in_proj_z.mul1,text,model-00001-of-00002.safetensors,I32,,4,model.language_model.layers.8.linear_attn.in_proj_z,exl3,4,,,
model.language_model.layers.8.linear_attn.in_proj_z.suh,text,model-00001-of-00002.safetensors,F16,5120,10240,model.language_model.layers.8.linear_attn.in_proj_z,exl3,4,,,
model.language_model.layers.8.linear_attn.in_proj_z.svh,text,model-00001-of-00002.safetensors,F16,6144,12288,model.language_model.layers.8.linear_attn.in_proj_z,exl3,4,,,
model.language_model.layers.8.linear_attn.in_proj_z.trellis,text,model-00001-of-00002.safetensors,I16,320x384x64,15728640,model.language_model.layers.8.linear_attn.in_proj_z,exl3,4,5120,6144,hard-eligible; heuristic/SM-dependent
model.language_model.layers.8.linear_attn.norm.weight,text,model-00001-of-00002.safetensors,BF16,128,256,model.language_model.layers.8.linear_attn.norm,,,,,
model.language_model.layers.8.linear_attn.out_proj.mul1,text,model-00001-of-00002.safetensors,I32,,4,model.language_model.layers.8.linear_attn.out_proj,exl3,3,,,
model.language_model.layers.8.linear_attn.out_proj.suh,text,model-00001-of-00002.safetensors,F16,6144,12288,model.language_model.layers.8.linear_attn.out_proj,exl3,3,,,
model.language_model.layers.8.linear_attn.out_proj.svh,text,model-00001-of-00002.safetensors,F16,5120,10240,model.language_model.layers.8.linear_attn.out_proj,exl3,3,,,
model.language_model.layers.8.linear_attn.out_proj.trellis,text,model-00001-of-00002.safetensors,I16,384x320x48,11796480,model.language_model.layers.8.linear_attn.out_proj,exl3,3,6144,5120,hard-eligible; heuristic/SM-dependent
model.language_model.layers.8.mlp.down_proj.mul1,text,model-00001-of-00002.safetensors,I32,,4,model.language_model.layers.8.mlp.down_proj,exl3,3,,,
model.language_model.layers.8.mlp.down_proj.suh,text,model-00001-of-00002.safetensors,F16,17408,34816,model.language_model.layers.8.mlp.down_proj,exl3,3,,,
model.language_model.layers.8.mlp.down_proj.svh,text,model-00001-of-00002.safetensors,F16,5120,10240,model.language_model.layers.8.mlp.down_proj,exl3,3,,,
model.language_model.layers.8.mlp.down_proj.trellis,text,model-00001-of-00002.safetensors,I16,1088x320x48,33423360,model.language_model.layers.8.mlp.down_proj,exl3,3,17408,5120,hard-eligible; heuristic/SM-dependent
model.language_model.layers.8.mlp.gate_proj.mul1,text,model-00001-of-00002.safetensors,I32,,4,model.language_model.layers.8.mlp.gate_proj,exl3,3,,,
model.language_model.layers.8.mlp.gate_proj.suh,text,model-00001-of-00002.safetensors,F16,5120,10240,model.language_model.layers.8.mlp.gate_proj,exl3,3,,,
model.language_model.layers.8.mlp.gate_proj.svh,text,model-00001-of-00002.safetensors,F16,17408,34816,model.language_model.layers.8.mlp.gate_proj,exl3,3,,,
model.language_model.layers.8.mlp.gate_proj.trellis,text,model-00001-of-00002.safetensors,I16,320x1088x48,33423360,model.language_model.layers.8.mlp.gate_proj,exl3,3,5120,17408,hard-eligible; heuristic/SM-dependent
model.language_model.layers.8.mlp.up_proj.mul1,text,model-00001-of-00002.safetensors,I32,,4,model.language_model.layers.8.mlp.up_proj,exl3,3,,,
model.language_model.layers.8.mlp.up_proj.suh,text,model-00001-of-00002.safetensors,F16,5120,10240,model.language_model.layers.8.mlp.up_proj,exl3,3,,,
model.language_model.layers.8.mlp.up_proj.svh,text,model-00001-of-00002.safetensors,F16,17408,34816,model.language_model.layers.8.mlp.up_proj,exl3,3,,,
model.language_model.layers.8.mlp.up_proj.trellis,text,model-00001-of-00002.safetensors,I16,320x1088x48,33423360,model.language_model.layers.8.mlp.up_proj,exl3,3,5120,17408,hard-eligible; heuristic/SM-dependent
model.language_model.layers.8.post_attention_layernorm.weight,text,model-00001-of-00002.safetensors,BF16,5120,10240,model.language_model.layers.8.post_attention_layernorm,,,,,
model.language_model.layers.9.input_layernorm.weight,text,model-00001-of-00002.safetensors,BF16,5120,10240,model.language_model.layers.9.input_layernorm,,,,,
model.language_model.layers.9.linear_attn.A_log,text,model-00001-of-00002.safetensors,BF16,48,96,,,,,,
model.language_model.layers.9.linear_attn.conv1d.weight,text,model-00001-of-00002.safetensors,BF16,10240x1x4,81920,,,,,,
model.language_model.layers.9.linear_attn.dt_bias,text,model-00001-of-00002.safetensors,BF16,48,96,,,,,,
model.language_model.layers.9.linear_attn.in_proj_a.weight,text,model-00001-of-00002.safetensors,F16,48x5120,491520,model.language_model.layers.9.linear_attn.in_proj_a,,,,,
model.language_model.layers.9.linear_attn.in_proj_b.weight,text,model-00001-of-00002.safetensors,F16,48x5120,491520,model.language_model.layers.9.linear_attn.in_proj_b,,,,,
model.language_model.layers.9.linear_attn.in_proj_qkv.mul1,text,model-00001-of-00002.safetensors,I32,,4,model.language_model.layers.9.linear_attn.in_proj_qkv,exl3,3,,,
model.language_model.layers.9.linear_attn.in_proj_qkv.suh,text,model-00001-of-00002.safetensors,F16,5120,10240,model.language_model.layers.9.linear_attn.in_proj_qkv,exl3,3,,,
model.language_model.layers.9.linear_attn.in_proj_qkv.svh,text,model-00001-of-00002.safetensors,F16,10240,20480,model.language_model.layers.9.linear_attn.in_proj_qkv,exl3,3,,,
model.language_model.layers.9.linear_attn.in_proj_qkv.trellis,text,model-00001-of-00002.safetensors,I16,320x640x48,19660800,model.language_model.layers.9.linear_attn.in_proj_qkv,exl3,3,5120,10240,hard-eligible; heuristic/SM-dependent
model.language_model.layers.9.linear_attn.in_proj_z.mul1,text,model-00001-of-00002.safetensors,I32,,4,model.language_model.layers.9.linear_attn.in_proj_z,exl3,3,,,
model.language_model.layers.9.linear_attn.in_proj_z.suh,text,model-00001-of-00002.safetensors,F16,5120,10240,model.language_model.layers.9.linear_attn.in_proj_z,exl3,3,,,
model.language_model.layers.9.linear_attn.in_proj_z.svh,text,model-00001-of-00002.safetensors,F16,6144,12288,model.language_model.layers.9.linear_attn.in_proj_z,exl3,3,,,
model.language_model.layers.9.linear_attn.in_proj_z.trellis,text,model-00001-of-00002.safetensors,I16,320x384x48,11796480,model.language_model.layers.9.linear_attn.in_proj_z,exl3,3,5120,6144,hard-eligible; heuristic/SM-dependent
model.language_model.layers.9.linear_attn.norm.weight,text,model-00001-of-00002.safetensors,BF16,128,256,model.language_model.layers.9.linear_attn.norm,,,,,
model.language_model.layers.9.linear_attn.out_proj.mul1,text,model-00001-of-00002.safetensors,I32,,4,model.language_model.layers.9.linear_attn.out_proj,exl3,3,,,
model.language_model.layers.9.linear_attn.out_proj.suh,text,model-00001-of-00002.safetensors,F16,6144,12288,model.language_model.layers.9.linear_attn.out_proj,exl3,3,,,
model.language_model.layers.9.linear_attn.out_proj.svh,text,model-00001-of-00002.safetensors,F16,5120,10240,model.language_model.layers.9.linear_attn.out_proj,exl3,3,,,
model.language_model.layers.9.linear_attn.out_proj.trellis,text,model-00001-of-00002.safetensors,I16,384x320x48,11796480,model.language_model.layers.9.linear_attn.out_proj,exl3,3,6144,5120,hard-eligible; heuristic/SM-dependent
model.language_model.layers.9.mlp.down_proj.mul1,text,model-00001-of-00002.safetensors,I32,,4,model.language_model.layers.9.mlp.down_proj,exl3,3,,,
model.language_model.layers.9.mlp.down_proj.suh,text,model-00001-of-00002.safetensors,F16,17408,34816,model.language_model.layers.9.mlp.down_proj,exl3,3,,,
model.language_model.layers.9.mlp.down_proj.svh,text,model-00001-of-00002.safetensors,F16,5120,10240,model.language_model.layers.9.mlp.down_proj,exl3,3,,,
model.language_model.layers.9.mlp.down_proj.trellis,text,model-00001-of-00002.safetensors,I16,1088x320x48,33423360,model.language_model.layers.9.mlp.down_proj,exl3,3,17408,5120,hard-eligible; heuristic/SM-dependent
model.language_model.layers.9.mlp.gate_proj.mul1,text,model-00001-of-00002.safetensors,I32,,4,model.language_model.layers.9.mlp.gate_proj,exl3,3,,,
model.language_model.layers.9.mlp.gate_proj.suh,text,model-00001-of-00002.safetensors,F16,5120,10240,model.language_model.layers.9.mlp.gate_proj,exl3,3,,,
model.language_model.layers.9.mlp.gate_proj.svh,text,model-00001-of-00002.safetensors,F16,17408,34816,model.language_model.layers.9.mlp.gate_proj,exl3,3,,,
model.language_model.layers.9.mlp.gate_proj.trellis,text,model-00001-of-00002.safetensors,I16,320x1088x48,33423360,model.language_model.layers.9.mlp.gate_proj,exl3,3,5120,17408,hard-eligible; heuristic/SM-dependent
model.language_model.layers.9.mlp.up_proj.mul1,text,model-00001-of-00002.safetensors,I32,,4,model.language_model.layers.9.mlp.up_proj,exl3,3,,,
model.language_model.layers.9.mlp.up_proj.suh,text,model-00001-of-00002.safetensors,F16,5120,10240,model.language_model.layers.9.mlp.up_proj,exl3,3,,,
model.language_model.layers.9.mlp.up_proj.svh,text,model-00001-of-00002.safetensors,F16,17408,34816,model.language_model.layers.9.mlp.up_proj,exl3,3,,,
model.language_model.layers.9.mlp.up_proj.trellis,text,model-00001-of-00002.safetensors,I16,320x1088x48,33423360,model.language_model.layers.9.mlp.up_proj,exl3,3,5120,17408,hard-eligible; heuristic/SM-dependent
model.language_model.layers.9.post_attention_layernorm.weight,text,model-00001-of-00002.safetensors,BF16,5120,10240,model.language_model.layers.9.post_attention_layernorm,,,,,
model.language_model.norm.weight,text,model-00002-of-00002.safetensors,BF16,5120,10240,model.language_model.norm,,,,,
model.visual.blocks.0.attn.k_proj.bias,vision,model-00002-of-00002.safetensors,F16,1152,2304,,,,,,
model.visual.blocks.0.attn.k_proj.mul1,vision,model-00002-of-00002.safetensors,I32,,4,,,,,,
model.visual.blocks.0.attn.k_proj.suh,vision,model-00002-of-00002.safetensors,F16,1152,2304,,,,,,
model.visual.blocks.0.attn.k_proj.svh,vision,model-00002-of-00002.safetensors,F16,1152,2304,,,,,,
model.visual.blocks.0.attn.k_proj.trellis,vision,model-00002-of-00002.safetensors,I16,72x72x64,663552,model.visual.blocks.0.attn.k_proj,exl3_header_inferred,4,1152,1152,hard-eligible; heuristic/SM-dependent
model.visual.blocks.0.attn.proj.bias,vision,model-00002-of-00002.safetensors,F16,1152,2304,,,,,,
model.visual.blocks.0.attn.proj.mul1,vision,model-00002-of-00002.safetensors,I32,,4,,,,,,
model.visual.blocks.0.attn.proj.suh,vision,model-00002-of-00002.safetensors,F16,1152,2304,,,,,,
model.visual.blocks.0.attn.proj.svh,vision,model-00002-of-00002.safetensors,F16,1152,2304,,,,,,
model.visual.blocks.0.attn.proj.trellis,vision,model-00002-of-00002.safetensors,I16,72x72x64,663552,model.visual.blocks.0.attn.proj,exl3_header_inferred,4,1152,1152,hard-eligible; heuristic/SM-dependent
model.visual.blocks.0.attn.q_proj.bias,vision,model-00002-of-00002.safetensors,F16,1152,2304,,,,,,
model.visual.blocks.0.attn.q_proj.mul1,vision,model-00002-of-00002.safetensors,I32,,4,,,,,,
model.visual.blocks.0.attn.q_proj.suh,vision,model-00002-of-00002.safetensors,F16,1152,2304,,,,,,
model.visual.blocks.0.attn.q_proj.svh,vision,model-00002-of-00002.safetensors,F16,1152,2304,,,,,,
model.visual.blocks.0.attn.q_proj.trellis,vision,model-00002-of-00002.safetensors,I16,72x72x64,663552,model.visual.blocks.0.attn.q_proj,exl3_header_inferred,4,1152,1152,hard-eligible; heuristic/SM-dependent
model.visual.blocks.0.attn.qkv.bias,vision,model-00002-of-00002.safetensors,F16,3456,6912,,,,,,
model.visual.blocks.0.attn.qkv.weight,vision,model-00002-of-00002.safetensors,F16,3456x1152,7962624,,,,,,
model.visual.blocks.0.attn.v_proj.bias,vision,model-00002-of-00002.safetensors,F16,1152,2304,,,,,,
model.visual.blocks.0.attn.v_proj.mul1,vision,model-00002-of-00002.safetensors,I32,,4,,,,,,
model.visual.blocks.0.attn.v_proj.suh,vision,model-00002-of-00002.safetensors,F16,1152,2304,,,,,,
model.visual.blocks.0.attn.v_proj.svh,vision,model-00002-of-00002.safetensors,F16,1152,2304,,,,,,
model.visual.blocks.0.attn.v_proj.trellis,vision,model-00002-of-00002.safetensors,I16,72x72x64,663552,model.visual.blocks.0.attn.v_proj,exl3_header_inferred,4,1152,1152,hard-eligible; heuristic/SM-dependent
model.visual.blocks.0.mlp.linear_fc1.bias,vision,model-00002-of-00002.safetensors,F16,4352,8704,,,,,,
model.visual.blocks.0.mlp.linear_fc1.mul1,vision,model-00002-of-00002.safetensors,I32,,4,,,,,,
model.visual.blocks.0.mlp.linear_fc1.suh,vision,model-00002-of-00002.safetensors,F16,1152,2304,,,,,,
model.visual.blocks.0.mlp.linear_fc1.svh,vision,model-00002-of-00002.safetensors,F16,4352,8704,,,,,,
model.visual.blocks.0.mlp.linear_fc1.trellis,vision,model-00002-of-00002.safetensors,I16,72x272x64,2506752,model.visual.blocks.0.mlp.linear_fc1,exl3_header_inferred,4,1152,4352,hard-eligible; heuristic/SM-dependent
model.visual.blocks.0.mlp.linear_fc2.bias,vision,model-00002-of-00002.safetensors,F16,1152,2304,,,,,,
model.visual.blocks.0.mlp.linear_fc2.mul1,vision,model-00002-of-00002.safetensors,I32,,4,,,,,,
model.visual.blocks.0.mlp.linear_fc2.suh,vision,model-00002-of-00002.safetensors,F16,4352,8704,,,,,,
model.visual.blocks.0.mlp.linear_fc2.svh,vision,model-00002-of-00002.safetensors,F16,1152,2304,,,,,,
model.visual.blocks.0.mlp.linear_fc2.trellis,vision,model-00002-of-00002.safetensors,I16,272x72x64,2506752,model.visual.blocks.0.mlp.linear_fc2,exl3_header_inferred,4,4352,1152,hard-eligible; heuristic/SM-dependent
model.visual.blocks.0.norm1.bias,vision,model-00002-of-00002.safetensors,F16,1152,2304,,,,,,
model.visual.blocks.0.norm1.weight,vision,model-00002-of-00002.safetensors,F16,1152,2304,,,,,,
model.visual.blocks.0.norm2.bias,vision,model-00002-of-00002.safetensors,F16,1152,2304,,,,,,
model.visual.blocks.0.norm2.weight,vision,model-00002-of-00002.safetensors,F16,1152,2304,,,,,,
model.visual.blocks.1.attn.k_proj.bias,vision,model-00002-of-00002.safetensors,F16,1152,2304,,,,,,
model.visual.blocks.1.attn.k_proj.mul1,vision,model-00002-of-00002.safetensors,I32,,4,,,,,,
model.visual.blocks.1.attn.k_proj.suh,vision,model-00002-of-00002.safetensors,F16,1152,2304,,,,,,
model.visual.blocks.1.attn.k_proj.svh,vision,model-00002-of-00002.safetensors,F16,1152,2304,,,,,,
model.visual.blocks.1.attn.k_proj.trellis,vision,model-00002-of-00002.safetensors,I16,72x72x64,663552,model.visual.blocks.1.attn.k_proj,exl3_header_inferred,4,1152,1152,hard-eligible; heuristic/SM-dependent
model.visual.blocks.1.attn.proj.bias,vision,model-00002-of-00002.safetensors,F16,1152,2304,,,,,,
model.visual.blocks.1.attn.proj.mul1,vision,model-00002-of-00002.safetensors,I32,,4,,,,,,
model.visual.blocks.1.attn.proj.suh,vision,model-00002-of-00002.safetensors,F16,1152,2304,,,,,,
model.visual.blocks.1.attn.proj.svh,vision,model-00002-of-00002.safetensors,F16,1152,2304,,,,,,
model.visual.blocks.1.attn.proj.trellis,vision,model-00002-of-00002.safetensors,I16,72x72x64,663552,model.visual.blocks.1.attn.proj,exl3_header_inferred,4,1152,1152,hard-eligible; heuristic/SM-dependent
model.visual.blocks.1.attn.q_proj.bias,vision,model-00002-of-00002.safetensors,F16,1152,2304,,,,,,
model.visual.blocks.1.attn.q_proj.mul1,vision,model-00002-of-00002.safetensors,I32,,4,,,,,,
model.visual.blocks.1.attn.q_proj.suh,vision,model-00002-of-00002.safetensors,F16,1152,2304,,,,,,
model.visual.blocks.1.attn.q_proj.svh,vision,model-00002-of-00002.safetensors,F16,1152,2304,,,,,,
model.visual.blocks.1.attn.q_proj.trellis,vision,model-00002-of-00002.safetensors,I16,72x72x64,663552,model.visual.blocks.1.attn.q_proj,exl3_header_inferred,4,1152,1152,hard-eligible; heuristic/SM-dependent
model.visual.blocks.1.attn.qkv.bias,vision,model-00002-of-00002.safetensors,F16,3456,6912,,,,,,
model.visual.blocks.1.attn.qkv.weight,vision,model-00002-of-00002.safetensors,F16,3456x1152,7962624,,,,,,
model.visual.blocks.1.attn.v_proj.bias,vision,model-00002-of-00002.safetensors,F16,1152,2304,,,,,,
model.visual.blocks.1.attn.v_proj.mul1,vision,model-00002-of-00002.safetensors,I32,,4,,,,,,
model.visual.blocks.1.attn.v_proj.suh,vision,model-00002-of-00002.safetensors,F16,1152,2304,,,,,,
model.visual.blocks.1.attn.v_proj.svh,vision,model-00002-of-00002.safetensors,F16,1152,2304,,,,,,
model.visual.blocks.1.attn.v_proj.trellis,vision,model-00002-of-00002.safetensors,I16,72x72x64,663552,model.visual.blocks.1.attn.v_proj,exl3_header_inferred,4,1152,1152,hard-eligible; heuristic/SM-dependent
model.visual.blocks.1.mlp.linear_fc1.bias,vision,model-00002-of-00002.safetensors,F16,4352,8704,,,,,,
model.visual.blocks.1.mlp.linear_fc1.mul1,vision,model-00002-of-00002.safetensors,I32,,4,,,,,,
model.visual.blocks.1.mlp.linear_fc1.suh,vision,model-00002-of-00002.safetensors,F16,1152,2304,,,,,,
model.visual.blocks.1.mlp.linear_fc1.svh,vision,model-00002-of-00002.safetensors,F16,4352,8704,,,,,,
model.visual.blocks.1.mlp.linear_fc1.trellis,vision,model-00002-of-00002.safetensors,I16,72x272x64,2506752,model.visual.blocks.1.mlp.linear_fc1,exl3_header_inferred,4,1152,4352,hard-eligible; heuristic/SM-dependent
model.visual.blocks.1.mlp.linear_fc2.bias,vision,model-00002-of-00002.safetensors,F16,1152,2304,,,,,,
model.visual.blocks.1.mlp.linear_fc2.mul1,vision,model-00002-of-00002.safetensors,I32,,4,,,,,,
model.visual.blocks.1.mlp.linear_fc2.suh,vision,model-00002-of-00002.safetensors,F16,4352,8704,,,,,,
model.visual.blocks.1.mlp.linear_fc2.svh,vision,model-00002-of-00002.safetensors,F16,1152,2304,,,,,,
model.visual.blocks.1.mlp.linear_fc2.trellis,vision,model-00002-of-00002.safetensors,I16,272x72x64,2506752,model.visual.blocks.1.mlp.linear_fc2,exl3_header_inferred,4,4352,1152,hard-eligible; heuristic/SM-dependent
model.visual.blocks.1.norm1.bias,vision,model-00002-of-00002.safetensors,F16,1152,2304,,,,,,
model.visual.blocks.1.norm1.weight,vision,model-00002-of-00002.safetensors,F16,1152,2304,,,,,,
model.visual.blocks.1.norm2.bias,vision,model-00002-of-00002.safetensors,F16,1152,2304,,,,,,
model.visual.blocks.1.norm2.weight,vision,model-00002-of-00002.safetensors,F16,1152,2304,,,,,,
model.visual.blocks.10.attn.k_proj.bias,vision,model-00002-of-00002.safetensors,F16,1152,2304,,,,,,
model.visual.blocks.10.attn.k_proj.mul1,vision,model-00002-of-00002.safetensors,I32,,4,,,,,,
model.visual.blocks.10.attn.k_proj.suh,vision,model-00002-of-00002.safetensors,F16,1152,2304,,,,,,
model.visual.blocks.10.attn.k_proj.svh,vision,model-00002-of-00002.safetensors,F16,1152,2304,,,,,,
model.visual.blocks.10.attn.k_proj.trellis,vision,model-00002-of-00002.safetensors,I16,72x72x64,663552,model.visual.blocks.10.attn.k_proj,exl3_header_inferred,4,1152,1152,hard-eligible; heuristic/SM-dependent
model.visual.blocks.10.attn.proj.bias,vision,model-00002-of-00002.safetensors,F16,1152,2304,,,,,,
model.visual.blocks.10.attn.proj.mul1,vision,model-00002-of-00002.safetensors,I32,,4,,,,,,
model.visual.blocks.10.attn.proj.suh,vision,model-00002-of-00002.safetensors,F16,1152,2304,,,,,,
model.visual.blocks.10.attn.proj.svh,vision,model-00002-of-00002.safetensors,F16,1152,2304,,,,,,
model.visual.blocks.10.attn.proj.trellis,vision,model-00002-of-00002.safetensors,I16,72x72x64,663552,model.visual.blocks.10.attn.proj,exl3_header_inferred,4,1152,1152,hard-eligible; heuristic/SM-dependent
model.visual.blocks.10.attn.q_proj.bias,vision,model-00002-of-00002.safetensors,F16,1152,2304,,,,,,
model.visual.blocks.10.attn.q_proj.mul1,vision,model-00002-of-00002.safetensors,I32,,4,,,,,,
model.visual.blocks.10.attn.q_proj.suh,vision,model-00002-of-00002.safetensors,F16,1152,2304,,,,,,
model.visual.blocks.10.attn.q_proj.svh,vision,model-00002-of-00002.safetensors,F16,1152,2304,,,,,,
model.visual.blocks.10.attn.q_proj.trellis,vision,model-00002-of-00002.safetensors,I16,72x72x64,663552,model.visual.blocks.10.attn.q_proj,exl3_header_inferred,4,1152,1152,hard-eligible; heuristic/SM-dependent
model.visual.blocks.10.attn.qkv.bias,vision,model-00002-of-00002.safetensors,F16,3456,6912,,,,,,
model.visual.blocks.10.attn.qkv.weight,vision,model-00002-of-00002.safetensors,F16,3456x1152,7962624,,,,,,
model.visual.blocks.10.attn.v_proj.bias,vision,model-00002-of-00002.safetensors,F16,1152,2304,,,,,,
model.visual.blocks.10.attn.v_proj.mul1,vision,model-00002-of-00002.safetensors,I32,,4,,,,,,
model.visual.blocks.10.attn.v_proj.suh,vision,model-00002-of-00002.safetensors,F16,1152,2304,,,,,,
model.visual.blocks.10.attn.v_proj.svh,vision,model-00002-of-00002.safetensors,F16,1152,2304,,,,,,
model.visual.blocks.10.attn.v_proj.trellis,vision,model-00002-of-00002.safetensors,I16,72x72x64,663552,model.visual.blocks.10.attn.v_proj,exl3_header_inferred,4,1152,1152,hard-eligible; heuristic/SM-dependent
model.visual.blocks.10.mlp.linear_fc1.bias,vision,model-00002-of-00002.safetensors,F16,4352,8704,,,,,,
model.visual.blocks.10.mlp.linear_fc1.mul1,vision,model-00002-of-00002.safetensors,I32,,4,,,,,,
model.visual.blocks.10.mlp.linear_fc1.suh,vision,model-00002-of-00002.safetensors,F16,1152,2304,,,,,,
model.visual.blocks.10.mlp.linear_fc1.svh,vision,model-00002-of-00002.safetensors,F16,4352,8704,,,,,,
model.visual.blocks.10.mlp.linear_fc1.trellis,vision,model-00002-of-00002.safetensors,I16,72x272x64,2506752,model.visual.blocks.10.mlp.linear_fc1,exl3_header_inferred,4,1152,4352,hard-eligible; heuristic/SM-dependent
model.visual.blocks.10.mlp.linear_fc2.bias,vision,model-00002-of-00002.safetensors,F16,1152,2304,,,,,,
model.visual.blocks.10.mlp.linear_fc2.mul1,vision,model-00002-of-00002.safetensors,I32,,4,,,,,,
model.visual.blocks.10.mlp.linear_fc2.suh,vision,model-00002-of-00002.safetensors,F16,4352,8704,,,,,,
model.visual.blocks.10.mlp.linear_fc2.svh,vision,model-00002-of-00002.safetensors,F16,1152,2304,,,,,,
model.visual.blocks.10.mlp.linear_fc2.trellis,vision,model-00002-of-00002.safetensors,I16,272x72x64,2506752,model.visual.blocks.10.mlp.linear_fc2,exl3_header_inferred,4,4352,1152,hard-eligible; heuristic/SM-dependent
model.visual.blocks.10.norm1.bias,vision,model-00002-of-00002.safetensors,F16,1152,2304,,,,,,
model.visual.blocks.10.norm1.weight,vision,model-00002-of-00002.safetensors,F16,1152,2304,,,,,,
model.visual.blocks.10.norm2.bias,vision,model-00002-of-00002.safetensors,F16,1152,2304,,,,,,
model.visual.blocks.10.norm2.weight,vision,model-00002-of-00002.safetensors,F16,1152,2304,,,,,,
model.visual.blocks.11.attn.k_proj.bias,vision,model-00002-of-00002.safetensors,F16,1152,2304,,,,,,
model.visual.blocks.11.attn.k_proj.mul1,vision,model-00002-of-00002.safetensors,I32,,4,,,,,,
model.visual.blocks.11.attn.k_proj.suh,vision,model-00002-of-00002.safetensors,F16,1152,2304,,,,,,
model.visual.blocks.11.attn.k_proj.svh,vision,model-00002-of-00002.safetensors,F16,1152,2304,,,,,,
model.visual.blocks.11.attn.k_proj.trellis,vision,model-00002-of-00002.safetensors,I16,72x72x64,663552,model.visual.blocks.11.attn.k_proj,exl3_header_inferred,4,1152,1152,hard-eligible; heuristic/SM-dependent
model.visual.blocks.11.attn.proj.bias,vision,model-00002-of-00002.safetensors,F16,1152,2304,,,,,,
model.visual.blocks.11.attn.proj.mul1,vision,model-00002-of-00002.safetensors,I32,,4,,,,,,
model.visual.blocks.11.attn.proj.suh,vision,model-00002-of-00002.safetensors,F16,1152,2304,,,,,,
model.visual.blocks.11.attn.proj.svh,vision,model-00002-of-00002.safetensors,F16,1152,2304,,,,,,
model.visual.blocks.11.attn.proj.trellis,vision,model-00002-of-00002.safetensors,I16,72x72x64,663552,model.visual.blocks.11.attn.proj,exl3_header_inferred,4,1152,1152,hard-eligible; heuristic/SM-dependent
model.visual.blocks.11.attn.q_proj.bias,vision,model-00002-of-00002.safetensors,F16,1152,2304,,,,,,
model.visual.blocks.11.attn.q_proj.mul1,vision,model-00002-of-00002.safetensors,I32,,4,,,,,,
model.visual.blocks.11.attn.q_proj.suh,vision,model-00002-of-00002.safetensors,F16,1152,2304,,,,,,
model.visual.blocks.11.attn.q_proj.svh,vision,model-00002-of-00002.safetensors,F16,1152,2304,,,,,,
model.visual.blocks.11.attn.q_proj.trellis,vision,model-00002-of-00002.safetensors,I16,72x72x64,663552,model.visual.blocks.11.attn.q_proj,exl3_header_inferred,4,1152,1152,hard-eligible; heuristic/SM-dependent
model.visual.blocks.11.attn.qkv.bias,vision,model-00002-of-00002.safetensors,F16,3456,6912,,,,,,
model.visual.blocks.11.attn.qkv.weight,vision,model-00002-of-00002.safetensors,F16,3456x1152,7962624,,,,,,
model.visual.blocks.11.attn.v_proj.bias,vision,model-00002-of-00002.safetensors,F16,1152,2304,,,,,,
model.visual.blocks.11.attn.v_proj.mul1,vision,model-00002-of-00002.safetensors,I32,,4,,,,,,
model.visual.blocks.11.attn.v_proj.suh,vision,model-00002-of-00002.safetensors,F16,1152,2304,,,,,,
model.visual.blocks.11.attn.v_proj.svh,vision,model-00002-of-00002.safetensors,F16,1152,2304,,,,,,
model.visual.blocks.11.attn.v_proj.trellis,vision,model-00002-of-00002.safetensors,I16,72x72x64,663552,model.visual.blocks.11.attn.v_proj,exl3_header_inferred,4,1152,1152,hard-eligible; heuristic/SM-dependent
model.visual.blocks.11.mlp.linear_fc1.bias,vision,model-00002-of-00002.safetensors,F16,4352,8704,,,,,,
model.visual.blocks.11.mlp.linear_fc1.mul1,vision,model-00002-of-00002.safetensors,I32,,4,,,,,,
model.visual.blocks.11.mlp.linear_fc1.suh,vision,model-00002-of-00002.safetensors,F16,1152,2304,,,,,,
model.visual.blocks.11.mlp.linear_fc1.svh,vision,model-00002-of-00002.safetensors,F16,4352,8704,,,,,,
model.visual.blocks.11.mlp.linear_fc1.trellis,vision,model-00002-of-00002.safetensors,I16,72x272x64,2506752,model.visual.blocks.11.mlp.linear_fc1,exl3_header_inferred,4,1152,4352,hard-eligible; heuristic/SM-dependent
model.visual.blocks.11.mlp.linear_fc2.bias,vision,model-00002-of-00002.safetensors,F16,1152,2304,,,,,,
model.visual.blocks.11.mlp.linear_fc2.mul1,vision,model-00002-of-00002.safetensors,I32,,4,,,,,,
model.visual.blocks.11.mlp.linear_fc2.suh,vision,model-00002-of-00002.safetensors,F16,4352,8704,,,,,,
model.visual.blocks.11.mlp.linear_fc2.svh,vision,model-00002-of-00002.safetensors,F16,1152,2304,,,,,,
model.visual.blocks.11.mlp.linear_fc2.trellis,vision,model-00002-of-00002.safetensors,I16,272x72x64,2506752,model.visual.blocks.11.mlp.linear_fc2,exl3_header_inferred,4,4352,1152,hard-eligible; heuristic/SM-dependent
model.visual.blocks.11.norm1.bias,vision,model-00002-of-00002.safetensors,F16,1152,2304,,,,,,
model.visual.blocks.11.norm1.weight,vision,model-00002-of-00002.safetensors,F16,1152,2304,,,,,,
model.visual.blocks.11.norm2.bias,vision,model-00002-of-00002.safetensors,F16,1152,2304,,,,,,
model.visual.blocks.11.norm2.weight,vision,model-00002-of-00002.safetensors,F16,1152,2304,,,,,,
model.visual.blocks.12.attn.k_proj.bias,vision,model-00002-of-00002.safetensors,F16,1152,2304,,,,,,
model.visual.blocks.12.attn.k_proj.mul1,vision,model-00002-of-00002.safetensors,I32,,4,,,,,,
model.visual.blocks.12.attn.k_proj.suh,vision,model-00002-of-00002.safetensors,F16,1152,2304,,,,,,
model.visual.blocks.12.attn.k_proj.svh,vision,model-00002-of-00002.safetensors,F16,1152,2304,,,,,,
model.visual.blocks.12.attn.k_proj.trellis,vision,model-00002-of-00002.safetensors,I16,72x72x64,663552,model.visual.blocks.12.attn.k_proj,exl3_header_inferred,4,1152,1152,hard-eligible; heuristic/SM-dependent
model.visual.blocks.12.attn.proj.bias,vision,model-00002-of-00002.safetensors,F16,1152,2304,,,,,,
model.visual.blocks.12.attn.proj.mul1,vision,model-00002-of-00002.safetensors,I32,,4,,,,,,
model.visual.blocks.12.attn.proj.suh,vision,model-00002-of-00002.safetensors,F16,1152,2304,,,,,,
model.visual.blocks.12.attn.proj.svh,vision,model-00002-of-00002.safetensors,F16,1152,2304,,,,,,
model.visual.blocks.12.attn.proj.trellis,vision,model-00002-of-00002.safetensors,I16,72x72x64,663552,model.visual.blocks.12.attn.proj,exl3_header_inferred,4,1152,1152,hard-eligible; heuristic/SM-dependent
model.visual.blocks.12.attn.q_proj.bias,vision,model-00002-of-00002.safetensors,F16,1152,2304,,,,,,
model.visual.blocks.12.attn.q_proj.mul1,vision,model-00002-of-00002.safetensors,I32,,4,,,,,,
model.visual.blocks.12.attn.q_proj.suh,vision,model-00002-of-00002.safetensors,F16,1152,2304,,,,,,
model.visual.blocks.12.attn.q_proj.svh,vision,model-00002-of-00002.safetensors,F16,1152,2304,,,,,,
model.visual.blocks.12.attn.q_proj.trellis,vision,model-00002-of-00002.safetensors,I16,72x72x64,663552,model.visual.blocks.12.attn.q_proj,exl3_header_inferred,4,1152,1152,hard-eligible; heuristic/SM-dependent
model.visual.blocks.12.attn.qkv.bias,vision,model-00002-of-00002.safetensors,F16,3456,6912,,,,,,
model.visual.blocks.12.attn.qkv.weight,vision,model-00002-of-00002.safetensors,F16,3456x1152,7962624,,,,,,
model.visual.blocks.12.attn.v_proj.bias,vision,model-00002-of-00002.safetensors,F16,1152,2304,,,,,,
model.visual.blocks.12.attn.v_proj.mul1,vision,model-00002-of-00002.safetensors,I32,,4,,,,,,
model.visual.blocks.12.attn.v_proj.suh,vision,model-00002-of-00002.safetensors,F16,1152,2304,,,,,,
model.visual.blocks.12.attn.v_proj.svh,vision,model-00002-of-00002.safetensors,F16,1152,2304,,,,,,
model.visual.blocks.12.attn.v_proj.trellis,vision,model-00002-of-00002.safetensors,I16,72x72x64,663552,model.visual.blocks.12.attn.v_proj,exl3_header_inferred,4,1152,1152,hard-eligible; heuristic/SM-dependent
model.visual.blocks.12.mlp.linear_fc1.bias,vision,model-00002-of-00002.safetensors,F16,4352,8704,,,,,,
model.visual.blocks.12.mlp.linear_fc1.mul1,vision,model-00002-of-00002.safetensors,I32,,4,,,,,,
model.visual.blocks.12.mlp.linear_fc1.suh,vision,model-00002-of-00002.safetensors,F16,1152,2304,,,,,,
model.visual.blocks.12.mlp.linear_fc1.svh,vision,model-00002-of-00002.safetensors,F16,4352,8704,,,,,,
model.visual.blocks.12.mlp.linear_fc1.trellis,vision,model-00002-of-00002.safetensors,I16,72x272x64,2506752,model.visual.blocks.12.mlp.linear_fc1,exl3_header_inferred,4,1152,4352,hard-eligible; heuristic/SM-dependent
model.visual.blocks.12.mlp.linear_fc2.bias,vision,model-00002-of-00002.safetensors,F16,1152,2304,,,,,,
model.visual.blocks.12.mlp.linear_fc2.mul1,vision,model-00002-of-00002.safetensors,I32,,4,,,,,,
model.visual.blocks.12.mlp.linear_fc2.suh,vision,model-00002-of-00002.safetensors,F16,4352,8704,,,,,,
model.visual.blocks.12.mlp.linear_fc2.svh,vision,model-00002-of-00002.safetensors,F16,1152,2304,,,,,,
model.visual.blocks.12.mlp.linear_fc2.trellis,vision,model-00002-of-00002.safetensors,I16,272x72x64,2506752,model.visual.blocks.12.mlp.linear_fc2,exl3_header_inferred,4,4352,1152,hard-eligible; heuristic/SM-dependent
model.visual.blocks.12.norm1.bias,vision,model-00002-of-00002.safetensors,F16,1152,2304,,,,,,
model.visual.blocks.12.norm1.weight,vision,model-00002-of-00002.safetensors,F16,1152,2304,,,,,,
model.visual.blocks.12.norm2.bias,vision,model-00002-of-00002.safetensors,F16,1152,2304,,,,,,
model.visual.blocks.12.norm2.weight,vision,model-00002-of-00002.safetensors,F16,1152,2304,,,,,,
model.visual.blocks.13.attn.k_proj.bias,vision,model-00002-of-00002.safetensors,F16,1152,2304,,,,,,
model.visual.blocks.13.attn.k_proj.mul1,vision,model-00002-of-00002.safetensors,I32,,4,,,,,,
model.visual.blocks.13.attn.k_proj.suh,vision,model-00002-of-00002.safetensors,F16,1152,2304,,,,,,
model.visual.blocks.13.attn.k_proj.svh,vision,model-00002-of-00002.safetensors,F16,1152,2304,,,,,,
model.visual.blocks.13.attn.k_proj.trellis,vision,model-00002-of-00002.safetensors,I16,72x72x64,663552,model.visual.blocks.13.attn.k_proj,exl3_header_inferred,4,1152,1152,hard-eligible; heuristic/SM-dependent
model.visual.blocks.13.attn.proj.bias,vision,model-00002-of-00002.safetensors,F16,1152,2304,,,,,,
model.visual.blocks.13.attn.proj.mul1,vision,model-00002-of-00002.safetensors,I32,,4,,,,,,
model.visual.blocks.13.attn.proj.suh,vision,model-00002-of-00002.safetensors,F16,1152,2304,,,,,,
model.visual.blocks.13.attn.proj.svh,vision,model-00002-of-00002.safetensors,F16,1152,2304,,,,,,
model.visual.blocks.13.attn.proj.trellis,vision,model-00002-of-00002.safetensors,I16,72x72x64,663552,model.visual.blocks.13.attn.proj,exl3_header_inferred,4,1152,1152,hard-eligible; heuristic/SM-dependent
model.visual.blocks.13.attn.q_proj.bias,vision,model-00002-of-00002.safetensors,F16,1152,2304,,,,,,
model.visual.blocks.13.attn.q_proj.mul1,vision,model-00002-of-00002.safetensors,I32,,4,,,,,,
model.visual.blocks.13.attn.q_proj.suh,vision,model-00002-of-00002.safetensors,F16,1152,2304,,,,,,
model.visual.blocks.13.attn.q_proj.svh,vision,model-00002-of-00002.safetensors,F16,1152,2304,,,,,,
model.visual.blocks.13.attn.q_proj.trellis,vision,model-00002-of-00002.safetensors,I16,72x72x64,663552,model.visual.blocks.13.attn.q_proj,exl3_header_inferred,4,1152,1152,hard-eligible; heuristic/SM-dependent
model.visual.blocks.13.attn.qkv.bias,vision,model-00002-of-00002.safetensors,F16,3456,6912,,,,,,
model.visual.blocks.13.attn.qkv.weight,vision,model-00002-of-00002.safetensors,F16,3456x1152,7962624,,,,,,
model.visual.blocks.13.attn.v_proj.bias,vision,model-00002-of-00002.safetensors,F16,1152,2304,,,,,,
model.visual.blocks.13.attn.v_proj.mul1,vision,model-00002-of-00002.safetensors,I32,,4,,,,,,
model.visual.blocks.13.attn.v_proj.suh,vision,model-00002-of-00002.safetensors,F16,1152,2304,,,,,,
model.visual.blocks.13.attn.v_proj.svh,vision,model-00002-of-00002.safetensors,F16,1152,2304,,,,,,
model.visual.blocks.13.attn.v_proj.trellis,vision,model-00002-of-00002.safetensors,I16,72x72x64,663552,model.visual.blocks.13.attn.v_proj,exl3_header_inferred,4,1152,1152,hard-eligible; heuristic/SM-dependent
model.visual.blocks.13.mlp.linear_fc1.bias,vision,model-00002-of-00002.safetensors,F16,4352,8704,,,,,,
model.visual.blocks.13.mlp.linear_fc1.mul1,vision,model-00002-of-00002.safetensors,I32,,4,,,,,,
model.visual.blocks.13.mlp.linear_fc1.suh,vision,model-00002-of-00002.safetensors,F16,1152,2304,,,,,,
model.visual.blocks.13.mlp.linear_fc1.svh,vision,model-00002-of-00002.safetensors,F16,4352,8704,,,,,,
model.visual.blocks.13.mlp.linear_fc1.trellis,vision,model-00002-of-00002.safetensors,I16,72x272x64,2506752,model.visual.blocks.13.mlp.linear_fc1,exl3_header_inferred,4,1152,4352,hard-eligible; heuristic/SM-dependent
model.visual.blocks.13.mlp.linear_fc2.bias,vision,model-00002-of-00002.safetensors,F16,1152,2304,,,,,,
model.visual.blocks.13.mlp.linear_fc2.mul1,vision,model-00002-of-00002.safetensors,I32,,4,,,,,,
model.visual.blocks.13.mlp.linear_fc2.suh,vision,model-00002-of-00002.safetensors,F16,4352,8704,,,,,,
model.visual.blocks.13.mlp.linear_fc2.svh,vision,model-00002-of-00002.safetensors,F16,1152,2304,,,,,,
model.visual.blocks.13.mlp.linear_fc2.trellis,vision,model-00002-of-00002.safetensors,I16,272x72x64,2506752,model.visual.blocks.13.mlp.linear_fc2,exl3_header_inferred,4,4352,1152,hard-eligible; heuristic/SM-dependent
model.visual.blocks.13.norm1.bias,vision,model-00002-of-00002.safetensors,F16,1152,2304,,,,,,
model.visual.blocks.13.norm1.weight,vision,model-00002-of-00002.safetensors,F16,1152,2304,,,,,,
model.visual.blocks.13.norm2.bias,vision,model-00002-of-00002.safetensors,F16,1152,2304,,,,,,
model.visual.blocks.13.norm2.weight,vision,model-00002-of-00002.safetensors,F16,1152,2304,,,,,,
model.visual.blocks.14.attn.k_proj.bias,vision,model-00002-of-00002.safetensors,F16,1152,2304,,,,,,
model.visual.blocks.14.attn.k_proj.mul1,vision,model-00002-of-00002.safetensors,I32,,4,,,,,,
model.visual.blocks.14.attn.k_proj.suh,vision,model-00002-of-00002.safetensors,F16,1152,2304,,,,,,
model.visual.blocks.14.attn.k_proj.svh,vision,model-00002-of-00002.safetensors,F16,1152,2304,,,,,,
model.visual.blocks.14.attn.k_proj.trellis,vision,model-00002-of-00002.safetensors,I16,72x72x64,663552,model.visual.blocks.14.attn.k_proj,exl3_header_inferred,4,1152,1152,hard-eligible; heuristic/SM-dependent
model.visual.blocks.14.attn.proj.bias,vision,model-00002-of-00002.safetensors,F16,1152,2304,,,,,,
model.visual.blocks.14.attn.proj.mul1,vision,model-00002-of-00002.safetensors,I32,,4,,,,,,
model.visual.blocks.14.attn.proj.suh,vision,model-00002-of-00002.safetensors,F16,1152,2304,,,,,,
model.visual.blocks.14.attn.proj.svh,vision,model-00002-of-00002.safetensors,F16,1152,2304,,,,,,
model.visual.blocks.14.attn.proj.trellis,vision,model-00002-of-00002.safetensors,I16,72x72x64,663552,model.visual.blocks.14.attn.proj,exl3_header_inferred,4,1152,1152,hard-eligible; heuristic/SM-dependent
model.visual.blocks.14.attn.q_proj.bias,vision,model-00002-of-00002.safetensors,F16,1152,2304,,,,,,
model.visual.blocks.14.attn.q_proj.mul1,vision,model-00002-of-00002.safetensors,I32,,4,,,,,,
model.visual.blocks.14.attn.q_proj.suh,vision,model-00002-of-00002.safetensors,F16,1152,2304,,,,,,
model.visual.blocks.14.attn.q_proj.svh,vision,model-00002-of-00002.safetensors,F16,1152,2304,,,,,,
model.visual.blocks.14.attn.q_proj.trellis,vision,model-00002-of-00002.safetensors,I16,72x72x64,663552,model.visual.blocks.14.attn.q_proj,exl3_header_inferred,4,1152,1152,hard-eligible; heuristic/SM-dependent
model.visual.blocks.14.attn.qkv.bias,vision,model-00002-of-00002.safetensors,F16,3456,6912,,,,,,
model.visual.blocks.14.attn.qkv.weight,vision,model-00002-of-00002.safetensors,F16,3456x1152,7962624,,,,,,
model.visual.blocks.14.attn.v_proj.bias,vision,model-00002-of-00002.safetensors,F16,1152,2304,,,,,,
model.visual.blocks.14.attn.v_proj.mul1,vision,model-00002-of-00002.safetensors,I32,,4,,,,,,
model.visual.blocks.14.attn.v_proj.suh,vision,model-00002-of-00002.safetensors,F16,1152,2304,,,,,,
model.visual.blocks.14.attn.v_proj.svh,vision,model-00002-of-00002.safetensors,F16,1152,2304,,,,,,
model.visual.blocks.14.attn.v_proj.trellis,vision,model-00002-of-00002.safetensors,I16,72x72x64,663552,model.visual.blocks.14.attn.v_proj,exl3_header_inferred,4,1152,1152,hard-eligible; heuristic/SM-dependent
model.visual.blocks.14.mlp.linear_fc1.bias,vision,model-00002-of-00002.safetensors,F16,4352,8704,,,,,,
model.visual.blocks.14.mlp.linear_fc1.mul1,vision,model-00002-of-00002.safetensors,I32,,4,,,,,,
model.visual.blocks.14.mlp.linear_fc1.suh,vision,model-00002-of-00002.safetensors,F16,1152,2304,,,,,,
model.visual.blocks.14.mlp.linear_fc1.svh,vision,model-00002-of-00002.safetensors,F16,4352,8704,,,,,,
model.visual.blocks.14.mlp.linear_fc1.trellis,vision,model-00002-of-00002.safetensors,I16,72x272x64,2506752,model.visual.blocks.14.mlp.linear_fc1,exl3_header_inferred,4,1152,4352,hard-eligible; heuristic/SM-dependent
model.visual.blocks.14.mlp.linear_fc2.bias,vision,model-00002-of-00002.safetensors,F16,1152,2304,,,,,,
model.visual.blocks.14.mlp.linear_fc2.mul1,vision,model-00002-of-00002.safetensors,I32,,4,,,,,,
model.visual.blocks.14.mlp.linear_fc2.suh,vision,model-00002-of-00002.safetensors,F16,4352,8704,,,,,,
model.visual.blocks.14.mlp.linear_fc2.svh,vision,model-00002-of-00002.safetensors,F16,1152,2304,,,,,,
model.visual.blocks.14.mlp.linear_fc2.trellis,vision,model-00002-of-00002.safetensors,I16,272x72x64,2506752,model.visual.blocks.14.mlp.linear_fc2,exl3_header_inferred,4,4352,1152,hard-eligible; heuristic/SM-dependent
model.visual.blocks.14.norm1.bias,vision,model-00002-of-00002.safetensors,F16,1152,2304,,,,,,
model.visual.blocks.14.norm1.weight,vision,model-00002-of-00002.safetensors,F16,1152,2304,,,,,,
model.visual.blocks.14.norm2.bias,vision,model-00002-of-00002.safetensors,F16,1152,2304,,,,,,
model.visual.blocks.14.norm2.weight,vision,model-00002-of-00002.safetensors,F16,1152,2304,,,,,,
model.visual.blocks.15.attn.k_proj.bias,vision,model-00002-of-00002.safetensors,F16,1152,2304,,,,,,
model.visual.blocks.15.attn.k_proj.mul1,vision,model-00002-of-00002.safetensors,I32,,4,,,,,,
model.visual.blocks.15.attn.k_proj.suh,vision,model-00002-of-00002.safetensors,F16,1152,2304,,,,,,
model.visual.blocks.15.attn.k_proj.svh,vision,model-00002-of-00002.safetensors,F16,1152,2304,,,,,,
model.visual.blocks.15.attn.k_proj.trellis,vision,model-00002-of-00002.safetensors,I16,72x72x64,663552,model.visual.blocks.15.attn.k_proj,exl3_header_inferred,4,1152,1152,hard-eligible; heuristic/SM-dependent
model.visual.blocks.15.attn.proj.bias,vision,model-00002-of-00002.safetensors,F16,1152,2304,,,,,,
model.visual.blocks.15.attn.proj.mul1,vision,model-00002-of-00002.safetensors,I32,,4,,,,,,
model.visual.blocks.15.attn.proj.suh,vision,model-00002-of-00002.safetensors,F16,1152,2304,,,,,,
model.visual.blocks.15.attn.proj.svh,vision,model-00002-of-00002.safetensors,F16,1152,2304,,,,,,
model.visual.blocks.15.attn.proj.trellis,vision,model-00002-of-00002.safetensors,I16,72x72x64,663552,model.visual.blocks.15.attn.proj,exl3_header_inferred,4,1152,1152,hard-eligible; heuristic/SM-dependent
model.visual.blocks.15.attn.q_proj.bias,vision,model-00002-of-00002.safetensors,F16,1152,2304,,,,,,
model.visual.blocks.15.attn.q_proj.mul1,vision,model-00002-of-00002.safetensors,I32,,4,,,,,,
model.visual.blocks.15.attn.q_proj.suh,vision,model-00002-of-00002.safetensors,F16,1152,2304,,,,,,
model.visual.blocks.15.attn.q_proj.svh,vision,model-00002-of-00002.safetensors,F16,1152,2304,,,,,,
model.visual.blocks.15.attn.q_proj.trellis,vision,model-00002-of-00002.safetensors,I16,72x72x64,663552,model.visual.blocks.15.attn.q_proj,exl3_header_inferred,4,1152,1152,hard-eligible; heuristic/SM-dependent
model.visual.blocks.15.attn.qkv.bias,vision,model-00002-of-00002.safetensors,F16,3456,6912,,,,,,
model.visual.blocks.15.attn.qkv.weight,vision,model-00002-of-00002.safetensors,F16,3456x1152,7962624,,,,,,
model.visual.blocks.15.attn.v_proj.bias,vision,model-00002-of-00002.safetensors,F16,1152,2304,,,,,,
model.visual.blocks.15.attn.v_proj.mul1,vision,model-00002-of-00002.safetensors,I32,,4,,,,,,
model.visual.blocks.15.attn.v_proj.suh,vision,model-00002-of-00002.safetensors,F16,1152,2304,,,,,,
model.visual.blocks.15.attn.v_proj.svh,vision,model-00002-of-00002.safetensors,F16,1152,2304,,,,,,
model.visual.blocks.15.attn.v_proj.trellis,vision,model-00002-of-00002.safetensors,I16,72x72x64,663552,model.visual.blocks.15.attn.v_proj,exl3_header_inferred,4,1152,1152,hard-eligible; heuristic/SM-dependent
model.visual.blocks.15.mlp.linear_fc1.bias,vision,model-00002-of-00002.safetensors,F16,4352,8704,,,,,,
model.visual.blocks.15.mlp.linear_fc1.mul1,vision,model-00002-of-00002.safetensors,I32,,4,,,,,,
model.visual.blocks.15.mlp.linear_fc1.suh,vision,model-00002-of-00002.safetensors,F16,1152,2304,,,,,,
model.visual.blocks.15.mlp.linear_fc1.svh,vision,model-00002-of-00002.safetensors,F16,4352,8704,,,,,,
model.visual.blocks.15.mlp.linear_fc1.trellis,vision,model-00002-of-00002.safetensors,I16,72x272x64,2506752,model.visual.blocks.15.mlp.linear_fc1,exl3_header_inferred,4,1152,4352,hard-eligible; heuristic/SM-dependent
model.visual.blocks.15.mlp.linear_fc2.bias,vision,model-00002-of-00002.safetensors,F16,1152,2304,,,,,,
model.visual.blocks.15.mlp.linear_fc2.mul1,vision,model-00002-of-00002.safetensors,I32,,4,,,,,,
model.visual.blocks.15.mlp.linear_fc2.suh,vision,model-00002-of-00002.safetensors,F16,4352,8704,,,,,,
model.visual.blocks.15.mlp.linear_fc2.svh,vision,model-00002-of-00002.safetensors,F16,1152,2304,,,,,,
model.visual.blocks.15.mlp.linear_fc2.trellis,vision,model-00002-of-00002.safetensors,I16,272x72x64,2506752,model.visual.blocks.15.mlp.linear_fc2,exl3_header_inferred,4,4352,1152,hard-eligible; heuristic/SM-dependent
model.visual.blocks.15.norm1.bias,vision,model-00002-of-00002.safetensors,F16,1152,2304,,,,,,
model.visual.blocks.15.norm1.weight,vision,model-00002-of-00002.safetensors,F16,1152,2304,,,,,,
model.visual.blocks.15.norm2.bias,vision,model-00002-of-00002.safetensors,F16,1152,2304,,,,,,
model.visual.blocks.15.norm2.weight,vision,model-00002-of-00002.safetensors,F16,1152,2304,,,,,,
model.visual.blocks.16.attn.k_proj.bias,vision,model-00002-of-00002.safetensors,F16,1152,2304,,,,,,
model.visual.blocks.16.attn.k_proj.mul1,vision,model-00002-of-00002.safetensors,I32,,4,,,,,,
model.visual.blocks.16.attn.k_proj.suh,vision,model-00002-of-00002.safetensors,F16,1152,2304,,,,,,
model.visual.blocks.16.attn.k_proj.svh,vision,model-00002-of-00002.safetensors,F16,1152,2304,,,,,,
model.visual.blocks.16.attn.k_proj.trellis,vision,model-00002-of-00002.safetensors,I16,72x72x64,663552,model.visual.blocks.16.attn.k_proj,exl3_header_inferred,4,1152,1152,hard-eligible; heuristic/SM-dependent
model.visual.blocks.16.attn.proj.bias,vision,model-00002-of-00002.safetensors,F16,1152,2304,,,,,,
model.visual.blocks.16.attn.proj.mul1,vision,model-00002-of-00002.safetensors,I32,,4,,,,,,
model.visual.blocks.16.attn.proj.suh,vision,model-00002-of-00002.safetensors,F16,1152,2304,,,,,,
model.visual.blocks.16.attn.proj.svh,vision,model-00002-of-00002.safetensors,F16,1152,2304,,,,,,
model.visual.blocks.16.attn.proj.trellis,vision,model-00002-of-00002.safetensors,I16,72x72x64,663552,model.visual.blocks.16.attn.proj,exl3_header_inferred,4,1152,1152,hard-eligible; heuristic/SM-dependent
model.visual.blocks.16.attn.q_proj.bias,vision,model-00002-of-00002.safetensors,F16,1152,2304,,,,,,
model.visual.blocks.16.attn.q_proj.mul1,vision,model-00002-of-00002.safetensors,I32,,4,,,,,,
model.visual.blocks.16.attn.q_proj.suh,vision,model-00002-of-00002.safetensors,F16,1152,2304,,,,,,
model.visual.blocks.16.attn.q_proj.svh,vision,model-00002-of-00002.safetensors,F16,1152,2304,,,,,,
model.visual.blocks.16.attn.q_proj.trellis,vision,model-00002-of-00002.safetensors,I16,72x72x64,663552,model.visual.blocks.16.attn.q_proj,exl3_header_inferred,4,1152,1152,hard-eligible; heuristic/SM-dependent
model.visual.blocks.16.attn.qkv.bias,vision,model-00002-of-00002.safetensors,F16,3456,6912,,,,,,
model.visual.blocks.16.attn.qkv.weight,vision,model-00002-of-00002.safetensors,F16,3456x1152,7962624,,,,,,
model.visual.blocks.16.attn.v_proj.bias,vision,model-00002-of-00002.safetensors,F16,1152,2304,,,,,,
model.visual.blocks.16.attn.v_proj.mul1,vision,model-00002-of-00002.safetensors,I32,,4,,,,,,
model.visual.blocks.16.attn.v_proj.suh,vision,model-00002-of-00002.safetensors,F16,1152,2304,,,,,,
model.visual.blocks.16.attn.v_proj.svh,vision,model-00002-of-00002.safetensors,F16,1152,2304,,,,,,
model.visual.blocks.16.attn.v_proj.trellis,vision,model-00002-of-00002.safetensors,I16,72x72x64,663552,model.visual.blocks.16.attn.v_proj,exl3_header_inferred,4,1152,1152,hard-eligible; heuristic/SM-dependent
model.visual.blocks.16.mlp.linear_fc1.bias,vision,model-00002-of-00002.safetensors,F16,4352,8704,,,,,,
model.visual.blocks.16.mlp.linear_fc1.mul1,vision,model-00002-of-00002.safetensors,I32,,4,,,,,,
model.visual.blocks.16.mlp.linear_fc1.suh,vision,model-00002-of-00002.safetensors,F16,1152,2304,,,,,,
model.visual.blocks.16.mlp.linear_fc1.svh,vision,model-00002-of-00002.safetensors,F16,4352,8704,,,,,,
model.visual.blocks.16.mlp.linear_fc1.trellis,vision,model-00002-of-00002.safetensors,I16,72x272x64,2506752,model.visual.blocks.16.mlp.linear_fc1,exl3_header_inferred,4,1152,4352,hard-eligible; heuristic/SM-dependent
model.visual.blocks.16.mlp.linear_fc2.bias,vision,model-00002-of-00002.safetensors,F16,1152,2304,,,,,,
model.visual.blocks.16.mlp.linear_fc2.mul1,vision,model-00002-of-00002.safetensors,I32,,4,,,,,,
model.visual.blocks.16.mlp.linear_fc2.suh,vision,model-00002-of-00002.safetensors,F16,4352,8704,,,,,,
model.visual.blocks.16.mlp.linear_fc2.svh,vision,model-00002-of-00002.safetensors,F16,1152,2304,,,,,,
model.visual.blocks.16.mlp.linear_fc2.trellis,vision,model-00002-of-00002.safetensors,I16,272x72x64,2506752,model.visual.blocks.16.mlp.linear_fc2,exl3_header_inferred,4,4352,1152,hard-eligible; heuristic/SM-dependent
model.visual.blocks.16.norm1.bias,vision,model-00002-of-00002.safetensors,F16,1152,2304,,,,,,
model.visual.blocks.16.norm1.weight,vision,model-00002-of-00002.safetensors,F16,1152,2304,,,,,,
model.visual.blocks.16.norm2.bias,vision,model-00002-of-00002.safetensors,F16,1152,2304,,,,,,
model.visual.blocks.16.norm2.weight,vision,model-00002-of-00002.safetensors,F16,1152,2304,,,,,,
model.visual.blocks.17.attn.k_proj.bias,vision,model-00002-of-00002.safetensors,F16,1152,2304,,,,,,
model.visual.blocks.17.attn.k_proj.mul1,vision,model-00002-of-00002.safetensors,I32,,4,,,,,,
model.visual.blocks.17.attn.k_proj.suh,vision,model-00002-of-00002.safetensors,F16,1152,2304,,,,,,
model.visual.blocks.17.attn.k_proj.svh,vision,model-00002-of-00002.safetensors,F16,1152,2304,,,,,,
model.visual.blocks.17.attn.k_proj.trellis,vision,model-00002-of-00002.safetensors,I16,72x72x64,663552,model.visual.blocks.17.attn.k_proj,exl3_header_inferred,4,1152,1152,hard-eligible; heuristic/SM-dependent
model.visual.blocks.17.attn.proj.bias,vision,model-00002-of-00002.safetensors,F16,1152,2304,,,,,,
model.visual.blocks.17.attn.proj.mul1,vision,model-00002-of-00002.safetensors,I32,,4,,,,,,
model.visual.blocks.17.attn.proj.suh,vision,model-00002-of-00002.safetensors,F16,1152,2304,,,,,,
model.visual.blocks.17.attn.proj.svh,vision,model-00002-of-00002.safetensors,F16,1152,2304,,,,,,
model.visual.blocks.17.attn.proj.trellis,vision,model-00002-of-00002.safetensors,I16,72x72x64,663552,model.visual.blocks.17.attn.proj,exl3_header_inferred,4,1152,1152,hard-eligible; heuristic/SM-dependent
model.visual.blocks.17.attn.q_proj.bias,vision,model-00002-of-00002.safetensors,F16,1152,2304,,,,,,
model.visual.blocks.17.attn.q_proj.mul1,vision,model-00002-of-00002.safetensors,I32,,4,,,,,,
model.visual.blocks.17.attn.q_proj.suh,vision,model-00002-of-00002.safetensors,F16,1152,2304,,,,,,
model.visual.blocks.17.attn.q_proj.svh,vision,model-00002-of-00002.safetensors,F16,1152,2304,,,,,,
model.visual.blocks.17.attn.q_proj.trellis,vision,model-00002-of-00002.safetensors,I16,72x72x64,663552,model.visual.blocks.17.attn.q_proj,exl3_header_inferred,4,1152,1152,hard-eligible; heuristic/SM-dependent
model.visual.blocks.17.attn.qkv.bias,vision,model-00002-of-00002.safetensors,F16,3456,6912,,,,,,
model.visual.blocks.17.attn.qkv.weight,vision,model-00002-of-00002.safetensors,F16,3456x1152,7962624,,,,,,
model.visual.blocks.17.attn.v_proj.bias,vision,model-00002-of-00002.safetensors,F16,1152,2304,,,,,,
model.visual.blocks.17.attn.v_proj.mul1,vision,model-00002-of-00002.safetensors,I32,,4,,,,,,
model.visual.blocks.17.attn.v_proj.suh,vision,model-00002-of-00002.safetensors,F16,1152,2304,,,,,,
model.visual.blocks.17.attn.v_proj.svh,vision,model-00002-of-00002.safetensors,F16,1152,2304,,,,,,
model.visual.blocks.17.attn.v_proj.trellis,vision,model-00002-of-00002.safetensors,I16,72x72x64,663552,model.visual.blocks.17.attn.v_proj,exl3_header_inferred,4,1152,1152,hard-eligible; heuristic/SM-dependent
model.visual.blocks.17.mlp.linear_fc1.bias,vision,model-00002-of-00002.safetensors,F16,4352,8704,,,,,,
model.visual.blocks.17.mlp.linear_fc1.mul1,vision,model-00002-of-00002.safetensors,I32,,4,,,,,,
model.visual.blocks.17.mlp.linear_fc1.suh,vision,model-00002-of-00002.safetensors,F16,1152,2304,,,,,,
model.visual.blocks.17.mlp.linear_fc1.svh,vision,model-00002-of-00002.safetensors,F16,4352,8704,,,,,,
model.visual.blocks.17.mlp.linear_fc1.trellis,vision,model-00002-of-00002.safetensors,I16,72x272x64,2506752,model.visual.blocks.17.mlp.linear_fc1,exl3_header_inferred,4,1152,4352,hard-eligible; heuristic/SM-dependent
model.visual.blocks.17.mlp.linear_fc2.bias,vision,model-00002-of-00002.safetensors,F16,1152,2304,,,,,,
model.visual.blocks.17.mlp.linear_fc2.mul1,vision,model-00002-of-00002.safetensors,I32,,4,,,,,,
model.visual.blocks.17.mlp.linear_fc2.suh,vision,model-00002-of-00002.safetensors,F16,4352,8704,,,,,,
model.visual.blocks.17.mlp.linear_fc2.svh,vision,model-00002-of-00002.safetensors,F16,1152,2304,,,,,,
model.visual.blocks.17.mlp.linear_fc2.trellis,vision,model-00002-of-00002.safetensors,I16,272x72x64,2506752,model.visual.blocks.17.mlp.linear_fc2,exl3_header_inferred,4,4352,1152,hard-eligible; heuristic/SM-dependent
model.visual.blocks.17.norm1.bias,vision,model-00002-of-00002.safetensors,F16,1152,2304,,,,,,
model.visual.blocks.17.norm1.weight,vision,model-00002-of-00002.safetensors,F16,1152,2304,,,,,,
model.visual.blocks.17.norm2.bias,vision,model-00002-of-00002.safetensors,F16,1152,2304,,,,,,
model.visual.blocks.17.norm2.weight,vision,model-00002-of-00002.safetensors,F16,1152,2304,,,,,,
model.visual.blocks.18.attn.k_proj.bias,vision,model-00002-of-00002.safetensors,F16,1152,2304,,,,,,
model.visual.blocks.18.attn.k_proj.mul1,vision,model-00002-of-00002.safetensors,I32,,4,,,,,,
model.visual.blocks.18.attn.k_proj.suh,vision,model-00002-of-00002.safetensors,F16,1152,2304,,,,,,
model.visual.blocks.18.attn.k_proj.svh,vision,model-00002-of-00002.safetensors,F16,1152,2304,,,,,,
model.visual.blocks.18.attn.k_proj.trellis,vision,model-00002-of-00002.safetensors,I16,72x72x64,663552,model.visual.blocks.18.attn.k_proj,exl3_header_inferred,4,1152,1152,hard-eligible; heuristic/SM-dependent
model.visual.blocks.18.attn.proj.bias,vision,model-00002-of-00002.safetensors,F16,1152,2304,,,,,,
model.visual.blocks.18.attn.proj.mul1,vision,model-00002-of-00002.safetensors,I32,,4,,,,,,
model.visual.blocks.18.attn.proj.suh,vision,model-00002-of-00002.safetensors,F16,1152,2304,,,,,,
model.visual.blocks.18.attn.proj.svh,vision,model-00002-of-00002.safetensors,F16,1152,2304,,,,,,
model.visual.blocks.18.attn.proj.trellis,vision,model-00002-of-00002.safetensors,I16,72x72x64,663552,model.visual.blocks.18.attn.proj,exl3_header_inferred,4,1152,1152,hard-eligible; heuristic/SM-dependent
model.visual.blocks.18.attn.q_proj.bias,vision,model-00002-of-00002.safetensors,F16,1152,2304,,,,,,
model.visual.blocks.18.attn.q_proj.mul1,vision,model-00002-of-00002.safetensors,I32,,4,,,,,,
model.visual.blocks.18.attn.q_proj.suh,vision,model-00002-of-00002.safetensors,F16,1152,2304,,,,,,
model.visual.blocks.18.attn.q_proj.svh,vision,model-00002-of-00002.safetensors,F16,1152,2304,,,,,,
model.visual.blocks.18.attn.q_proj.trellis,vision,model-00002-of-00002.safetensors,I16,72x72x64,663552,model.visual.blocks.18.attn.q_proj,exl3_header_inferred,4,1152,1152,hard-eligible; heuristic/SM-dependent
model.visual.blocks.18.attn.qkv.bias,vision,model-00002-of-00002.safetensors,F16,3456,6912,,,,,,
model.visual.blocks.18.attn.qkv.weight,vision,model-00002-of-00002.safetensors,F16,3456x1152,7962624,,,,,,
model.visual.blocks.18.attn.v_proj.bias,vision,model-00002-of-00002.safetensors,F16,1152,2304,,,,,,
model.visual.blocks.18.attn.v_proj.mul1,vision,model-00002-of-00002.safetensors,I32,,4,,,,,,
model.visual.blocks.18.attn.v_proj.suh,vision,model-00002-of-00002.safetensors,F16,1152,2304,,,,,,
model.visual.blocks.18.attn.v_proj.svh,vision,model-00002-of-00002.safetensors,F16,1152,2304,,,,,,
model.visual.blocks.18.attn.v_proj.trellis,vision,model-00002-of-00002.safetensors,I16,72x72x64,663552,model.visual.blocks.18.attn.v_proj,exl3_header_inferred,4,1152,1152,hard-eligible; heuristic/SM-dependent
model.visual.blocks.18.mlp.linear_fc1.bias,vision,model-00002-of-00002.safetensors,F16,4352,8704,,,,,,
model.visual.blocks.18.mlp.linear_fc1.mul1,vision,model-00002-of-00002.safetensors,I32,,4,,,,,,
model.visual.blocks.18.mlp.linear_fc1.suh,vision,model-00002-of-00002.safetensors,F16,1152,2304,,,,,,
model.visual.blocks.18.mlp.linear_fc1.svh,vision,model-00002-of-00002.safetensors,F16,4352,8704,,,,,,
model.visual.blocks.18.mlp.linear_fc1.trellis,vision,model-00002-of-00002.safetensors,I16,72x272x64,2506752,model.visual.blocks.18.mlp.linear_fc1,exl3_header_inferred,4,1152,4352,hard-eligible; heuristic/SM-dependent
model.visual.blocks.18.mlp.linear_fc2.bias,vision,model-00002-of-00002.safetensors,F16,1152,2304,,,,,,
model.visual.blocks.18.mlp.linear_fc2.mul1,vision,model-00002-of-00002.safetensors,I32,,4,,,,,,
model.visual.blocks.18.mlp.linear_fc2.suh,vision,model-00002-of-00002.safetensors,F16,4352,8704,,,,,,
model.visual.blocks.18.mlp.linear_fc2.svh,vision,model-00002-of-00002.safetensors,F16,1152,2304,,,,,,
model.visual.blocks.18.mlp.linear_fc2.trellis,vision,model-00002-of-00002.safetensors,I16,272x72x64,2506752,model.visual.blocks.18.mlp.linear_fc2,exl3_header_inferred,4,4352,1152,hard-eligible; heuristic/SM-dependent
model.visual.blocks.18.norm1.bias,vision,model-00002-of-00002.safetensors,F16,1152,2304,,,,,,
model.visual.blocks.18.norm1.weight,vision,model-00002-of-00002.safetensors,F16,1152,2304,,,,,,
model.visual.blocks.18.norm2.bias,vision,model-00002-of-00002.safetensors,F16,1152,2304,,,,,,
model.visual.blocks.18.norm2.weight,vision,model-00002-of-00002.safetensors,F16,1152,2304,,,,,,
model.visual.blocks.19.attn.k_proj.bias,vision,model-00002-of-00002.safetensors,F16,1152,2304,,,,,,
model.visual.blocks.19.attn.k_proj.mul1,vision,model-00002-of-00002.safetensors,I32,,4,,,,,,
model.visual.blocks.19.attn.k_proj.suh,vision,model-00002-of-00002.safetensors,F16,1152,2304,,,,,,
model.visual.blocks.19.attn.k_proj.svh,vision,model-00002-of-00002.safetensors,F16,1152,2304,,,,,,
model.visual.blocks.19.attn.k_proj.trellis,vision,model-00002-of-00002.safetensors,I16,72x72x64,663552,model.visual.blocks.19.attn.k_proj,exl3_header_inferred,4,1152,1152,hard-eligible; heuristic/SM-dependent
model.visual.blocks.19.attn.proj.bias,vision,model-00002-of-00002.safetensors,F16,1152,2304,,,,,,
model.visual.blocks.19.attn.proj.mul1,vision,model-00002-of-00002.safetensors,I32,,4,,,,,,
model.visual.blocks.19.attn.proj.suh,vision,model-00002-of-00002.safetensors,F16,1152,2304,,,,,,
model.visual.blocks.19.attn.proj.svh,vision,model-00002-of-00002.safetensors,F16,1152,2304,,,,,,
model.visual.blocks.19.attn.proj.trellis,vision,model-00002-of-00002.safetensors,I16,72x72x64,663552,model.visual.blocks.19.attn.proj,exl3_header_inferred,4,1152,1152,hard-eligible; heuristic/SM-dependent
model.visual.blocks.19.attn.q_proj.bias,vision,model-00002-of-00002.safetensors,F16,1152,2304,,,,,,
model.visual.blocks.19.attn.q_proj.mul1,vision,model-00002-of-00002.safetensors,I32,,4,,,,,,
model.visual.blocks.19.attn.q_proj.suh,vision,model-00002-of-00002.safetensors,F16,1152,2304,,,,,,
model.visual.blocks.19.attn.q_proj.svh,vision,model-00002-of-00002.safetensors,F16,1152,2304,,,,,,
model.visual.blocks.19.attn.q_proj.trellis,vision,model-00002-of-00002.safetensors,I16,72x72x64,663552,model.visual.blocks.19.attn.q_proj,exl3_header_inferred,4,1152,1152,hard-eligible; heuristic/SM-dependent
model.visual.blocks.19.attn.qkv.bias,vision,model-00002-of-00002.safetensors,F16,3456,6912,,,,,,
model.visual.blocks.19.attn.qkv.weight,vision,model-00002-of-00002.safetensors,F16,3456x1152,7962624,,,,,,
model.visual.blocks.19.attn.v_proj.bias,vision,model-00002-of-00002.safetensors,F16,1152,2304,,,,,,
model.visual.blocks.19.attn.v_proj.mul1,vision,model-00002-of-00002.safetensors,I32,,4,,,,,,
model.visual.blocks.19.attn.v_proj.suh,vision,model-00002-of-00002.safetensors,F16,1152,2304,,,,,,
model.visual.blocks.19.attn.v_proj.svh,vision,model-00002-of-00002.safetensors,F16,1152,2304,,,,,,
model.visual.blocks.19.attn.v_proj.trellis,vision,model-00002-of-00002.safetensors,I16,72x72x64,663552,model.visual.blocks.19.attn.v_proj,exl3_header_inferred,4,1152,1152,hard-eligible; heuristic/SM-dependent
model.visual.blocks.19.mlp.linear_fc1.bias,vision,model-00002-of-00002.safetensors,F16,4352,8704,,,,,,
model.visual.blocks.19.mlp.linear_fc1.mul1,vision,model-00002-of-00002.safetensors,I32,,4,,,,,,
model.visual.blocks.19.mlp.linear_fc1.suh,vision,model-00002-of-00002.safetensors,F16,1152,2304,,,,,,
model.visual.blocks.19.mlp.linear_fc1.svh,vision,model-00002-of-00002.safetensors,F16,4352,8704,,,,,,
model.visual.blocks.19.mlp.linear_fc1.trellis,vision,model-00002-of-00002.safetensors,I16,72x272x64,2506752,model.visual.blocks.19.mlp.linear_fc1,exl3_header_inferred,4,1152,4352,hard-eligible; heuristic/SM-dependent
model.visual.blocks.19.mlp.linear_fc2.bias,vision,model-00002-of-00002.safetensors,F16,1152,2304,,,,,,
model.visual.blocks.19.mlp.linear_fc2.mul1,vision,model-00002-of-00002.safetensors,I32,,4,,,,,,
model.visual.blocks.19.mlp.linear_fc2.suh,vision,model-00002-of-00002.safetensors,F16,4352,8704,,,,,,
model.visual.blocks.19.mlp.linear_fc2.svh,vision,model-00002-of-00002.safetensors,F16,1152,2304,,,,,,
model.visual.blocks.19.mlp.linear_fc2.trellis,vision,model-00002-of-00002.safetensors,I16,272x72x64,2506752,model.visual.blocks.19.mlp.linear_fc2,exl3_header_inferred,4,4352,1152,hard-eligible; heuristic/SM-dependent
model.visual.blocks.19.norm1.bias,vision,model-00002-of-00002.safetensors,F16,1152,2304,,,,,,
model.visual.blocks.19.norm1.weight,vision,model-00002-of-00002.safetensors,F16,1152,2304,,,,,,
model.visual.blocks.19.norm2.bias,vision,model-00002-of-00002.safetensors,F16,1152,2304,,,,,,
model.visual.blocks.19.norm2.weight,vision,model-00002-of-00002.safetensors,F16,1152,2304,,,,,,
model.visual.blocks.2.attn.k_proj.bias,vision,model-00002-of-00002.safetensors,F16,1152,2304,,,,,,
model.visual.blocks.2.attn.k_proj.mul1,vision,model-00002-of-00002.safetensors,I32,,4,,,,,,
model.visual.blocks.2.attn.k_proj.suh,vision,model-00002-of-00002.safetensors,F16,1152,2304,,,,,,
model.visual.blocks.2.attn.k_proj.svh,vision,model-00002-of-00002.safetensors,F16,1152,2304,,,,,,
model.visual.blocks.2.attn.k_proj.trellis,vision,model-00002-of-00002.safetensors,I16,72x72x64,663552,model.visual.blocks.2.attn.k_proj,exl3_header_inferred,4,1152,1152,hard-eligible; heuristic/SM-dependent
model.visual.blocks.2.attn.proj.bias,vision,model-00002-of-00002.safetensors,F16,1152,2304,,,,,,
model.visual.blocks.2.attn.proj.mul1,vision,model-00002-of-00002.safetensors,I32,,4,,,,,,
model.visual.blocks.2.attn.proj.suh,vision,model-00002-of-00002.safetensors,F16,1152,2304,,,,,,
model.visual.blocks.2.attn.proj.svh,vision,model-00002-of-00002.safetensors,F16,1152,2304,,,,,,
model.visual.blocks.2.attn.proj.trellis,vision,model-00002-of-00002.safetensors,I16,72x72x64,663552,model.visual.blocks.2.attn.proj,exl3_header_inferred,4,1152,1152,hard-eligible; heuristic/SM-dependent
model.visual.blocks.2.attn.q_proj.bias,vision,model-00002-of-00002.safetensors,F16,1152,2304,,,,,,
model.visual.blocks.2.attn.q_proj.mul1,vision,model-00002-of-00002.safetensors,I32,,4,,,,,,
model.visual.blocks.2.attn.q_proj.suh,vision,model-00002-of-00002.safetensors,F16,1152,2304,,,,,,
model.visual.blocks.2.attn.q_proj.svh,vision,model-00002-of-00002.safetensors,F16,1152,2304,,,,,,
model.visual.blocks.2.attn.q_proj.trellis,vision,model-00002-of-00002.safetensors,I16,72x72x64,663552,model.visual.blocks.2.attn.q_proj,exl3_header_inferred,4,1152,1152,hard-eligible; heuristic/SM-dependent
model.visual.blocks.2.attn.qkv.bias,vision,model-00002-of-00002.safetensors,F16,3456,6912,,,,,,
model.visual.blocks.2.attn.qkv.weight,vision,model-00002-of-00002.safetensors,F16,3456x1152,7962624,,,,,,
model.visual.blocks.2.attn.v_proj.bias,vision,model-00002-of-00002.safetensors,F16,1152,2304,,,,,,
model.visual.blocks.2.attn.v_proj.mul1,vision,model-00002-of-00002.safetensors,I32,,4,,,,,,
model.visual.blocks.2.attn.v_proj.suh,vision,model-00002-of-00002.safetensors,F16,1152,2304,,,,,,
model.visual.blocks.2.attn.v_proj.svh,vision,model-00002-of-00002.safetensors,F16,1152,2304,,,,,,
model.visual.blocks.2.attn.v_proj.trellis,vision,model-00002-of-00002.safetensors,I16,72x72x64,663552,model.visual.blocks.2.attn.v_proj,exl3_header_inferred,4,1152,1152,hard-eligible; heuristic/SM-dependent
model.visual.blocks.2.mlp.linear_fc1.bias,vision,model-00002-of-00002.safetensors,F16,4352,8704,,,,,,
model.visual.blocks.2.mlp.linear_fc1.mul1,vision,model-00002-of-00002.safetensors,I32,,4,,,,,,
model.visual.blocks.2.mlp.linear_fc1.suh,vision,model-00002-of-00002.safetensors,F16,1152,2304,,,,,,
model.visual.blocks.2.mlp.linear_fc1.svh,vision,model-00002-of-00002.safetensors,F16,4352,8704,,,,,,
model.visual.blocks.2.mlp.linear_fc1.trellis,vision,model-00002-of-00002.safetensors,I16,72x272x64,2506752,model.visual.blocks.2.mlp.linear_fc1,exl3_header_inferred,4,1152,4352,hard-eligible; heuristic/SM-dependent
model.visual.blocks.2.mlp.linear_fc2.bias,vision,model-00002-of-00002.safetensors,F16,1152,2304,,,,,,
model.visual.blocks.2.mlp.linear_fc2.mul1,vision,model-00002-of-00002.safetensors,I32,,4,,,,,,
model.visual.blocks.2.mlp.linear_fc2.suh,vision,model-00002-of-00002.safetensors,F16,4352,8704,,,,,,
model.visual.blocks.2.mlp.linear_fc2.svh,vision,model-00002-of-00002.safetensors,F16,1152,2304,,,,,,
model.visual.blocks.2.mlp.linear_fc2.trellis,vision,model-00002-of-00002.safetensors,I16,272x72x64,2506752,model.visual.blocks.2.mlp.linear_fc2,exl3_header_inferred,4,4352,1152,hard-eligible; heuristic/SM-dependent
model.visual.blocks.2.norm1.bias,vision,model-00002-of-00002.safetensors,F16,1152,2304,,,,,,
model.visual.blocks.2.norm1.weight,vision,model-00002-of-00002.safetensors,F16,1152,2304,,,,,,
model.visual.blocks.2.norm2.bias,vision,model-00002-of-00002.safetensors,F16,1152,2304,,,,,,
model.visual.blocks.2.norm2.weight,vision,model-00002-of-00002.safetensors,F16,1152,2304,,,,,,
model.visual.blocks.20.attn.k_proj.bias,vision,model-00002-of-00002.safetensors,F16,1152,2304,,,,,,
model.visual.blocks.20.attn.k_proj.mul1,vision,model-00002-of-00002.safetensors,I32,,4,,,,,,
model.visual.blocks.20.attn.k_proj.suh,vision,model-00002-of-00002.safetensors,F16,1152,2304,,,,,,
model.visual.blocks.20.attn.k_proj.svh,vision,model-00002-of-00002.safetensors,F16,1152,2304,,,,,,
model.visual.blocks.20.attn.k_proj.trellis,vision,model-00002-of-00002.safetensors,I16,72x72x64,663552,model.visual.blocks.20.attn.k_proj,exl3_header_inferred,4,1152,1152,hard-eligible; heuristic/SM-dependent
model.visual.blocks.20.attn.proj.bias,vision,model-00002-of-00002.safetensors,F16,1152,2304,,,,,,
model.visual.blocks.20.attn.proj.mul1,vision,model-00002-of-00002.safetensors,I32,,4,,,,,,
model.visual.blocks.20.attn.proj.suh,vision,model-00002-of-00002.safetensors,F16,1152,2304,,,,,,
model.visual.blocks.20.attn.proj.svh,vision,model-00002-of-00002.safetensors,F16,1152,2304,,,,,,
model.visual.blocks.20.attn.proj.trellis,vision,model-00002-of-00002.safetensors,I16,72x72x64,663552,model.visual.blocks.20.attn.proj,exl3_header_inferred,4,1152,1152,hard-eligible; heuristic/SM-dependent
model.visual.blocks.20.attn.q_proj.bias,vision,model-00002-of-00002.safetensors,F16,1152,2304,,,,,,
model.visual.blocks.20.attn.q_proj.mul1,vision,model-00002-of-00002.safetensors,I32,,4,,,,,,
model.visual.blocks.20.attn.q_proj.suh,vision,model-00002-of-00002.safetensors,F16,1152,2304,,,,,,
model.visual.blocks.20.attn.q_proj.svh,vision,model-00002-of-00002.safetensors,F16,1152,2304,,,,,,
model.visual.blocks.20.attn.q_proj.trellis,vision,model-00002-of-00002.safetensors,I16,72x72x64,663552,model.visual.blocks.20.attn.q_proj,exl3_header_inferred,4,1152,1152,hard-eligible; heuristic/SM-dependent
model.visual.blocks.20.attn.qkv.bias,vision,model-00002-of-00002.safetensors,F16,3456,6912,,,,,,
model.visual.blocks.20.attn.qkv.weight,vision,model-00002-of-00002.safetensors,F16,3456x1152,7962624,,,,,,
model.visual.blocks.20.attn.v_proj.bias,vision,model-00002-of-00002.safetensors,F16,1152,2304,,,,,,
model.visual.blocks.20.attn.v_proj.mul1,vision,model-00002-of-00002.safetensors,I32,,4,,,,,,
model.visual.blocks.20.attn.v_proj.suh,vision,model-00002-of-00002.safetensors,F16,1152,2304,,,,,,
model.visual.blocks.20.attn.v_proj.svh,vision,model-00002-of-00002.safetensors,F16,1152,2304,,,,,,
model.visual.blocks.20.attn.v_proj.trellis,vision,model-00002-of-00002.safetensors,I16,72x72x64,663552,model.visual.blocks.20.attn.v_proj,exl3_header_inferred,4,1152,1152,hard-eligible; heuristic/SM-dependent
model.visual.blocks.20.mlp.linear_fc1.bias,vision,model-00002-of-00002.safetensors,F16,4352,8704,,,,,,
model.visual.blocks.20.mlp.linear_fc1.mul1,vision,model-00002-of-00002.safetensors,I32,,4,,,,,,
model.visual.blocks.20.mlp.linear_fc1.suh,vision,model-00002-of-00002.safetensors,F16,1152,2304,,,,,,
model.visual.blocks.20.mlp.linear_fc1.svh,vision,model-00002-of-00002.safetensors,F16,4352,8704,,,,,,
model.visual.blocks.20.mlp.linear_fc1.trellis,vision,model-00002-of-00002.safetensors,I16,72x272x64,2506752,model.visual.blocks.20.mlp.linear_fc1,exl3_header_inferred,4,1152,4352,hard-eligible; heuristic/SM-dependent
model.visual.blocks.20.mlp.linear_fc2.bias,vision,model-00002-of-00002.safetensors,F16,1152,2304,,,,,,
model.visual.blocks.20.mlp.linear_fc2.mul1,vision,model-00002-of-00002.safetensors,I32,,4,,,,,,
model.visual.blocks.20.mlp.linear_fc2.suh,vision,model-00002-of-00002.safetensors,F16,4352,8704,,,,,,
model.visual.blocks.20.mlp.linear_fc2.svh,vision,model-00002-of-00002.safetensors,F16,1152,2304,,,,,,
model.visual.blocks.20.mlp.linear_fc2.trellis,vision,model-00002-of-00002.safetensors,I16,272x72x64,2506752,model.visual.blocks.20.mlp.linear_fc2,exl3_header_inferred,4,4352,1152,hard-eligible; heuristic/SM-dependent
model.visual.blocks.20.norm1.bias,vision,model-00002-of-00002.safetensors,F16,1152,2304,,,,,,
model.visual.blocks.20.norm1.weight,vision,model-00002-of-00002.safetensors,F16,1152,2304,,,,,,
model.visual.blocks.20.norm2.bias,vision,model-00002-of-00002.safetensors,F16,1152,2304,,,,,,
model.visual.blocks.20.norm2.weight,vision,model-00002-of-00002.safetensors,F16,1152,2304,,,,,,
model.visual.blocks.21.attn.k_proj.bias,vision,model-00002-of-00002.safetensors,F16,1152,2304,,,,,,
model.visual.blocks.21.attn.k_proj.mul1,vision,model-00002-of-00002.safetensors,I32,,4,,,,,,
model.visual.blocks.21.attn.k_proj.suh,vision,model-00002-of-00002.safetensors,F16,1152,2304,,,,,,
model.visual.blocks.21.attn.k_proj.svh,vision,model-00002-of-00002.safetensors,F16,1152,2304,,,,,,
model.visual.blocks.21.attn.k_proj.trellis,vision,model-00002-of-00002.safetensors,I16,72x72x64,663552,model.visual.blocks.21.attn.k_proj,exl3_header_inferred,4,1152,1152,hard-eligible; heuristic/SM-dependent
model.visual.blocks.21.attn.proj.bias,vision,model-00002-of-00002.safetensors,F16,1152,2304,,,,,,
model.visual.blocks.21.attn.proj.mul1,vision,model-00002-of-00002.safetensors,I32,,4,,,,,,
model.visual.blocks.21.attn.proj.suh,vision,model-00002-of-00002.safetensors,F16,1152,2304,,,,,,
model.visual.blocks.21.attn.proj.svh,vision,model-00002-of-00002.safetensors,F16,1152,2304,,,,,,
model.visual.blocks.21.attn.proj.trellis,vision,model-00002-of-00002.safetensors,I16,72x72x64,663552,model.visual.blocks.21.attn.proj,exl3_header_inferred,4,1152,1152,hard-eligible; heuristic/SM-dependent
model.visual.blocks.21.attn.q_proj.bias,vision,model-00002-of-00002.safetensors,F16,1152,2304,,,,,,
model.visual.blocks.21.attn.q_proj.mul1,vision,model-00002-of-00002.safetensors,I32,,4,,,,,,
model.visual.blocks.21.attn.q_proj.suh,vision,model-00002-of-00002.safetensors,F16,1152,2304,,,,,,
model.visual.blocks.21.attn.q_proj.svh,vision,model-00002-of-00002.safetensors,F16,1152,2304,,,,,,
model.visual.blocks.21.attn.q_proj.trellis,vision,model-00002-of-00002.safetensors,I16,72x72x64,663552,model.visual.blocks.21.attn.q_proj,exl3_header_inferred,4,1152,1152,hard-eligible; heuristic/SM-dependent
model.visual.blocks.21.attn.qkv.bias,vision,model-00002-of-00002.safetensors,F16,3456,6912,,,,,,
model.visual.blocks.21.attn.qkv.weight,vision,model-00002-of-00002.safetensors,F16,3456x1152,7962624,,,,,,
model.visual.blocks.21.attn.v_proj.bias,vision,model-00002-of-00002.safetensors,F16,1152,2304,,,,,,
model.visual.blocks.21.attn.v_proj.mul1,vision,model-00002-of-00002.safetensors,I32,,4,,,,,,
model.visual.blocks.21.attn.v_proj.suh,vision,model-00002-of-00002.safetensors,F16,1152,2304,,,,,,
model.visual.blocks.21.attn.v_proj.svh,vision,model-00002-of-00002.safetensors,F16,1152,2304,,,,,,
model.visual.blocks.21.attn.v_proj.trellis,vision,model-00002-of-00002.safetensors,I16,72x72x64,663552,model.visual.blocks.21.attn.v_proj,exl3_header_inferred,4,1152,1152,hard-eligible; heuristic/SM-dependent
model.visual.blocks.21.mlp.linear_fc1.bias,vision,model-00002-of-00002.safetensors,F16,4352,8704,,,,,,
model.visual.blocks.21.mlp.linear_fc1.mul1,vision,model-00002-of-00002.safetensors,I32,,4,,,,,,
model.visual.blocks.21.mlp.linear_fc1.suh,vision,model-00002-of-00002.safetensors,F16,1152,2304,,,,,,
model.visual.blocks.21.mlp.linear_fc1.svh,vision,model-00002-of-00002.safetensors,F16,4352,8704,,,,,,
model.visual.blocks.21.mlp.linear_fc1.trellis,vision,model-00002-of-00002.safetensors,I16,72x272x64,2506752,model.visual.blocks.21.mlp.linear_fc1,exl3_header_inferred,4,1152,4352,hard-eligible; heuristic/SM-dependent
model.visual.blocks.21.mlp.linear_fc2.bias,vision,model-00002-of-00002.safetensors,F16,1152,2304,,,,,,
model.visual.blocks.21.mlp.linear_fc2.mul1,vision,model-00002-of-00002.safetensors,I32,,4,,,,,,
model.visual.blocks.21.mlp.linear_fc2.suh,vision,model-00002-of-00002.safetensors,F16,4352,8704,,,,,,
model.visual.blocks.21.mlp.linear_fc2.svh,vision,model-00002-of-00002.safetensors,F16,1152,2304,,,,,,
model.visual.blocks.21.mlp.linear_fc2.trellis,vision,model-00002-of-00002.safetensors,I16,272x72x64,2506752,model.visual.blocks.21.mlp.linear_fc2,exl3_header_inferred,4,4352,1152,hard-eligible; heuristic/SM-dependent
model.visual.blocks.21.norm1.bias,vision,model-00002-of-00002.safetensors,F16,1152,2304,,,,,,
model.visual.blocks.21.norm1.weight,vision,model-00002-of-00002.safetensors,F16,1152,2304,,,,,,
model.visual.blocks.21.norm2.bias,vision,model-00002-of-00002.safetensors,F16,1152,2304,,,,,,
model.visual.blocks.21.norm2.weight,vision,model-00002-of-00002.safetensors,F16,1152,2304,,,,,,
model.visual.blocks.22.attn.k_proj.bias,vision,model-00002-of-00002.safetensors,F16,1152,2304,,,,,,
model.visual.blocks.22.attn.k_proj.mul1,vision,model-00002-of-00002.safetensors,I32,,4,,,,,,
model.visual.blocks.22.attn.k_proj.suh,vision,model-00002-of-00002.safetensors,F16,1152,2304,,,,,,
model.visual.blocks.22.attn.k_proj.svh,vision,model-00002-of-00002.safetensors,F16,1152,2304,,,,,,
model.visual.blocks.22.attn.k_proj.trellis,vision,model-00002-of-00002.safetensors,I16,72x72x64,663552,model.visual.blocks.22.attn.k_proj,exl3_header_inferred,4,1152,1152,hard-eligible; heuristic/SM-dependent
model.visual.blocks.22.attn.proj.bias,vision,model-00002-of-00002.safetensors,F16,1152,2304,,,,,,
model.visual.blocks.22.attn.proj.mul1,vision,model-00002-of-00002.safetensors,I32,,4,,,,,,
model.visual.blocks.22.attn.proj.suh,vision,model-00002-of-00002.safetensors,F16,1152,2304,,,,,,
model.visual.blocks.22.attn.proj.svh,vision,model-00002-of-00002.safetensors,F16,1152,2304,,,,,,
model.visual.blocks.22.attn.proj.trellis,vision,model-00002-of-00002.safetensors,I16,72x72x64,663552,model.visual.blocks.22.attn.proj,exl3_header_inferred,4,1152,1152,hard-eligible; heuristic/SM-dependent
model.visual.blocks.22.attn.q_proj.bias,vision,model-00002-of-00002.safetensors,F16,1152,2304,,,,,,
model.visual.blocks.22.attn.q_proj.mul1,vision,model-00002-of-00002.safetensors,I32,,4,,,,,,
model.visual.blocks.22.attn.q_proj.suh,vision,model-00002-of-00002.safetensors,F16,1152,2304,,,,,,
model.visual.blocks.22.attn.q_proj.svh,vision,model-00002-of-00002.safetensors,F16,1152,2304,,,,,,
model.visual.blocks.22.attn.q_proj.trellis,vision,model-00002-of-00002.safetensors,I16,72x72x64,663552,model.visual.blocks.22.attn.q_proj,exl3_header_inferred,4,1152,1152,hard-eligible; heuristic/SM-dependent
model.visual.blocks.22.attn.qkv.bias,vision,model-00002-of-00002.safetensors,F16,3456,6912,,,,,,
model.visual.blocks.22.attn.qkv.weight,vision,model-00002-of-00002.safetensors,F16,3456x1152,7962624,,,,,,
model.visual.blocks.22.attn.v_proj.bias,vision,model-00002-of-00002.safetensors,F16,1152,2304,,,,,,
model.visual.blocks.22.attn.v_proj.mul1,vision,model-00002-of-00002.safetensors,I32,,4,,,,,,
model.visual.blocks.22.attn.v_proj.suh,vision,model-00002-of-00002.safetensors,F16,1152,2304,,,,,,
model.visual.blocks.22.attn.v_proj.svh,vision,model-00002-of-00002.safetensors,F16,1152,2304,,,,,,
model.visual.blocks.22.attn.v_proj.trellis,vision,model-00002-of-00002.safetensors,I16,72x72x64,663552,model.visual.blocks.22.attn.v_proj,exl3_header_inferred,4,1152,1152,hard-eligible; heuristic/SM-dependent
model.visual.blocks.22.mlp.linear_fc1.bias,vision,model-00002-of-00002.safetensors,F16,4352,8704,,,,,,
model.visual.blocks.22.mlp.linear_fc1.mul1,vision,model-00002-of-00002.safetensors,I32,,4,,,,,,
model.visual.blocks.22.mlp.linear_fc1.suh,vision,model-00002-of-00002.safetensors,F16,1152,2304,,,,,,
model.visual.blocks.22.mlp.linear_fc1.svh,vision,model-00002-of-00002.safetensors,F16,4352,8704,,,,,,
model.visual.blocks.22.mlp.linear_fc1.trellis,vision,model-00002-of-00002.safetensors,I16,72x272x64,2506752,model.visual.blocks.22.mlp.linear_fc1,exl3_header_inferred,4,1152,4352,hard-eligible; heuristic/SM-dependent
model.visual.blocks.22.mlp.linear_fc2.bias,vision,model-00002-of-00002.safetensors,F16,1152,2304,,,,,,
model.visual.blocks.22.mlp.linear_fc2.mul1,vision,model-00002-of-00002.safetensors,I32,,4,,,,,,
model.visual.blocks.22.mlp.linear_fc2.suh,vision,model-00002-of-00002.safetensors,F16,4352,8704,,,,,,
model.visual.blocks.22.mlp.linear_fc2.svh,vision,model-00002-of-00002.safetensors,F16,1152,2304,,,,,,
model.visual.blocks.22.mlp.linear_fc2.trellis,vision,model-00002-of-00002.safetensors,I16,272x72x64,2506752,model.visual.blocks.22.mlp.linear_fc2,exl3_header_inferred,4,4352,1152,hard-eligible; heuristic/SM-dependent
model.visual.blocks.22.norm1.bias,vision,model-00002-of-00002.safetensors,F16,1152,2304,,,,,,
model.visual.blocks.22.norm1.weight,vision,model-00002-of-00002.safetensors,F16,1152,2304,,,,,,
model.visual.blocks.22.norm2.bias,vision,model-00002-of-00002.safetensors,F16,1152,2304,,,,,,
model.visual.blocks.22.norm2.weight,vision,model-00002-of-00002.safetensors,F16,1152,2304,,,,,,
model.visual.blocks.23.attn.k_proj.bias,vision,model-00002-of-00002.safetensors,F16,1152,2304,,,,,,
model.visual.blocks.23.attn.k_proj.mul1,vision,model-00002-of-00002.safetensors,I32,,4,,,,,,
model.visual.blocks.23.attn.k_proj.suh,vision,model-00002-of-00002.safetensors,F16,1152,2304,,,,,,
model.visual.blocks.23.attn.k_proj.svh,vision,model-00002-of-00002.safetensors,F16,1152,2304,,,,,,
model.visual.blocks.23.attn.k_proj.trellis,vision,model-00002-of-00002.safetensors,I16,72x72x64,663552,model.visual.blocks.23.attn.k_proj,exl3_header_inferred,4,1152,1152,hard-eligible; heuristic/SM-dependent
model.visual.blocks.23.attn.proj.bias,vision,model-00002-of-00002.safetensors,F16,1152,2304,,,,,,
model.visual.blocks.23.attn.proj.mul1,vision,model-00002-of-00002.safetensors,I32,,4,,,,,,
model.visual.blocks.23.attn.proj.suh,vision,model-00002-of-00002.safetensors,F16,1152,2304,,,,,,
model.visual.blocks.23.attn.proj.svh,vision,model-00002-of-00002.safetensors,F16,1152,2304,,,,,,
model.visual.blocks.23.attn.proj.trellis,vision,model-00002-of-00002.safetensors,I16,72x72x64,663552,model.visual.blocks.23.attn.proj,exl3_header_inferred,4,1152,1152,hard-eligible; heuristic/SM-dependent
model.visual.blocks.23.attn.q_proj.bias,vision,model-00002-of-00002.safetensors,F16,1152,2304,,,,,,
model.visual.blocks.23.attn.q_proj.mul1,vision,model-00002-of-00002.safetensors,I32,,4,,,,,,
model.visual.blocks.23.attn.q_proj.suh,vision,model-00002-of-00002.safetensors,F16,1152,2304,,,,,,
model.visual.blocks.23.attn.q_proj.svh,vision,model-00002-of-00002.safetensors,F16,1152,2304,,,,,,
model.visual.blocks.23.attn.q_proj.trellis,vision,model-00002-of-00002.safetensors,I16,72x72x64,663552,model.visual.blocks.23.attn.q_proj,exl3_header_inferred,4,1152,1152,hard-eligible; heuristic/SM-dependent
model.visual.blocks.23.attn.qkv.bias,vision,model-00002-of-00002.safetensors,F16,3456,6912,,,,,,
model.visual.blocks.23.attn.qkv.weight,vision,model-00002-of-00002.safetensors,F16,3456x1152,7962624,,,,,,
model.visual.blocks.23.attn.v_proj.bias,vision,model-00002-of-00002.safetensors,F16,1152,2304,,,,,,
model.visual.blocks.23.attn.v_proj.mul1,vision,model-00002-of-00002.safetensors,I32,,4,,,,,,
model.visual.blocks.23.attn.v_proj.suh,vision,model-00002-of-00002.safetensors,F16,1152,2304,,,,,,
model.visual.blocks.23.attn.v_proj.svh,vision,model-00002-of-00002.safetensors,F16,1152,2304,,,,,,
model.visual.blocks.23.attn.v_proj.trellis,vision,model-00002-of-00002.safetensors,I16,72x72x64,663552,model.visual.blocks.23.attn.v_proj,exl3_header_inferred,4,1152,1152,hard-eligible; heuristic/SM-dependent
model.visual.blocks.23.mlp.linear_fc1.bias,vision,model-00002-of-00002.safetensors,F16,4352,8704,,,,,,
model.visual.blocks.23.mlp.linear_fc1.mul1,vision,model-00002-of-00002.safetensors,I32,,4,,,,,,
model.visual.blocks.23.mlp.linear_fc1.suh,vision,model-00002-of-00002.safetensors,F16,1152,2304,,,,,,
model.visual.blocks.23.mlp.linear_fc1.svh,vision,model-00002-of-00002.safetensors,F16,4352,8704,,,,,,
model.visual.blocks.23.mlp.linear_fc1.trellis,vision,model-00002-of-00002.safetensors,I16,72x272x64,2506752,model.visual.blocks.23.mlp.linear_fc1,exl3_header_inferred,4,1152,4352,hard-eligible; heuristic/SM-dependent
model.visual.blocks.23.mlp.linear_fc2.bias,vision,model-00002-of-00002.safetensors,F16,1152,2304,,,,,,
model.visual.blocks.23.mlp.linear_fc2.mul1,vision,model-00002-of-00002.safetensors,I32,,4,,,,,,
model.visual.blocks.23.mlp.linear_fc2.suh,vision,model-00002-of-00002.safetensors,F16,4352,8704,,,,,,
model.visual.blocks.23.mlp.linear_fc2.svh,vision,model-00002-of-00002.safetensors,F16,1152,2304,,,,,,
model.visual.blocks.23.mlp.linear_fc2.trellis,vision,model-00002-of-00002.safetensors,I16,272x72x64,2506752,model.visual.blocks.23.mlp.linear_fc2,exl3_header_inferred,4,4352,1152,hard-eligible; heuristic/SM-dependent
model.visual.blocks.23.norm1.bias,vision,model-00002-of-00002.safetensors,F16,1152,2304,,,,,,
model.visual.blocks.23.norm1.weight,vision,model-00002-of-00002.safetensors,F16,1152,2304,,,,,,
model.visual.blocks.23.norm2.bias,vision,model-00002-of-00002.safetensors,F16,1152,2304,,,,,,
model.visual.blocks.23.norm2.weight,vision,model-00002-of-00002.safetensors,F16,1152,2304,,,,,,
model.visual.blocks.24.attn.k_proj.bias,vision,model-00002-of-00002.safetensors,F16,1152,2304,,,,,,
model.visual.blocks.24.attn.k_proj.mul1,vision,model-00002-of-00002.safetensors,I32,,4,,,,,,
model.visual.blocks.24.attn.k_proj.suh,vision,model-00002-of-00002.safetensors,F16,1152,2304,,,,,,
model.visual.blocks.24.attn.k_proj.svh,vision,model-00002-of-00002.safetensors,F16,1152,2304,,,,,,
model.visual.blocks.24.attn.k_proj.trellis,vision,model-00002-of-00002.safetensors,I16,72x72x64,663552,model.visual.blocks.24.attn.k_proj,exl3_header_inferred,4,1152,1152,hard-eligible; heuristic/SM-dependent
model.visual.blocks.24.attn.proj.bias,vision,model-00002-of-00002.safetensors,F16,1152,2304,,,,,,
model.visual.blocks.24.attn.proj.mul1,vision,model-00002-of-00002.safetensors,I32,,4,,,,,,
model.visual.blocks.24.attn.proj.suh,vision,model-00002-of-00002.safetensors,F16,1152,2304,,,,,,
model.visual.blocks.24.attn.proj.svh,vision,model-00002-of-00002.safetensors,F16,1152,2304,,,,,,
model.visual.blocks.24.attn.proj.trellis,vision,model-00002-of-00002.safetensors,I16,72x72x64,663552,model.visual.blocks.24.attn.proj,exl3_header_inferred,4,1152,1152,hard-eligible; heuristic/SM-dependent
model.visual.blocks.24.attn.q_proj.bias,vision,model-00002-of-00002.safetensors,F16,1152,2304,,,,,,
model.visual.blocks.24.attn.q_proj.mul1,vision,model-00002-of-00002.safetensors,I32,,4,,,,,,
model.visual.blocks.24.attn.q_proj.suh,vision,model-00002-of-00002.safetensors,F16,1152,2304,,,,,,
model.visual.blocks.24.attn.q_proj.svh,vision,model-00002-of-00002.safetensors,F16,1152,2304,,,,,,
model.visual.blocks.24.attn.q_proj.trellis,vision,model-00002-of-00002.safetensors,I16,72x72x64,663552,model.visual.blocks.24.attn.q_proj,exl3_header_inferred,4,1152,1152,hard-eligible; heuristic/SM-dependent
model.visual.blocks.24.attn.qkv.bias,vision,model-00002-of-00002.safetensors,F16,3456,6912,,,,,,
model.visual.blocks.24.attn.qkv.weight,vision,model-00002-of-00002.safetensors,F16,3456x1152,7962624,,,,,,
model.visual.blocks.24.attn.v_proj.bias,vision,model-00002-of-00002.safetensors,F16,1152,2304,,,,,,
model.visual.blocks.24.attn.v_proj.mul1,vision,model-00002-of-00002.safetensors,I32,,4,,,,,,
model.visual.blocks.24.attn.v_proj.suh,vision,model-00002-of-00002.safetensors,F16,1152,2304,,,,,,
model.visual.blocks.24.attn.v_proj.svh,vision,model-00002-of-00002.safetensors,F16,1152,2304,,,,,,
model.visual.blocks.24.attn.v_proj.trellis,vision,model-00002-of-00002.safetensors,I16,72x72x64,663552,model.visual.blocks.24.attn.v_proj,exl3_header_inferred,4,1152,1152,hard-eligible; heuristic/SM-dependent
model.visual.blocks.24.mlp.linear_fc1.bias,vision,model-00002-of-00002.safetensors,F16,4352,8704,,,,,,
model.visual.blocks.24.mlp.linear_fc1.mul1,vision,model-00002-of-00002.safetensors,I32,,4,,,,,,
model.visual.blocks.24.mlp.linear_fc1.suh,vision,model-00002-of-00002.safetensors,F16,1152,2304,,,,,,
model.visual.blocks.24.mlp.linear_fc1.svh,vision,model-00002-of-00002.safetensors,F16,4352,8704,,,,,,
model.visual.blocks.24.mlp.linear_fc1.trellis,vision,model-00002-of-00002.safetensors,I16,72x272x64,2506752,model.visual.blocks.24.mlp.linear_fc1,exl3_header_inferred,4,1152,4352,hard-eligible; heuristic/SM-dependent
model.visual.blocks.24.mlp.linear_fc2.bias,vision,model-00002-of-00002.safetensors,F16,1152,2304,,,,,,
model.visual.blocks.24.mlp.linear_fc2.mul1,vision,model-00002-of-00002.safetensors,I32,,4,,,,,,
model.visual.blocks.24.mlp.linear_fc2.suh,vision,model-00002-of-00002.safetensors,F16,4352,8704,,,,,,
model.visual.blocks.24.mlp.linear_fc2.svh,vision,model-00002-of-00002.safetensors,F16,1152,2304,,,,,,
model.visual.blocks.24.mlp.linear_fc2.trellis,vision,model-00002-of-00002.safetensors,I16,272x72x64,2506752,model.visual.blocks.24.mlp.linear_fc2,exl3_header_inferred,4,4352,1152,hard-eligible; heuristic/SM-dependent
model.visual.blocks.24.norm1.bias,vision,model-00002-of-00002.safetensors,F16,1152,2304,,,,,,
model.visual.blocks.24.norm1.weight,vision,model-00002-of-00002.safetensors,F16,1152,2304,,,,,,
model.visual.blocks.24.norm2.bias,vision,model-00002-of-00002.safetensors,F16,1152,2304,,,,,,
model.visual.blocks.24.norm2.weight,vision,model-00002-of-00002.safetensors,F16,1152,2304,,,,,,
model.visual.blocks.25.attn.k_proj.bias,vision,model-00002-of-00002.safetensors,F16,1152,2304,,,,,,
model.visual.blocks.25.attn.k_proj.mul1,vision,model-00002-of-00002.safetensors,I32,,4,,,,,,
model.visual.blocks.25.attn.k_proj.suh,vision,model-00002-of-00002.safetensors,F16,1152,2304,,,,,,
model.visual.blocks.25.attn.k_proj.svh,vision,model-00002-of-00002.safetensors,F16,1152,2304,,,,,,
model.visual.blocks.25.attn.k_proj.trellis,vision,model-00002-of-00002.safetensors,I16,72x72x64,663552,model.visual.blocks.25.attn.k_proj,exl3_header_inferred,4,1152,1152,hard-eligible; heuristic/SM-dependent
model.visual.blocks.25.attn.proj.bias,vision,model-00002-of-00002.safetensors,F16,1152,2304,,,,,,
model.visual.blocks.25.attn.proj.mul1,vision,model-00002-of-00002.safetensors,I32,,4,,,,,,
model.visual.blocks.25.attn.proj.suh,vision,model-00002-of-00002.safetensors,F16,1152,2304,,,,,,
model.visual.blocks.25.attn.proj.svh,vision,model-00002-of-00002.safetensors,F16,1152,2304,,,,,,
model.visual.blocks.25.attn.proj.trellis,vision,model-00002-of-00002.safetensors,I16,72x72x64,663552,model.visual.blocks.25.attn.proj,exl3_header_inferred,4,1152,1152,hard-eligible; heuristic/SM-dependent
model.visual.blocks.25.attn.q_proj.bias,vision,model-00002-of-00002.safetensors,F16,1152,2304,,,,,,
model.visual.blocks.25.attn.q_proj.mul1,vision,model-00002-of-00002.safetensors,I32,,4,,,,,,
model.visual.blocks.25.attn.q_proj.suh,vision,model-00002-of-00002.safetensors,F16,1152,2304,,,,,,
model.visual.blocks.25.attn.q_proj.svh,vision,model-00002-of-00002.safetensors,F16,1152,2304,,,,,,
model.visual.blocks.25.attn.q_proj.trellis,vision,model-00002-of-00002.safetensors,I16,72x72x64,663552,model.visual.blocks.25.attn.q_proj,exl3_header_inferred,4,1152,1152,hard-eligible; heuristic/SM-dependent
model.visual.blocks.25.attn.qkv.bias,vision,model-00002-of-00002.safetensors,F16,3456,6912,,,,,,
model.visual.blocks.25.attn.qkv.weight,vision,model-00002-of-00002.safetensors,F16,3456x1152,7962624,,,,,,
model.visual.blocks.25.attn.v_proj.bias,vision,model-00002-of-00002.safetensors,F16,1152,2304,,,,,,
model.visual.blocks.25.attn.v_proj.mul1,vision,model-00002-of-00002.safetensors,I32,,4,,,,,,
model.visual.blocks.25.attn.v_proj.suh,vision,model-00002-of-00002.safetensors,F16,1152,2304,,,,,,
model.visual.blocks.25.attn.v_proj.svh,vision,model-00002-of-00002.safetensors,F16,1152,2304,,,,,,
model.visual.blocks.25.attn.v_proj.trellis,vision,model-00002-of-00002.safetensors,I16,72x72x64,663552,model.visual.blocks.25.attn.v_proj,exl3_header_inferred,4,1152,1152,hard-eligible; heuristic/SM-dependent
model.visual.blocks.25.mlp.linear_fc1.bias,vision,model-00002-of-00002.safetensors,F16,4352,8704,,,,,,
model.visual.blocks.25.mlp.linear_fc1.mul1,vision,model-00002-of-00002.safetensors,I32,,4,,,,,,
model.visual.blocks.25.mlp.linear_fc1.suh,vision,model-00002-of-00002.safetensors,F16,1152,2304,,,,,,
model.visual.blocks.25.mlp.linear_fc1.svh,vision,model-00002-of-00002.safetensors,F16,4352,8704,,,,,,
model.visual.blocks.25.mlp.linear_fc1.trellis,vision,model-00002-of-00002.safetensors,I16,72x272x64,2506752,model.visual.blocks.25.mlp.linear_fc1,exl3_header_inferred,4,1152,4352,hard-eligible; heuristic/SM-dependent
model.visual.blocks.25.mlp.linear_fc2.bias,vision,model-00002-of-00002.safetensors,F16,1152,2304,,,,,,
model.visual.blocks.25.mlp.linear_fc2.mul1,vision,model-00002-of-00002.safetensors,I32,,4,,,,,,
model.visual.blocks.25.mlp.linear_fc2.suh,vision,model-00002-of-00002.safetensors,F16,4352,8704,,,,,,
model.visual.blocks.25.mlp.linear_fc2.svh,vision,model-00002-of-00002.safetensors,F16,1152,2304,,,,,,
model.visual.blocks.25.mlp.linear_fc2.trellis,vision,model-00002-of-00002.safetensors,I16,272x72x64,2506752,model.visual.blocks.25.mlp.linear_fc2,exl3_header_inferred,4,4352,1152,hard-eligible; heuristic/SM-dependent
model.visual.blocks.25.norm1.bias,vision,model-00002-of-00002.safetensors,F16,1152,2304,,,,,,
model.visual.blocks.25.norm1.weight,vision,model-00002-of-00002.safetensors,F16,1152,2304,,,,,,
model.visual.blocks.25.norm2.bias,vision,model-00002-of-00002.safetensors,F16,1152,2304,,,,,,
model.visual.blocks.25.norm2.weight,vision,model-00002-of-00002.safetensors,F16,1152,2304,,,,,,
model.visual.blocks.26.attn.k_proj.bias,vision,model-00002-of-00002.safetensors,F16,1152,2304,,,,,,
model.visual.blocks.26.attn.k_proj.mul1,vision,model-00002-of-00002.safetensors,I32,,4,,,,,,
model.visual.blocks.26.attn.k_proj.suh,vision,model-00002-of-00002.safetensors,F16,1152,2304,,,,,,
model.visual.blocks.26.attn.k_proj.svh,vision,model-00002-of-00002.safetensors,F16,1152,2304,,,,,,
model.visual.blocks.26.attn.k_proj.trellis,vision,model-00002-of-00002.safetensors,I16,72x72x64,663552,model.visual.blocks.26.attn.k_proj,exl3_header_inferred,4,1152,1152,hard-eligible; heuristic/SM-dependent
model.visual.blocks.26.attn.proj.bias,vision,model-00002-of-00002.safetensors,F16,1152,2304,,,,,,
model.visual.blocks.26.attn.proj.mul1,vision,model-00002-of-00002.safetensors,I32,,4,,,,,,
model.visual.blocks.26.attn.proj.suh,vision,model-00002-of-00002.safetensors,F16,1152,2304,,,,,,
model.visual.blocks.26.attn.proj.svh,vision,model-00002-of-00002.safetensors,F16,1152,2304,,,,,,
model.visual.blocks.26.attn.proj.trellis,vision,model-00002-of-00002.safetensors,I16,72x72x64,663552,model.visual.blocks.26.attn.proj,exl3_header_inferred,4,1152,1152,hard-eligible; heuristic/SM-dependent
model.visual.blocks.26.attn.q_proj.bias,vision,model-00002-of-00002.safetensors,F16,1152,2304,,,,,,
model.visual.blocks.26.attn.q_proj.mul1,vision,model-00002-of-00002.safetensors,I32,,4,,,,,,
model.visual.blocks.26.attn.q_proj.suh,vision,model-00002-of-00002.safetensors,F16,1152,2304,,,,,,
model.visual.blocks.26.attn.q_proj.svh,vision,model-00002-of-00002.safetensors,F16,1152,2304,,,,,,
model.visual.blocks.26.attn.q_proj.trellis,vision,model-00002-of-00002.safetensors,I16,72x72x64,663552,model.visual.blocks.26.attn.q_proj,exl3_header_inferred,4,1152,1152,hard-eligible; heuristic/SM-dependent
model.visual.blocks.26.attn.qkv.bias,vision,model-00002-of-00002.safetensors,F16,3456,6912,,,,,,
model.visual.blocks.26.attn.qkv.weight,vision,model-00002-of-00002.safetensors,F16,3456x1152,7962624,,,,,,
model.visual.blocks.26.attn.v_proj.bias,vision,model-00002-of-00002.safetensors,F16,1152,2304,,,,,,
model.visual.blocks.26.attn.v_proj.mul1,vision,model-00002-of-00002.safetensors,I32,,4,,,,,,
model.visual.blocks.26.attn.v_proj.suh,vision,model-00002-of-00002.safetensors,F16,1152,2304,,,,,,
model.visual.blocks.26.attn.v_proj.svh,vision,model-00002-of-00002.safetensors,F16,1152,2304,,,,,,
model.visual.blocks.26.attn.v_proj.trellis,vision,model-00002-of-00002.safetensors,I16,72x72x64,663552,model.visual.blocks.26.attn.v_proj,exl3_header_inferred,4,1152,1152,hard-eligible; heuristic/SM-dependent
model.visual.blocks.26.mlp.linear_fc1.bias,vision,model-00002-of-00002.safetensors,F16,4352,8704,,,,,,
model.visual.blocks.26.mlp.linear_fc1.mul1,vision,model-00002-of-00002.safetensors,I32,,4,,,,,,
model.visual.blocks.26.mlp.linear_fc1.suh,vision,model-00002-of-00002.safetensors,F16,1152,2304,,,,,,
model.visual.blocks.26.mlp.linear_fc1.svh,vision,model-00002-of-00002.safetensors,F16,4352,8704,,,,,,
model.visual.blocks.26.mlp.linear_fc1.trellis,vision,model-00002-of-00002.safetensors,I16,72x272x64,2506752,model.visual.blocks.26.mlp.linear_fc1,exl3_header_inferred,4,1152,4352,hard-eligible; heuristic/SM-dependent
model.visual.blocks.26.mlp.linear_fc2.bias,vision,model-00002-of-00002.safetensors,F16,1152,2304,,,,,,
model.visual.blocks.26.mlp.linear_fc2.mul1,vision,model-00002-of-00002.safetensors,I32,,4,,,,,,
model.visual.blocks.26.mlp.linear_fc2.suh,vision,model-00002-of-00002.safetensors,F16,4352,8704,,,,,,
model.visual.blocks.26.mlp.linear_fc2.svh,vision,model-00002-of-00002.safetensors,F16,1152,2304,,,,,,
model.visual.blocks.26.mlp.linear_fc2.trellis,vision,model-00002-of-00002.safetensors,I16,272x72x64,2506752,model.visual.blocks.26.mlp.linear_fc2,exl3_header_inferred,4,4352,1152,hard-eligible; heuristic/SM-dependent
model.visual.blocks.26.norm1.bias,vision,model-00002-of-00002.safetensors,F16,1152,2304,,,,,,
model.visual.blocks.26.norm1.weight,vision,model-00002-of-00002.safetensors,F16,1152,2304,,,,,,
model.visual.blocks.26.norm2.bias,vision,model-00002-of-00002.safetensors,F16,1152,2304,,,,,,
model.visual.blocks.26.norm2.weight,vision,model-00002-of-00002.safetensors,F16,1152,2304,,,,,,
model.visual.blocks.3.attn.k_proj.bias,vision,model-00002-of-00002.safetensors,F16,1152,2304,,,,,,
model.visual.blocks.3.attn.k_proj.mul1,vision,model-00002-of-00002.safetensors,I32,,4,,,,,,
model.visual.blocks.3.attn.k_proj.suh,vision,model-00002-of-00002.safetensors,F16,1152,2304,,,,,,
model.visual.blocks.3.attn.k_proj.svh,vision,model-00002-of-00002.safetensors,F16,1152,2304,,,,,,
model.visual.blocks.3.attn.k_proj.trellis,vision,model-00002-of-00002.safetensors,I16,72x72x64,663552,model.visual.blocks.3.attn.k_proj,exl3_header_inferred,4,1152,1152,hard-eligible; heuristic/SM-dependent
model.visual.blocks.3.attn.proj.bias,vision,model-00002-of-00002.safetensors,F16,1152,2304,,,,,,
model.visual.blocks.3.attn.proj.mul1,vision,model-00002-of-00002.safetensors,I32,,4,,,,,,
model.visual.blocks.3.attn.proj.suh,vision,model-00002-of-00002.safetensors,F16,1152,2304,,,,,,
model.visual.blocks.3.attn.proj.svh,vision,model-00002-of-00002.safetensors,F16,1152,2304,,,,,,
model.visual.blocks.3.attn.proj.trellis,vision,model-00002-of-00002.safetensors,I16,72x72x64,663552,model.visual.blocks.3.attn.proj,exl3_header_inferred,4,1152,1152,hard-eligible; heuristic/SM-dependent
model.visual.blocks.3.attn.q_proj.bias,vision,model-00002-of-00002.safetensors,F16,1152,2304,,,,,,
model.visual.blocks.3.attn.q_proj.mul1,vision,model-00002-of-00002.safetensors,I32,,4,,,,,,
model.visual.blocks.3.attn.q_proj.suh,vision,model-00002-of-00002.safetensors,F16,1152,2304,,,,,,
model.visual.blocks.3.attn.q_proj.svh,vision,model-00002-of-00002.safetensors,F16,1152,2304,,,,,,
model.visual.blocks.3.attn.q_proj.trellis,vision,model-00002-of-00002.safetensors,I16,72x72x64,663552,model.visual.blocks.3.attn.q_proj,exl3_header_inferred,4,1152,1152,hard-eligible; heuristic/SM-dependent
model.visual.blocks.3.attn.qkv.bias,vision,model-00002-of-00002.safetensors,F16,3456,6912,,,,,,
model.visual.blocks.3.attn.qkv.weight,vision,model-00002-of-00002.safetensors,F16,3456x1152,7962624,,,,,,
model.visual.blocks.3.attn.v_proj.bias,vision,model-00002-of-00002.safetensors,F16,1152,2304,,,,,,
model.visual.blocks.3.attn.v_proj.mul1,vision,model-00002-of-00002.safetensors,I32,,4,,,,,,
model.visual.blocks.3.attn.v_proj.suh,vision,model-00002-of-00002.safetensors,F16,1152,2304,,,,,,
model.visual.blocks.3.attn.v_proj.svh,vision,model-00002-of-00002.safetensors,F16,1152,2304,,,,,,
model.visual.blocks.3.attn.v_proj.trellis,vision,model-00002-of-00002.safetensors,I16,72x72x64,663552,model.visual.blocks.3.attn.v_proj,exl3_header_inferred,4,1152,1152,hard-eligible; heuristic/SM-dependent
model.visual.blocks.3.mlp.linear_fc1.bias,vision,model-00002-of-00002.safetensors,F16,4352,8704,,,,,,
model.visual.blocks.3.mlp.linear_fc1.mul1,vision,model-00002-of-00002.safetensors,I32,,4,,,,,,
model.visual.blocks.3.mlp.linear_fc1.suh,vision,model-00002-of-00002.safetensors,F16,1152,2304,,,,,,
model.visual.blocks.3.mlp.linear_fc1.svh,vision,model-00002-of-00002.safetensors,F16,4352,8704,,,,,,
model.visual.blocks.3.mlp.linear_fc1.trellis,vision,model-00002-of-00002.safetensors,I16,72x272x64,2506752,model.visual.blocks.3.mlp.linear_fc1,exl3_header_inferred,4,1152,4352,hard-eligible; heuristic/SM-dependent
model.visual.blocks.3.mlp.linear_fc2.bias,vision,model-00002-of-00002.safetensors,F16,1152,2304,,,,,,
model.visual.blocks.3.mlp.linear_fc2.mul1,vision,model-00002-of-00002.safetensors,I32,,4,,,,,,
model.visual.blocks.3.mlp.linear_fc2.suh,vision,model-00002-of-00002.safetensors,F16,4352,8704,,,,,,
model.visual.blocks.3.mlp.linear_fc2.svh,vision,model-00002-of-00002.safetensors,F16,1152,2304,,,,,,
model.visual.blocks.3.mlp.linear_fc2.trellis,vision,model-00002-of-00002.safetensors,I16,272x72x64,2506752,model.visual.blocks.3.mlp.linear_fc2,exl3_header_inferred,4,4352,1152,hard-eligible; heuristic/SM-dependent
model.visual.blocks.3.norm1.bias,vision,model-00002-of-00002.safetensors,F16,1152,2304,,,,,,
model.visual.blocks.3.norm1.weight,vision,model-00002-of-00002.safetensors,F16,1152,2304,,,,,,
model.visual.blocks.3.norm2.bias,vision,model-00002-of-00002.safetensors,F16,1152,2304,,,,,,
model.visual.blocks.3.norm2.weight,vision,model-00002-of-00002.safetensors,F16,1152,2304,,,,,,
model.visual.blocks.4.attn.k_proj.bias,vision,model-00002-of-00002.safetensors,F16,1152,2304,,,,,,
model.visual.blocks.4.attn.k_proj.mul1,vision,model-00002-of-00002.safetensors,I32,,4,,,,,,
model.visual.blocks.4.attn.k_proj.suh,vision,model-00002-of-00002.safetensors,F16,1152,2304,,,,,,
model.visual.blocks.4.attn.k_proj.svh,vision,model-00002-of-00002.safetensors,F16,1152,2304,,,,,,
model.visual.blocks.4.attn.k_proj.trellis,vision,model-00002-of-00002.safetensors,I16,72x72x64,663552,model.visual.blocks.4.attn.k_proj,exl3_header_inferred,4,1152,1152,hard-eligible; heuristic/SM-dependent
model.visual.blocks.4.attn.proj.bias,vision,model-00002-of-00002.safetensors,F16,1152,2304,,,,,,
model.visual.blocks.4.attn.proj.mul1,vision,model-00002-of-00002.safetensors,I32,,4,,,,,,
model.visual.blocks.4.attn.proj.suh,vision,model-00002-of-00002.safetensors,F16,1152,2304,,,,,,
model.visual.blocks.4.attn.proj.svh,vision,model-00002-of-00002.safetensors,F16,1152,2304,,,,,,
model.visual.blocks.4.attn.proj.trellis,vision,model-00002-of-00002.safetensors,I16,72x72x64,663552,model.visual.blocks.4.attn.proj,exl3_header_inferred,4,1152,1152,hard-eligible; heuristic/SM-dependent
model.visual.blocks.4.attn.q_proj.bias,vision,model-00002-of-00002.safetensors,F16,1152,2304,,,,,,
model.visual.blocks.4.attn.q_proj.mul1,vision,model-00002-of-00002.safetensors,I32,,4,,,,,,
model.visual.blocks.4.attn.q_proj.suh,vision,model-00002-of-00002.safetensors,F16,1152,2304,,,,,,
model.visual.blocks.4.attn.q_proj.svh,vision,model-00002-of-00002.safetensors,F16,1152,2304,,,,,,
model.visual.blocks.4.attn.q_proj.trellis,vision,model-00002-of-00002.safetensors,I16,72x72x64,663552,model.visual.blocks.4.attn.q_proj,exl3_header_inferred,4,1152,1152,hard-eligible; heuristic/SM-dependent
model.visual.blocks.4.attn.qkv.bias,vision,model-00002-of-00002.safetensors,F16,3456,6912,,,,,,
model.visual.blocks.4.attn.qkv.weight,vision,model-00002-of-00002.safetensors,F16,3456x1152,7962624,,,,,,
model.visual.blocks.4.attn.v_proj.bias,vision,model-00002-of-00002.safetensors,F16,1152,2304,,,,,,
model.visual.blocks.4.attn.v_proj.mul1,vision,model-00002-of-00002.safetensors,I32,,4,,,,,,
model.visual.blocks.4.attn.v_proj.suh,vision,model-00002-of-00002.safetensors,F16,1152,2304,,,,,,
model.visual.blocks.4.attn.v_proj.svh,vision,model-00002-of-00002.safetensors,F16,1152,2304,,,,,,
model.visual.blocks.4.attn.v_proj.trellis,vision,model-00002-of-00002.safetensors,I16,72x72x64,663552,model.visual.blocks.4.attn.v_proj,exl3_header_inferred,4,1152,1152,hard-eligible; heuristic/SM-dependent
model.visual.blocks.4.mlp.linear_fc1.bias,vision,model-00002-of-00002.safetensors,F16,4352,8704,,,,,,
model.visual.blocks.4.mlp.linear_fc1.mul1,vision,model-00002-of-00002.safetensors,I32,,4,,,,,,
model.visual.blocks.4.mlp.linear_fc1.suh,vision,model-00002-of-00002.safetensors,F16,1152,2304,,,,,,
model.visual.blocks.4.mlp.linear_fc1.svh,vision,model-00002-of-00002.safetensors,F16,4352,8704,,,,,,
model.visual.blocks.4.mlp.linear_fc1.trellis,vision,model-00002-of-00002.safetensors,I16,72x272x64,2506752,model.visual.blocks.4.mlp.linear_fc1,exl3_header_inferred,4,1152,4352,hard-eligible; heuristic/SM-dependent
model.visual.blocks.4.mlp.linear_fc2.bias,vision,model-00002-of-00002.safetensors,F16,1152,2304,,,,,,
model.visual.blocks.4.mlp.linear_fc2.mul1,vision,model-00002-of-00002.safetensors,I32,,4,,,,,,
model.visual.blocks.4.mlp.linear_fc2.suh,vision,model-00002-of-00002.safetensors,F16,4352,8704,,,,,,
model.visual.blocks.4.mlp.linear_fc2.svh,vision,model-00002-of-00002.safetensors,F16,1152,2304,,,,,,
model.visual.blocks.4.mlp.linear_fc2.trellis,vision,model-00002-of-00002.safetensors,I16,272x72x64,2506752,model.visual.blocks.4.mlp.linear_fc2,exl3_header_inferred,4,4352,1152,hard-eligible; heuristic/SM-dependent
model.visual.blocks.4.norm1.bias,vision,model-00002-of-00002.safetensors,F16,1152,2304,,,,,,
model.visual.blocks.4.norm1.weight,vision,model-00002-of-00002.safetensors,F16,1152,2304,,,,,,
model.visual.blocks.4.norm2.bias,vision,model-00002-of-00002.safetensors,F16,1152,2304,,,,,,
model.visual.blocks.4.norm2.weight,vision,model-00002-of-00002.safetensors,F16,1152,2304,,,,,,
model.visual.blocks.5.attn.k_proj.bias,vision,model-00002-of-00002.safetensors,F16,1152,2304,,,,,,
model.visual.blocks.5.attn.k_proj.mul1,vision,model-00002-of-00002.safetensors,I32,,4,,,,,,
model.visual.blocks.5.attn.k_proj.suh,vision,model-00002-of-00002.safetensors,F16,1152,2304,,,,,,
model.visual.blocks.5.attn.k_proj.svh,vision,model-00002-of-00002.safetensors,F16,1152,2304,,,,,,
model.visual.blocks.5.attn.k_proj.trellis,vision,model-00002-of-00002.safetensors,I16,72x72x64,663552,model.visual.blocks.5.attn.k_proj,exl3_header_inferred,4,1152,1152,hard-eligible; heuristic/SM-dependent
model.visual.blocks.5.attn.proj.bias,vision,model-00002-of-00002.safetensors,F16,1152,2304,,,,,,
model.visual.blocks.5.attn.proj.mul1,vision,model-00002-of-00002.safetensors,I32,,4,,,,,,
model.visual.blocks.5.attn.proj.suh,vision,model-00002-of-00002.safetensors,F16,1152,2304,,,,,,
model.visual.blocks.5.attn.proj.svh,vision,model-00002-of-00002.safetensors,F16,1152,2304,,,,,,
model.visual.blocks.5.attn.proj.trellis,vision,model-00002-of-00002.safetensors,I16,72x72x64,663552,model.visual.blocks.5.attn.proj,exl3_header_inferred,4,1152,1152,hard-eligible; heuristic/SM-dependent
model.visual.blocks.5.attn.q_proj.bias,vision,model-00002-of-00002.safetensors,F16,1152,2304,,,,,,
model.visual.blocks.5.attn.q_proj.mul1,vision,model-00002-of-00002.safetensors,I32,,4,,,,,,
model.visual.blocks.5.attn.q_proj.suh,vision,model-00002-of-00002.safetensors,F16,1152,2304,,,,,,
model.visual.blocks.5.attn.q_proj.svh,vision,model-00002-of-00002.safetensors,F16,1152,2304,,,,,,
model.visual.blocks.5.attn.q_proj.trellis,vision,model-00002-of-00002.safetensors,I16,72x72x64,663552,model.visual.blocks.5.attn.q_proj,exl3_header_inferred,4,1152,1152,hard-eligible; heuristic/SM-dependent
model.visual.blocks.5.attn.qkv.bias,vision,model-00002-of-00002.safetensors,F16,3456,6912,,,,,,
model.visual.blocks.5.attn.qkv.weight,vision,model-00002-of-00002.safetensors,F16,3456x1152,7962624,,,,,,
model.visual.blocks.5.attn.v_proj.bias,vision,model-00002-of-00002.safetensors,F16,1152,2304,,,,,,
model.visual.blocks.5.attn.v_proj.mul1,vision,model-00002-of-00002.safetensors,I32,,4,,,,,,
model.visual.blocks.5.attn.v_proj.suh,vision,model-00002-of-00002.safetensors,F16,1152,2304,,,,,,
model.visual.blocks.5.attn.v_proj.svh,vision,model-00002-of-00002.safetensors,F16,1152,2304,,,,,,
model.visual.blocks.5.attn.v_proj.trellis,vision,model-00002-of-00002.safetensors,I16,72x72x64,663552,model.visual.blocks.5.attn.v_proj,exl3_header_inferred,4,1152,1152,hard-eligible; heuristic/SM-dependent
model.visual.blocks.5.mlp.linear_fc1.bias,vision,model-00002-of-00002.safetensors,F16,4352,8704,,,,,,
model.visual.blocks.5.mlp.linear_fc1.mul1,vision,model-00002-of-00002.safetensors,I32,,4,,,,,,
model.visual.blocks.5.mlp.linear_fc1.suh,vision,model-00002-of-00002.safetensors,F16,1152,2304,,,,,,
model.visual.blocks.5.mlp.linear_fc1.svh,vision,model-00002-of-00002.safetensors,F16,4352,8704,,,,,,
model.visual.blocks.5.mlp.linear_fc1.trellis,vision,model-00002-of-00002.safetensors,I16,72x272x64,2506752,model.visual.blocks.5.mlp.linear_fc1,exl3_header_inferred,4,1152,4352,hard-eligible; heuristic/SM-dependent
model.visual.blocks.5.mlp.linear_fc2.bias,vision,model-00002-of-00002.safetensors,F16,1152,2304,,,,,,
model.visual.blocks.5.mlp.linear_fc2.mul1,vision,model-00002-of-00002.safetensors,I32,,4,,,,,,
model.visual.blocks.5.mlp.linear_fc2.suh,vision,model-00002-of-00002.safetensors,F16,4352,8704,,,,,,
model.visual.blocks.5.mlp.linear_fc2.svh,vision,model-00002-of-00002.safetensors,F16,1152,2304,,,,,,
model.visual.blocks.5.mlp.linear_fc2.trellis,vision,model-00002-of-00002.safetensors,I16,272x72x64,2506752,model.visual.blocks.5.mlp.linear_fc2,exl3_header_inferred,4,4352,1152,hard-eligible; heuristic/SM-dependent
model.visual.blocks.5.norm1.bias,vision,model-00002-of-00002.safetensors,F16,1152,2304,,,,,,
model.visual.blocks.5.norm1.weight,vision,model-00002-of-00002.safetensors,F16,1152,2304,,,,,,
model.visual.blocks.5.norm2.bias,vision,model-00002-of-00002.safetensors,F16,1152,2304,,,,,,
model.visual.blocks.5.norm2.weight,vision,model-00002-of-00002.safetensors,F16,1152,2304,,,,,,
model.visual.blocks.6.attn.k_proj.bias,vision,model-00002-of-00002.safetensors,F16,1152,2304,,,,,,
model.visual.blocks.6.attn.k_proj.mul1,vision,model-00002-of-00002.safetensors,I32,,4,,,,,,
model.visual.blocks.6.attn.k_proj.suh,vision,model-00002-of-00002.safetensors,F16,1152,2304,,,,,,
model.visual.blocks.6.attn.k_proj.svh,vision,model-00002-of-00002.safetensors,F16,1152,2304,,,,,,
model.visual.blocks.6.attn.k_proj.trellis,vision,model-00002-of-00002.safetensors,I16,72x72x64,663552,model.visual.blocks.6.attn.k_proj,exl3_header_inferred,4,1152,1152,hard-eligible; heuristic/SM-dependent
model.visual.blocks.6.attn.proj.bias,vision,model-00002-of-00002.safetensors,F16,1152,2304,,,,,,
model.visual.blocks.6.attn.proj.mul1,vision,model-00002-of-00002.safetensors,I32,,4,,,,,,
model.visual.blocks.6.attn.proj.suh,vision,model-00002-of-00002.safetensors,F16,1152,2304,,,,,,
model.visual.blocks.6.attn.proj.svh,vision,model-00002-of-00002.safetensors,F16,1152,2304,,,,,,
model.visual.blocks.6.attn.proj.trellis,vision,model-00002-of-00002.safetensors,I16,72x72x64,663552,model.visual.blocks.6.attn.proj,exl3_header_inferred,4,1152,1152,hard-eligible; heuristic/SM-dependent
model.visual.blocks.6.attn.q_proj.bias,vision,model-00002-of-00002.safetensors,F16,1152,2304,,,,,,
model.visual.blocks.6.attn.q_proj.mul1,vision,model-00002-of-00002.safetensors,I32,,4,,,,,,
model.visual.blocks.6.attn.q_proj.suh,vision,model-00002-of-00002.safetensors,F16,1152,2304,,,,,,
model.visual.blocks.6.attn.q_proj.svh,vision,model-00002-of-00002.safetensors,F16,1152,2304,,,,,,
model.visual.blocks.6.attn.q_proj.trellis,vision,model-00002-of-00002.safetensors,I16,72x72x64,663552,model.visual.blocks.6.attn.q_proj,exl3_header_inferred,4,1152,1152,hard-eligible; heuristic/SM-dependent
model.visual.blocks.6.attn.qkv.bias,vision,model-00002-of-00002.safetensors,F16,3456,6912,,,,,,
model.visual.blocks.6.attn.qkv.weight,vision,model-00002-of-00002.safetensors,F16,3456x1152,7962624,,,,,,
model.visual.blocks.6.attn.v_proj.bias,vision,model-00002-of-00002.safetensors,F16,1152,2304,,,,,,
model.visual.blocks.6.attn.v_proj.mul1,vision,model-00002-of-00002.safetensors,I32,,4,,,,,,
model.visual.blocks.6.attn.v_proj.suh,vision,model-00002-of-00002.safetensors,F16,1152,2304,,,,,,
model.visual.blocks.6.attn.v_proj.svh,vision,model-00002-of-00002.safetensors,F16,1152,2304,,,,,,
model.visual.blocks.6.attn.v_proj.trellis,vision,model-00002-of-00002.safetensors,I16,72x72x64,663552,model.visual.blocks.6.attn.v_proj,exl3_header_inferred,4,1152,1152,hard-eligible; heuristic/SM-dependent
model.visual.blocks.6.mlp.linear_fc1.bias,vision,model-00002-of-00002.safetensors,F16,4352,8704,,,,,,
model.visual.blocks.6.mlp.linear_fc1.mul1,vision,model-00002-of-00002.safetensors,I32,,4,,,,,,
model.visual.blocks.6.mlp.linear_fc1.suh,vision,model-00002-of-00002.safetensors,F16,1152,2304,,,,,,
model.visual.blocks.6.mlp.linear_fc1.svh,vision,model-00002-of-00002.safetensors,F16,4352,8704,,,,,,
model.visual.blocks.6.mlp.linear_fc1.trellis,vision,model-00002-of-00002.safetensors,I16,72x272x64,2506752,model.visual.blocks.6.mlp.linear_fc1,exl3_header_inferred,4,1152,4352,hard-eligible; heuristic/SM-dependent
model.visual.blocks.6.mlp.linear_fc2.bias,vision,model-00002-of-00002.safetensors,F16,1152,2304,,,,,,
model.visual.blocks.6.mlp.linear_fc2.mul1,vision,model-00002-of-00002.safetensors,I32,,4,,,,,,
model.visual.blocks.6.mlp.linear_fc2.suh,vision,model-00002-of-00002.safetensors,F16,4352,8704,,,,,,
model.visual.blocks.6.mlp.linear_fc2.svh,vision,model-00002-of-00002.safetensors,F16,1152,2304,,,,,,
model.visual.blocks.6.mlp.linear_fc2.trellis,vision,model-00002-of-00002.safetensors,I16,272x72x64,2506752,model.visual.blocks.6.mlp.linear_fc2,exl3_header_inferred,4,4352,1152,hard-eligible; heuristic/SM-dependent
model.visual.blocks.6.norm1.bias,vision,model-00002-of-00002.safetensors,F16,1152,2304,,,,,,
model.visual.blocks.6.norm1.weight,vision,model-00002-of-00002.safetensors,F16,1152,2304,,,,,,
model.visual.blocks.6.norm2.bias,vision,model-00002-of-00002.safetensors,F16,1152,2304,,,,,,
model.visual.blocks.6.norm2.weight,vision,model-00002-of-00002.safetensors,F16,1152,2304,,,,,,
model.visual.blocks.7.attn.k_proj.bias,vision,model-00002-of-00002.safetensors,F16,1152,2304,,,,,,
model.visual.blocks.7.attn.k_proj.mul1,vision,model-00002-of-00002.safetensors,I32,,4,,,,,,
model.visual.blocks.7.attn.k_proj.suh,vision,model-00002-of-00002.safetensors,F16,1152,2304,,,,,,
model.visual.blocks.7.attn.k_proj.svh,vision,model-00002-of-00002.safetensors,F16,1152,2304,,,,,,
model.visual.blocks.7.attn.k_proj.trellis,vision,model-00002-of-00002.safetensors,I16,72x72x64,663552,model.visual.blocks.7.attn.k_proj,exl3_header_inferred,4,1152,1152,hard-eligible; heuristic/SM-dependent
model.visual.blocks.7.attn.proj.bias,vision,model-00002-of-00002.safetensors,F16,1152,2304,,,,,,
model.visual.blocks.7.attn.proj.mul1,vision,model-00002-of-00002.safetensors,I32,,4,,,,,,
model.visual.blocks.7.attn.proj.suh,vision,model-00002-of-00002.safetensors,F16,1152,2304,,,,,,
model.visual.blocks.7.attn.proj.svh,vision,model-00002-of-00002.safetensors,F16,1152,2304,,,,,,
model.visual.blocks.7.attn.proj.trellis,vision,model-00002-of-00002.safetensors,I16,72x72x64,663552,model.visual.blocks.7.attn.proj,exl3_header_inferred,4,1152,1152,hard-eligible; heuristic/SM-dependent
model.visual.blocks.7.attn.q_proj.bias,vision,model-00002-of-00002.safetensors,F16,1152,2304,,,,,,
model.visual.blocks.7.attn.q_proj.mul1,vision,model-00002-of-00002.safetensors,I32,,4,,,,,,
model.visual.blocks.7.attn.q_proj.suh,vision,model-00002-of-00002.safetensors,F16,1152,2304,,,,,,
model.visual.blocks.7.attn.q_proj.svh,vision,model-00002-of-00002.safetensors,F16,1152,2304,,,,,,
model.visual.blocks.7.attn.q_proj.trellis,vision,model-00002-of-00002.safetensors,I16,72x72x64,663552,model.visual.blocks.7.attn.q_proj,exl3_header_inferred,4,1152,1152,hard-eligible; heuristic/SM-dependent
model.visual.blocks.7.attn.qkv.bias,vision,model-00002-of-00002.safetensors,F16,3456,6912,,,,,,
model.visual.blocks.7.attn.qkv.weight,vision,model-00002-of-00002.safetensors,F16,3456x1152,7962624,,,,,,
model.visual.blocks.7.attn.v_proj.bias,vision,model-00002-of-00002.safetensors,F16,1152,2304,,,,,,
model.visual.blocks.7.attn.v_proj.mul1,vision,model-00002-of-00002.safetensors,I32,,4,,,,,,
model.visual.blocks.7.attn.v_proj.suh,vision,model-00002-of-00002.safetensors,F16,1152,2304,,,,,,
model.visual.blocks.7.attn.v_proj.svh,vision,model-00002-of-00002.safetensors,F16,1152,2304,,,,,,
model.visual.blocks.7.attn.v_proj.trellis,vision,model-00002-of-00002.safetensors,I16,72x72x64,663552,model.visual.blocks.7.attn.v_proj,exl3_header_inferred,4,1152,1152,hard-eligible; heuristic/SM-dependent
model.visual.blocks.7.mlp.linear_fc1.bias,vision,model-00002-of-00002.safetensors,F16,4352,8704,,,,,,
model.visual.blocks.7.mlp.linear_fc1.mul1,vision,model-00002-of-00002.safetensors,I32,,4,,,,,,
model.visual.blocks.7.mlp.linear_fc1.suh,vision,model-00002-of-00002.safetensors,F16,1152,2304,,,,,,
model.visual.blocks.7.mlp.linear_fc1.svh,vision,model-00002-of-00002.safetensors,F16,4352,8704,,,,,,
model.visual.blocks.7.mlp.linear_fc1.trellis,vision,model-00002-of-00002.safetensors,I16,72x272x64,2506752,model.visual.blocks.7.mlp.linear_fc1,exl3_header_inferred,4,1152,4352,hard-eligible; heuristic/SM-dependent
model.visual.blocks.7.mlp.linear_fc2.bias,vision,model-00002-of-00002.safetensors,F16,1152,2304,,,,,,
model.visual.blocks.7.mlp.linear_fc2.mul1,vision,model-00002-of-00002.safetensors,I32,,4,,,,,,
model.visual.blocks.7.mlp.linear_fc2.suh,vision,model-00002-of-00002.safetensors,F16,4352,8704,,,,,,
model.visual.blocks.7.mlp.linear_fc2.svh,vision,model-00002-of-00002.safetensors,F16,1152,2304,,,,,,
model.visual.blocks.7.mlp.linear_fc2.trellis,vision,model-00002-of-00002.safetensors,I16,272x72x64,2506752,model.visual.blocks.7.mlp.linear_fc2,exl3_header_inferred,4,4352,1152,hard-eligible; heuristic/SM-dependent
model.visual.blocks.7.norm1.bias,vision,model-00002-of-00002.safetensors,F16,1152,2304,,,,,,
model.visual.blocks.7.norm1.weight,vision,model-00002-of-00002.safetensors,F16,1152,2304,,,,,,
model.visual.blocks.7.norm2.bias,vision,model-00002-of-00002.safetensors,F16,1152,2304,,,,,,
model.visual.blocks.7.norm2.weight,vision,model-00002-of-00002.safetensors,F16,1152,2304,,,,,,
model.visual.blocks.8.attn.k_proj.bias,vision,model-00002-of-00002.safetensors,F16,1152,2304,,,,,,
model.visual.blocks.8.attn.k_proj.mul1,vision,model-00002-of-00002.safetensors,I32,,4,,,,,,
model.visual.blocks.8.attn.k_proj.suh,vision,model-00002-of-00002.safetensors,F16,1152,2304,,,,,,
model.visual.blocks.8.attn.k_proj.svh,vision,model-00002-of-00002.safetensors,F16,1152,2304,,,,,,
model.visual.blocks.8.attn.k_proj.trellis,vision,model-00002-of-00002.safetensors,I16,72x72x64,663552,model.visual.blocks.8.attn.k_proj,exl3_header_inferred,4,1152,1152,hard-eligible; heuristic/SM-dependent
model.visual.blocks.8.attn.proj.bias,vision,model-00002-of-00002.safetensors,F16,1152,2304,,,,,,
model.visual.blocks.8.attn.proj.mul1,vision,model-00002-of-00002.safetensors,I32,,4,,,,,,
model.visual.blocks.8.attn.proj.suh,vision,model-00002-of-00002.safetensors,F16,1152,2304,,,,,,
model.visual.blocks.8.attn.proj.svh,vision,model-00002-of-00002.safetensors,F16,1152,2304,,,,,,
model.visual.blocks.8.attn.proj.trellis,vision,model-00002-of-00002.safetensors,I16,72x72x64,663552,model.visual.blocks.8.attn.proj,exl3_header_inferred,4,1152,1152,hard-eligible; heuristic/SM-dependent
model.visual.blocks.8.attn.q_proj.bias,vision,model-00002-of-00002.safetensors,F16,1152,2304,,,,,,
model.visual.blocks.8.attn.q_proj.mul1,vision,model-00002-of-00002.safetensors,I32,,4,,,,,,
model.visual.blocks.8.attn.q_proj.suh,vision,model-00002-of-00002.safetensors,F16,1152,2304,,,,,,
model.visual.blocks.8.attn.q_proj.svh,vision,model-00002-of-00002.safetensors,F16,1152,2304,,,,,,
model.visual.blocks.8.attn.q_proj.trellis,vision,model-00002-of-00002.safetensors,I16,72x72x64,663552,model.visual.blocks.8.attn.q_proj,exl3_header_inferred,4,1152,1152,hard-eligible; heuristic/SM-dependent
model.visual.blocks.8.attn.qkv.bias,vision,model-00002-of-00002.safetensors,F16,3456,6912,,,,,,
model.visual.blocks.8.attn.qkv.weight,vision,model-00002-of-00002.safetensors,F16,3456x1152,7962624,,,,,,
model.visual.blocks.8.attn.v_proj.bias,vision,model-00002-of-00002.safetensors,F16,1152,2304,,,,,,
model.visual.blocks.8.attn.v_proj.mul1,vision,model-00002-of-00002.safetensors,I32,,4,,,,,,
model.visual.blocks.8.attn.v_proj.suh,vision,model-00002-of-00002.safetensors,F16,1152,2304,,,,,,
model.visual.blocks.8.attn.v_proj.svh,vision,model-00002-of-00002.safetensors,F16,1152,2304,,,,,,
model.visual.blocks.8.attn.v_proj.trellis,vision,model-00002-of-00002.safetensors,I16,72x72x64,663552,model.visual.blocks.8.attn.v_proj,exl3_header_inferred,4,1152,1152,hard-eligible; heuristic/SM-dependent
model.visual.blocks.8.mlp.linear_fc1.bias,vision,model-00002-of-00002.safetensors,F16,4352,8704,,,,,,
model.visual.blocks.8.mlp.linear_fc1.mul1,vision,model-00002-of-00002.safetensors,I32,,4,,,,,,
model.visual.blocks.8.mlp.linear_fc1.suh,vision,model-00002-of-00002.safetensors,F16,1152,2304,,,,,,
model.visual.blocks.8.mlp.linear_fc1.svh,vision,model-00002-of-00002.safetensors,F16,4352,8704,,,,,,
model.visual.blocks.8.mlp.linear_fc1.trellis,vision,model-00002-of-00002.safetensors,I16,72x272x64,2506752,model.visual.blocks.8.mlp.linear_fc1,exl3_header_inferred,4,1152,4352,hard-eligible; heuristic/SM-dependent
model.visual.blocks.8.mlp.linear_fc2.bias,vision,model-00002-of-00002.safetensors,F16,1152,2304,,,,,,
model.visual.blocks.8.mlp.linear_fc2.mul1,vision,model-00002-of-00002.safetensors,I32,,4,,,,,,
model.visual.blocks.8.mlp.linear_fc2.suh,vision,model-00002-of-00002.safetensors,F16,4352,8704,,,,,,
model.visual.blocks.8.mlp.linear_fc2.svh,vision,model-00002-of-00002.safetensors,F16,1152,2304,,,,,,
model.visual.blocks.8.mlp.linear_fc2.trellis,vision,model-00002-of-00002.safetensors,I16,272x72x64,2506752,model.visual.blocks.8.mlp.linear_fc2,exl3_header_inferred,4,4352,1152,hard-eligible; heuristic/SM-dependent
model.visual.blocks.8.norm1.bias,vision,model-00002-of-00002.safetensors,F16,1152,2304,,,,,,
model.visual.blocks.8.norm1.weight,vision,model-00002-of-00002.safetensors,F16,1152,2304,,,,,,
model.visual.blocks.8.norm2.bias,vision,model-00002-of-00002.safetensors,F16,1152,2304,,,,,,
model.visual.blocks.8.norm2.weight,vision,model-00002-of-00002.safetensors,F16,1152,2304,,,,,,
model.visual.blocks.9.attn.k_proj.bias,vision,model-00002-of-00002.safetensors,F16,1152,2304,,,,,,
model.visual.blocks.9.attn.k_proj.mul1,vision,model-00002-of-00002.safetensors,I32,,4,,,,,,
model.visual.blocks.9.attn.k_proj.suh,vision,model-00002-of-00002.safetensors,F16,1152,2304,,,,,,
model.visual.blocks.9.attn.k_proj.svh,vision,model-00002-of-00002.safetensors,F16,1152,2304,,,,,,
model.visual.blocks.9.attn.k_proj.trellis,vision,model-00002-of-00002.safetensors,I16,72x72x64,663552,model.visual.blocks.9.attn.k_proj,exl3_header_inferred,4,1152,1152,hard-eligible; heuristic/SM-dependent
model.visual.blocks.9.attn.proj.bias,vision,model-00002-of-00002.safetensors,F16,1152,2304,,,,,,
model.visual.blocks.9.attn.proj.mul1,vision,model-00002-of-00002.safetensors,I32,,4,,,,,,
model.visual.blocks.9.attn.proj.suh,vision,model-00002-of-00002.safetensors,F16,1152,2304,,,,,,
model.visual.blocks.9.attn.proj.svh,vision,model-00002-of-00002.safetensors,F16,1152,2304,,,,,,
model.visual.blocks.9.attn.proj.trellis,vision,model-00002-of-00002.safetensors,I16,72x72x64,663552,model.visual.blocks.9.attn.proj,exl3_header_inferred,4,1152,1152,hard-eligible; heuristic/SM-dependent
model.visual.blocks.9.attn.q_proj.bias,vision,model-00002-of-00002.safetensors,F16,1152,2304,,,,,,
model.visual.blocks.9.attn.q_proj.mul1,vision,model-00002-of-00002.safetensors,I32,,4,,,,,,
model.visual.blocks.9.attn.q_proj.suh,vision,model-00002-of-00002.safetensors,F16,1152,2304,,,,,,
model.visual.blocks.9.attn.q_proj.svh,vision,model-00002-of-00002.safetensors,F16,1152,2304,,,,,,
model.visual.blocks.9.attn.q_proj.trellis,vision,model-00002-of-00002.safetensors,I16,72x72x64,663552,model.visual.blocks.9.attn.q_proj,exl3_header_inferred,4,1152,1152,hard-eligible; heuristic/SM-dependent
model.visual.blocks.9.attn.qkv.bias,vision,model-00002-of-00002.safetensors,F16,3456,6912,,,,,,
model.visual.blocks.9.attn.qkv.weight,vision,model-00002-of-00002.safetensors,F16,3456x1152,7962624,,,,,,
model.visual.blocks.9.attn.v_proj.bias,vision,model-00002-of-00002.safetensors,F16,1152,2304,,,,,,
model.visual.blocks.9.attn.v_proj.mul1,vision,model-00002-of-00002.safetensors,I32,,4,,,,,,
model.visual.blocks.9.attn.v_proj.suh,vision,model-00002-of-00002.safetensors,F16,1152,2304,,,,,,
model.visual.blocks.9.attn.v_proj.svh,vision,model-00002-of-00002.safetensors,F16,1152,2304,,,,,,
model.visual.blocks.9.attn.v_proj.trellis,vision,model-00002-of-00002.safetensors,I16,72x72x64,663552,model.visual.blocks.9.attn.v_proj,exl3_header_inferred,4,1152,1152,hard-eligible; heuristic/SM-dependent
model.visual.blocks.9.mlp.linear_fc1.bias,vision,model-00002-of-00002.safetensors,F16,4352,8704,,,,,,
model.visual.blocks.9.mlp.linear_fc1.mul1,vision,model-00002-of-00002.safetensors,I32,,4,,,,,,
model.visual.blocks.9.mlp.linear_fc1.suh,vision,model-00002-of-00002.safetensors,F16,1152,2304,,,,,,
model.visual.blocks.9.mlp.linear_fc1.svh,vision,model-00002-of-00002.safetensors,F16,4352,8704,,,,,,
model.visual.blocks.9.mlp.linear_fc1.trellis,vision,model-00002-of-00002.safetensors,I16,72x272x64,2506752,model.visual.blocks.9.mlp.linear_fc1,exl3_header_inferred,4,1152,4352,hard-eligible; heuristic/SM-dependent
model.visual.blocks.9.mlp.linear_fc2.bias,vision,model-00002-of-00002.safetensors,F16,1152,2304,,,,,,
model.visual.blocks.9.mlp.linear_fc2.mul1,vision,model-00002-of-00002.safetensors,I32,,4,,,,,,
model.visual.blocks.9.mlp.linear_fc2.suh,vision,model-00002-of-00002.safetensors,F16,4352,8704,,,,,,
model.visual.blocks.9.mlp.linear_fc2.svh,vision,model-00002-of-00002.safetensors,F16,1152,2304,,,,,,
model.visual.blocks.9.mlp.linear_fc2.trellis,vision,model-00002-of-00002.safetensors,I16,272x72x64,2506752,model.visual.blocks.9.mlp.linear_fc2,exl3_header_inferred,4,4352,1152,hard-eligible; heuristic/SM-dependent
model.visual.blocks.9.norm1.bias,vision,model-00002-of-00002.safetensors,F16,1152,2304,,,,,,
model.visual.blocks.9.norm1.weight,vision,model-00002-of-00002.safetensors,F16,1152,2304,,,,,,
model.visual.blocks.9.norm2.bias,vision,model-00002-of-00002.safetensors,F16,1152,2304,,,,,,
model.visual.blocks.9.norm2.weight,vision,model-00002-of-00002.safetensors,F16,1152,2304,,,,,,
model.visual.merger.linear_fc1.bias,vision,model-00002-of-00002.safetensors,F16,4608,9216,,,,,,
model.visual.merger.linear_fc1.mul1,vision,model-00002-of-00002.safetensors,I32,,4,,,,,,
model.visual.merger.linear_fc1.suh,vision,model-00002-of-00002.safetensors,F16,4608,9216,,,,,,
model.visual.merger.linear_fc1.svh,vision,model-00002-of-00002.safetensors,F16,4608,9216,,,,,,
model.visual.merger.linear_fc1.trellis,vision,model-00002-of-00002.safetensors,I16,288x288x64,10616832,model.visual.merger.linear_fc1,exl3_header_inferred,4,4608,4608,hard-eligible; heuristic/SM-dependent
model.visual.merger.linear_fc2.bias,vision,model-00002-of-00002.safetensors,F16,5120,10240,,,,,,
model.visual.merger.linear_fc2.mul1,vision,model-00002-of-00002.safetensors,I32,,4,,,,,,
model.visual.merger.linear_fc2.suh,vision,model-00002-of-00002.safetensors,F16,4608,9216,,,,,,
model.visual.merger.linear_fc2.svh,vision,model-00002-of-00002.safetensors,F16,5120,10240,,,,,,
model.visual.merger.linear_fc2.trellis,vision,model-00002-of-00002.safetensors,I16,288x320x64,11796480,model.visual.merger.linear_fc2,exl3_header_inferred,4,4608,5120,hard-eligible; heuristic/SM-dependent
model.visual.merger.norm.bias,vision,model-00002-of-00002.safetensors,F16,1152,2304,,,,,,
model.visual.merger.norm.weight,vision,model-00002-of-00002.safetensors,F16,1152,2304,,,,,,
model.visual.patch_embed.proj.bias,vision,model-00002-of-00002.safetensors,F16,1152,2304,,,,,,
model.visual.patch_embed.proj.weight,vision,model-00002-of-00002.safetensors,F16,1152x3x2x16x16,3538944,,,,,,
model.visual.pos_embed.weight,vision,model-00002-of-00002.safetensors,F16,2304x1152,5308416,,,,,,
mtp.fc.mul1,mtp,model-00002-of-00002.safetensors,I32,,4,,,,,,
mtp.fc.suh,mtp,model-00002-of-00002.safetensors,F16,10240,20480,,,,,,
mtp.fc.svh,mtp,model-00002-of-00002.safetensors,F16,5120,10240,,,,,,
mtp.fc.trellis,mtp,model-00002-of-00002.safetensors,I16,640x320x48,19660800,mtp.fc,exl3_header_inferred,3,10240,5120,hard-eligible; heuristic/SM-dependent
mtp.layers.0.input_layernorm.weight,mtp,model-00002-of-00002.safetensors,BF16,5120,10240,,,,,,
mtp.layers.0.mlp.down_proj.mul1,mtp,model-00002-of-00002.safetensors,I32,,4,,,,,,
mtp.layers.0.mlp.down_proj.suh,mtp,model-00002-of-00002.safetensors,F16,17408,34816,,,,,,
mtp.layers.0.mlp.down_proj.svh,mtp,model-00002-of-00002.safetensors,F16,5120,10240,,,,,,
mtp.layers.0.mlp.down_proj.trellis,mtp,model-00002-of-00002.safetensors,I16,1088x320x48,33423360,mtp.layers.0.mlp.down_proj,exl3_header_inferred,3,17408,5120,hard-eligible; heuristic/SM-dependent
mtp.layers.0.mlp.gate_proj.mul1,mtp,model-00002-of-00002.safetensors,I32,,4,,,,,,
mtp.layers.0.mlp.gate_proj.suh,mtp,model-00002-of-00002.safetensors,F16,5120,10240,,,,,,
mtp.layers.0.mlp.gate_proj.svh,mtp,model-00002-of-00002.safetensors,F16,17408,34816,,,,,,
mtp.layers.0.mlp.gate_proj.trellis,mtp,model-00002-of-00002.safetensors,I16,320x1088x48,33423360,mtp.layers.0.mlp.gate_proj,exl3_header_inferred,3,5120,17408,hard-eligible; heuristic/SM-dependent
mtp.layers.0.mlp.up_proj.mul1,mtp,model-00002-of-00002.safetensors,I32,,4,,,,,,
mtp.layers.0.mlp.up_proj.suh,mtp,model-00002-of-00002.safetensors,F16,5120,10240,,,,,,
mtp.layers.0.mlp.up_proj.svh,mtp,model-00002-of-00002.safetensors,F16,17408,34816,,,,,,
mtp.layers.0.mlp.up_proj.trellis,mtp,model-00002-of-00002.safetensors,I16,320x1088x48,33423360,mtp.layers.0.mlp.up_proj,exl3_header_inferred,3,5120,17408,hard-eligible; heuristic/SM-dependent
mtp.layers.0.post_attention_layernorm.weight,mtp,model-00002-of-00002.safetensors,BF16,5120,10240,,,,,,
mtp.layers.0.self_attn.k_norm.weight,mtp,model-00002-of-00002.safetensors,BF16,256,512,,,,,,
mtp.layers.0.self_attn.k_proj.mul1,mtp,model-00002-of-00002.safetensors,I32,,4,,,,,,
mtp.layers.0.self_attn.k_proj.suh,mtp,model-00002-of-00002.safetensors,F16,5120,10240,,,,,,
mtp.layers.0.self_attn.k_proj.svh,mtp,model-00002-of-00002.safetensors,F16,1024,2048,,,,,,
mtp.layers.0.self_attn.k_proj.trellis,mtp,model-00002-of-00002.safetensors,I16,320x64x48,1966080,mtp.layers.0.self_attn.k_proj,exl3_header_inferred,3,5120,1024,hard-eligible; heuristic/SM-dependent
mtp.layers.0.self_attn.o_proj.mul1,mtp,model-00002-of-00002.safetensors,I32,,4,,,,,,
mtp.layers.0.self_attn.o_proj.suh,mtp,model-00002-of-00002.safetensors,F16,6144,12288,,,,,,
mtp.layers.0.self_attn.o_proj.svh,mtp,model-00002-of-00002.safetensors,F16,5120,10240,,,,,,
mtp.layers.0.self_attn.o_proj.trellis,mtp,model-00002-of-00002.safetensors,I16,384x320x48,11796480,mtp.layers.0.self_attn.o_proj,exl3_header_inferred,3,6144,5120,hard-eligible; heuristic/SM-dependent
mtp.layers.0.self_attn.q_norm.weight,mtp,model-00002-of-00002.safetensors,BF16,256,512,,,,,,
mtp.layers.0.self_attn.q_proj.mul1,mtp,model-00002-of-00002.safetensors,I32,,4,,,,,,
mtp.layers.0.self_attn.q_proj.suh,mtp,model-00002-of-00002.safetensors,F16,5120,10240,,,,,,
mtp.layers.0.self_attn.q_proj.svh,mtp,model-00002-of-00002.safetensors,F16,12288,24576,,,,,,
mtp.layers.0.self_attn.q_proj.trellis,mtp,model-00002-of-00002.safetensors,I16,320x768x48,23592960,mtp.layers.0.self_attn.q_proj,exl3_header_inferred,3,5120,12288,hard-eligible; heuristic/SM-dependent
mtp.layers.0.self_attn.v_proj.mul1,mtp,model-00002-of-00002.safetensors,I32,,4,,,,,,
mtp.layers.0.self_attn.v_proj.suh,mtp,model-00002-of-00002.safetensors,F16,5120,10240,,,,,,
mtp.layers.0.self_attn.v_proj.svh,mtp,model-00002-of-00002.safetensors,F16,1024,2048,,,,,,
mtp.layers.0.self_attn.v_proj.trellis,mtp,model-00002-of-00002.safetensors,I16,320x64x48,1966080,mtp.layers.0.self_attn.v_proj,exl3_header_inferred,3,5120,1024,hard-eligible; heuristic/SM-dependent
mtp.norm.weight,mtp,model-00002-of-00002.safetensors,BF16,5120,10240,,,,,,
mtp.pre_fc_norm_embedding.weight,mtp,model-00002-of-00002.safetensors,BF16,5120,10240,,,,,,
mtp.pre_fc_norm_hidden.weight,mtp,model-00002-of-00002.safetensors,BF16,5120,10240,,,,,,
